   1249995000.0000000        1456159.3810651107        11376.000000000000        31.381065110675991        88.259245623776224     
  1   1  0.000E+00  0.000E+00 -0.999E+03  0.154E-43  0.178E+10  0.104E+00  0.155E+04  0.621E-01  0.430E+02      1.
  1   2  0.912E-30  0.000E+00 -0.999E+03  0.154E-43  0.220E+10  0.104E+00  0.177E+04  0.621E-01  0.452E+02      1.
  1   3  0.111E-28  0.000E+00 -0.999E+03  0.154E-43  0.333E+10  0.104E+00  0.279E+04  0.621E-01  0.743E+02      1.
  1   4  0.134E-27  0.000E+00 -0.999E+03  0.154E-43  0.466E+10  0.104E+00  0.387E+04  0.621E-01  0.102E+03      1.
  1   5  0.178E-26  0.000E+00 -0.999E+03  0.154E-43  0.614E+10  0.104E+00  0.489E+04  0.621E-01  0.123E+03      1.
  1   6  0.335E-25  0.000E+00 -0.999E+03  0.154E-43  0.786E+10  0.104E+00  0.586E+04  0.621E-01  0.139E+03      1.
  1   7  0.120E-23  0.000E+00 -0.999E+03  0.154E-43  0.985E+10  0.104E+00  0.677E+04  0.621E-01  0.148E+03      1.
  1   8  0.666E-22  0.000E+00 -0.999E+03  0.154E-43  0.121E+11  0.104E+00  0.754E+04  0.621E-01  0.150E+03      1.
  1   9  0.414E-20  0.000E+00 -0.999E+03  0.154E-43  0.149E+11  0.104E+00  0.835E+04  0.621E-01  0.150E+03      1.
  1  10  0.252E-18  0.000E+00 -0.999E+03  0.154E-43  0.188E+11  0.104E+00  0.964E+04  0.620E-01  0.160E+03      1.
  1  11  0.143E-16  0.000E+00 -0.999E+03  0.154E-43  0.244E+11  0.104E+00  0.116E+05  0.620E-01  0.181E+03      1.
  1  12  0.739E-15  0.000E+00 -0.999E+03  0.154E-43  0.308E+11  0.104E+00  0.132E+05  0.620E-01  0.189E+03      1.
  1  13  0.345E-13  0.000E+00 -0.999E+03  0.154E-43  0.363E+11  0.104E+00  0.132E+05  0.620E-01  0.165E+03      1.
  1  14  0.142E-11  0.000E+00 -0.999E+03  0.154E-43  0.407E+11  0.104E+00  0.117E+05  0.619E-01  0.121E+03      1.
  1  15  0.511E-10  0.000E+00 -0.999E+03  0.154E-43  0.449E+11  0.104E+00  0.985E+04  0.619E-01  0.831E+02      1.
  1  16  0.160E-08  0.000E+00 -0.999E+03  0.154E-43  0.479E+11  0.104E+00  0.746E+04  0.618E-01  0.492E+02      1.
  1  17  0.444E-07  0.000E+00 -0.999E+03  0.154E-43  0.471E+11  0.104E+00  0.448E+04  0.619E-01  0.211E+02      1.
  1  18  0.134E-05  0.000E+00 -0.999E+03  0.154E-43  0.442E+11  0.104E+00  0.223E+04  0.620E-01  0.696E+01      1.
  1  19  0.410E-04  0.000E+00 -0.999E+03  0.154E-43  0.417E+11  0.104E+00  0.104E+04  0.623E-01  0.208E+01      1.
  1  20  0.974E-03  0.000E+00 -0.999E+03  0.154E-43  0.398E+11  0.104E+00  0.455E+03  0.572E-01  0.574E+00      1.
  1  21  0.147E-01  0.000E+00 -0.999E+03  0.154E-43  0.381E+11  0.104E+00  0.184E+03  0.374E-01  0.142E+00      1.
  1  22  0.107E+00  0.000E+00 -0.999E+03  0.154E-43  0.369E+11  0.104E+00  0.706E+02  0.188E-01  0.325E-01      1.
  1  23  0.114E-01  0.000E+00 -0.999E+03  0.154E-43  0.347E+11  0.103E+00  0.219E+02  0.859E-02  0.556E-02      1.
  1  24  0.107E-01  0.000E+00 -0.999E+03  0.154E-43  0.310E+11  0.102E+00  0.501E+01  0.408E-02  0.617E-03      1.
  1  25  0.549E-01  0.000E+00 -0.999E+03  0.154E-43  0.270E+11  0.101E+00  0.896E+00  0.226E-02  0.489E-04      1.
  1  26  0.681E+00  0.000E+00 -0.999E+03  0.154E-43  0.225E+11  0.100E+00  0.116E+00  0.156E-02  0.246E-05      1.
  1  27  0.156E+02  0.000E+00 -0.999E+03  0.154E-43  0.184E+11  0.124E-01  0.118E-01  0.129E-02  0.888E-07     64.
  1  28  0.675E+02  0.000E+00 -0.999E+03  0.154E-43  0.157E+11  0.147E-02  0.133E-02  0.121E-02  0.369E-08     64.
  1  29  0.100E+02  0.000E+00 -0.999E+03  0.154E-43  0.142E+11  0.205E-03  0.191E-03  0.123E-02  0.215E-09     32.
  1  30  0.624E+02  0.000E+00 -0.999E+03  0.154E-43  0.133E+11  0.334E-04  0.301E-04  0.128E-02  0.142E-10     32.
  1  31  0.806E+02  0.000E+00 -0.999E+03  0.154E-43  0.129E+11  0.640E-05  0.573E-05  0.134E-02  0.122E-11     16.
  1  32  0.286E+03  0.000E+00 -0.999E+03  0.154E-43  0.138E+11  0.206E-05  0.186E-05  0.140E-02  0.221E-12      8.
  1  33  0.117E+03  0.000E+00 -0.999E+03  0.154E-43  0.165E+11  0.208E-05  0.104E-05  0.145E-02  0.866E-13      8.
  1  34  0.308E+01  0.000E+00 -0.999E+03  0.154E-43  0.201E+11  0.448E-05  0.670E-06  0.150E-02  0.407E-13      4.
  1  35  0.500E+01  0.000E+00 -0.999E+03  0.154E-43  0.235E+11  0.259E-04  0.336E-06  0.154E-02  0.136E-13      4.
  1  36  0.687E+05  0.000E+00 -0.999E+03  0.154E-43  0.265E+11  0.132E-03  0.139E-06  0.158E-02  0.345E-14      4.
  1  37  0.343E+03  0.000E+00 -0.999E+03  0.154E-43  0.306E+11  0.855E-04  0.659E-07  0.161E-02  0.106E-14      2.
  1  38  0.731E+03  0.000E+00 -0.999E+03  0.154E-43  0.378E+11  0.377E-03  0.444E-07  0.163E-02  0.534E-15      2.
  1  39  0.147E+04  0.000E+00 -0.999E+03  0.154E-43  0.498E+11  0.869E-03  0.425E-07  0.165E-02  0.438E-15      2.
  1  40  0.528E+04  0.000E+00 -0.999E+03  0.154E-43  0.687E+11  0.657E-03  0.524E-07  0.167E-02  0.511E-15      1.
  1  41  0.777E+04  0.000E+00 -0.999E+03  0.154E-43  0.967E+11  0.864E-03  0.719E-07  0.169E-02  0.693E-15      1.
  1  42  0.776E+04  0.000E+00 -0.999E+03  0.154E-43  0.135E+12  0.515E-02  0.939E-07  0.170E-02  0.876E-15      2.
  1  43  0.808E+04  0.000E+00 -0.999E+03  0.154E-43  0.184E+12  0.773E-02  0.109E-06  0.171E-02  0.940E-15      2.
  1  44  0.742E+04  0.000E+00 -0.999E+03  0.154E-43  0.248E+12  0.121E-01  0.117E-06  0.172E-02  0.910E-15      2.
  1  45  0.791E+04  0.000E+00 -0.999E+03  0.154E-43  0.330E+12  0.114E-01  0.120E-06  0.172E-02  0.815E-15      1.
  1  46  0.675E+04  0.000E+00 -0.999E+03  0.154E-43  0.432E+12  0.179E-01  0.112E-06  0.173E-02  0.646E-15      1.
  1  47  0.566E+04  0.000E+00 -0.999E+03  0.154E-43  0.558E+12  0.201E-01  0.963E-07  0.173E-02  0.457E-15      1.
  1  48  0.462E+04  0.000E+00 -0.999E+03  0.154E-43  0.716E+12  0.205E-01  0.805E-07  0.174E-02  0.310E-15      1.
  1  49  0.361E+04  0.000E+00 -0.999E+03  0.154E-43  0.925E+12  0.203E-01  0.696E-07  0.174E-02  0.221E-15      1.
  1  50  0.267E+04  0.000E+00 -0.999E+03  0.154E-43  0.121E+13  0.200E-01  0.651E-07  0.175E-02  0.176E-15      1.
  1  51  0.188E+04  0.000E+00 -0.999E+03  0.154E-43  0.160E+13  0.197E-01  0.639E-07  0.175E-02  0.149E-15      1.
  1  52  0.126E+04  0.000E+00 -0.999E+03  0.154E-43  0.210E+13  0.194E-01  0.596E-07  0.175E-02  0.118E-15      1.
  1  53  0.819E+03  0.000E+00 -0.999E+03  0.154E-43  0.267E+13  0.192E-01  0.474E-07  0.175E-02  0.747E-16      1.
  1  54  0.516E+03  0.000E+00 -0.999E+03  0.154E-43  0.330E+13  0.191E-01  0.323E-07  0.175E-02  0.381E-16      1.
  1  55  0.320E+03  0.000E+00 -0.999E+03  0.154E-43  0.408E+13  0.189E-01  0.222E-07  0.176E-02  0.197E-16      1.
  1  56  0.196E+03  0.000E+00 -0.999E+03  0.154E-43  0.517E+13  0.189E-01  0.175E-07  0.176E-02  0.123E-16      1.
  1  57  0.121E+03  0.000E+00 -0.999E+03  0.154E-43  0.688E+13  0.189E-01  0.179E-07  0.176E-02  0.111E-16      1.
  1  58  0.763E+02  0.000E+00 -0.999E+03  0.154E-43  0.929E+13  0.189E-01  0.196E-07  0.176E-02  0.110E-16      1.
  1  59  0.501E+02  0.000E+00 -0.999E+03  0.154E-43  0.135E+14  0.189E-01  0.314E-07  0.176E-02  0.185E-16      1.
  2   1  0.000E+00  0.000E+00 -0.999E+03  0.154E-43  0.178E+10  0.104E+00  0.155E+04  0.621E-01  0.430E+02      1.
  2   2  0.859E-30  0.000E+00 -0.999E+03  0.154E-43  0.220E+10  0.104E+00  0.177E+04  0.621E-01  0.452E+02      1.
  2   3  0.114E-28  0.000E+00 -0.999E+03  0.154E-43  0.333E+10  0.104E+00  0.279E+04  0.621E-01  0.743E+02      1.
  2   4  0.150E-27  0.000E+00 -0.999E+03  0.154E-43  0.466E+10  0.104E+00  0.387E+04  0.621E-01  0.102E+03      1.
  2   5  0.213E-26  0.000E+00 -0.999E+03  0.154E-43  0.614E+10  0.104E+00  0.489E+04  0.621E-01  0.123E+03      1.
  2   6  0.402E-25  0.000E+00 -0.999E+03  0.154E-43  0.786E+10  0.104E+00  0.586E+04  0.621E-01  0.139E+03      1.
  2   7  0.133E-23  0.000E+00 -0.999E+03  0.154E-43  0.985E+10  0.104E+00  0.677E+04  0.621E-01  0.148E+03      1.
  2   8  0.689E-22  0.000E+00 -0.999E+03  0.154E-43  0.121E+11  0.104E+00  0.754E+04  0.621E-01  0.150E+03      1.
  2   9  0.416E-20  0.000E+00 -0.999E+03  0.154E-43  0.149E+11  0.104E+00  0.835E+04  0.621E-01  0.150E+03      1.
  2  10  0.250E-18  0.000E+00 -0.999E+03  0.154E-43  0.188E+11  0.104E+00  0.964E+04  0.620E-01  0.160E+03      1.
  2  11  0.142E-16  0.000E+00 -0.999E+03  0.154E-43  0.244E+11  0.104E+00  0.116E+05  0.620E-01  0.181E+03      1.
  2  12  0.742E-15  0.000E+00 -0.999E+03  0.154E-43  0.308E+11  0.104E+00  0.132E+05  0.620E-01  0.189E+03      1.
  2  13  0.350E-13  0.000E+00 -0.999E+03  0.154E-43  0.363E+11  0.104E+00  0.132E+05  0.620E-01  0.165E+03      1.
  2  14  0.146E-11  0.000E+00 -0.999E+03  0.154E-43  0.407E+11  0.104E+00  0.117E+05  0.619E-01  0.121E+03      1.
  2  15  0.533E-10  0.000E+00 -0.999E+03  0.154E-43  0.449E+11  0.104E+00  0.985E+04  0.619E-01  0.831E+02      1.
  2  16  0.168E-08  0.000E+00 -0.999E+03  0.154E-43  0.479E+11  0.104E+00  0.746E+04  0.618E-01  0.492E+02      1.
  2  17  0.467E-07  0.000E+00 -0.999E+03  0.154E-43  0.471E+11  0.104E+00  0.448E+04  0.619E-01  0.211E+02      1.
  2  18  0.139E-05  0.000E+00 -0.999E+03  0.154E-43  0.442E+11  0.104E+00  0.223E+04  0.620E-01  0.696E+01      1.
  2  19  0.422E-04  0.000E+00 -0.999E+03  0.154E-43  0.417E+11  0.104E+00  0.104E+04  0.623E-01  0.208E+01      1.
  2  20  0.100E-02  0.000E+00 -0.999E+03  0.154E-43  0.398E+11  0.104E+00  0.455E+03  0.572E-01  0.574E+00      1.
  2  21  0.152E-01  0.000E+00 -0.999E+03  0.154E-43  0.381E+11  0.104E+00  0.184E+03  0.374E-01  0.142E+00      1.
  2  22  0.111E+00  0.000E+00 -0.999E+03  0.154E-43  0.369E+11  0.104E+00  0.706E+02  0.188E-01  0.325E-01      1.
  2  23  0.132E-01  0.000E+00 -0.999E+03  0.154E-43  0.347E+11  0.103E+00  0.219E+02  0.859E-02  0.556E-02      1.
  2  24  0.133E-01  0.000E+00 -0.999E+03  0.154E-43  0.310E+11  0.102E+00  0.501E+01  0.408E-02  0.617E-03      1.
  2  25  0.960E-01  0.000E+00 -0.999E+03  0.154E-43  0.270E+11  0.101E+00  0.896E+00  0.226E-02  0.489E-04      1.
  2  26  0.122E+01  0.000E+00 -0.999E+03  0.154E-43  0.225E+11  0.100E+00  0.116E+00  0.156E-02  0.246E-05      1.
  2  27  0.155E+02  0.000E+00 -0.999E+03  0.154E-43  0.184E+11  0.124E-01  0.118E-01  0.129E-02  0.888E-07     64.
  2  28  0.668E+02  0.000E+00 -0.999E+03  0.154E-43  0.157E+11  0.147E-02  0.133E-02  0.121E-02  0.369E-08     64.
  2  29  0.983E+01  0.000E+00 -0.999E+03  0.154E-43  0.142E+11  0.205E-03  0.191E-03  0.123E-02  0.215E-09     32.
  2  30  0.617E+02  0.000E+00 -0.999E+03  0.154E-43  0.133E+11  0.334E-04  0.301E-04  0.128E-02  0.142E-10     32.
  2  31  0.764E+02  0.000E+00 -0.999E+03  0.154E-43  0.129E+11  0.640E-05  0.573E-05  0.134E-02  0.122E-11     16.
  2  32  0.186E+03  0.000E+00 -0.999E+03  0.154E-43  0.138E+11  0.206E-05  0.186E-05  0.140E-02  0.221E-12      8.
  2  33  0.686E+02  0.000E+00 -0.999E+03  0.154E-43  0.165E+11  0.208E-05  0.104E-05  0.145E-02  0.866E-13      8.
  2  34  0.380E+04  0.000E+00 -0.999E+03  0.154E-43  0.201E+11  0.448E-05  0.670E-06  0.150E-02  0.407E-13      4.
  2  35  0.650E+04  0.000E+00 -0.999E+03  0.154E-43  0.235E+11  0.259E-04  0.336E-06  0.154E-02  0.136E-13      4.
  2  36  0.204E+04  0.000E+00 -0.999E+03  0.154E-43  0.265E+11  0.132E-03  0.139E-06  0.158E-02  0.345E-14      4.
  2  37  0.192E+03  0.000E+00 -0.999E+03  0.154E-43  0.306E+11  0.855E-04  0.659E-07  0.161E-02  0.106E-14      2.
  2  38  0.431E+03  0.000E+00 -0.999E+03  0.154E-43  0.378E+11  0.377E-03  0.444E-07  0.163E-02  0.534E-15      2.
  2  39  0.932E+03  0.000E+00 -0.999E+03  0.154E-43  0.498E+11  0.869E-03  0.425E-07  0.165E-02  0.438E-15      2.
  2  40  0.423E+04  0.000E+00 -0.999E+03  0.154E-43  0.687E+11  0.657E-03  0.524E-07  0.167E-02  0.511E-15      1.
  2  41  0.629E+04  0.000E+00 -0.999E+03  0.154E-43  0.967E+11  0.864E-03  0.719E-07  0.169E-02  0.693E-15      1.
  2  42  0.562E+04  0.000E+00 -0.999E+03  0.154E-43  0.135E+12  0.515E-02  0.939E-07  0.170E-02  0.876E-15      2.
  2  43  0.589E+04  0.000E+00 -0.999E+03  0.154E-43  0.184E+12  0.773E-02  0.109E-06  0.171E-02  0.940E-15      2.
  2  44  0.540E+04  0.000E+00 -0.999E+03  0.154E-43  0.248E+12  0.121E-01  0.117E-06  0.172E-02  0.910E-15      2.
  2  45  0.624E+04  0.000E+00 -0.999E+03  0.154E-43  0.330E+12  0.114E-01  0.120E-06  0.172E-02  0.815E-15      1.
  2  46  0.496E+04  0.000E+00 -0.999E+03  0.154E-43  0.432E+12  0.179E-01  0.112E-06  0.173E-02  0.646E-15      1.
  2  47  0.380E+04  0.000E+00 -0.999E+03  0.154E-43  0.558E+12  0.201E-01  0.963E-07  0.173E-02  0.457E-15      1.
  2  48  0.284E+04  0.000E+00 -0.999E+03  0.154E-43  0.716E+12  0.205E-01  0.805E-07  0.174E-02  0.310E-15      1.
  2  49  0.207E+04  0.000E+00 -0.999E+03  0.154E-43  0.925E+12  0.203E-01  0.696E-07  0.174E-02  0.221E-15      1.
  2  50  0.146E+04  0.000E+00 -0.999E+03  0.154E-43  0.121E+13  0.200E-01  0.651E-07  0.175E-02  0.176E-15      1.
  2  51  0.993E+03  0.000E+00 -0.999E+03  0.154E-43  0.160E+13  0.197E-01  0.639E-07  0.175E-02  0.149E-15      1.
  2  52  0.654E+03  0.000E+00 -0.999E+03  0.154E-43  0.210E+13  0.194E-01  0.596E-07  0.175E-02  0.118E-15      1.
  2  53  0.419E+03  0.000E+00 -0.999E+03  0.154E-43  0.267E+13  0.192E-01  0.474E-07  0.175E-02  0.747E-16      1.
  2  54  0.263E+03  0.000E+00 -0.999E+03  0.154E-43  0.330E+13  0.191E-01  0.323E-07  0.175E-02  0.381E-16      1.
  2  55  0.162E+03  0.000E+00 -0.999E+03  0.154E-43  0.408E+13  0.189E-01  0.222E-07  0.176E-02  0.197E-16      1.
  2  56  0.991E+02  0.000E+00 -0.999E+03  0.154E-43  0.517E+13  0.189E-01  0.175E-07  0.176E-02  0.123E-16      1.
  2  57  0.609E+02  0.000E+00 -0.999E+03  0.154E-43  0.688E+13  0.189E-01  0.179E-07  0.176E-02  0.111E-16      1.
  2  58  0.383E+02  0.000E+00 -0.999E+03  0.154E-43  0.929E+13  0.189E-01  0.196E-07  0.176E-02  0.110E-16      1.
  2  59  0.251E+02  0.000E+00 -0.999E+03  0.154E-43  0.135E+14  0.189E-01  0.314E-07  0.176E-02  0.185E-16      1.
  3   1  0.000E+00  0.000E+00 -0.999E+03  0.154E-43  0.178E+10  0.104E+00  0.155E+04  0.621E-01  0.430E+02      1.
  3   2  0.126E-29  0.000E+00 -0.999E+03  0.154E-43  0.220E+10  0.104E+00  0.177E+04  0.621E-01  0.452E+02      1.
  3   3  0.175E-28  0.000E+00 -0.999E+03  0.154E-43  0.333E+10  0.104E+00  0.279E+04  0.621E-01  0.743E+02      1.
  3   4  0.234E-27  0.000E+00 -0.999E+03  0.154E-43  0.466E+10  0.104E+00  0.387E+04  0.621E-01  0.102E+03      1.
  3   5  0.327E-26  0.000E+00 -0.999E+03  0.154E-43  0.614E+10  0.104E+00  0.489E+04  0.621E-01  0.123E+03      1.
  3   6  0.560E-25  0.000E+00 -0.999E+03  0.154E-43  0.786E+10  0.104E+00  0.586E+04  0.621E-01  0.139E+03      1.
  3   7  0.153E-23  0.000E+00 -0.999E+03  0.154E-43  0.985E+10  0.104E+00  0.677E+04  0.621E-01  0.148E+03      1.
  3   8  0.689E-22  0.000E+00 -0.999E+03  0.154E-43  0.121E+11  0.104E+00  0.754E+04  0.621E-01  0.150E+03      1.
  3   9  0.390E-20  0.000E+00 -0.999E+03  0.154E-43  0.149E+11  0.104E+00  0.835E+04  0.621E-01  0.150E+03      1.
  3  10  0.229E-18  0.000E+00 -0.999E+03  0.154E-43  0.188E+11  0.104E+00  0.964E+04  0.620E-01  0.160E+03      1.
  3  11  0.129E-16  0.000E+00 -0.999E+03  0.154E-43  0.244E+11  0.104E+00  0.116E+05  0.620E-01  0.181E+03      1.
  3  12  0.674E-15  0.000E+00 -0.999E+03  0.154E-43  0.308E+11  0.104E+00  0.132E+05  0.620E-01  0.189E+03      1.
  3  13  0.321E-13  0.000E+00 -0.999E+03  0.154E-43  0.363E+11  0.104E+00  0.132E+05  0.620E-01  0.165E+03      1.
  3  14  0.136E-11  0.000E+00 -0.999E+03  0.154E-43  0.407E+11  0.104E+00  0.117E+05  0.619E-01  0.121E+03      1.
  3  15  0.503E-10  0.000E+00 -0.999E+03  0.154E-43  0.449E+11  0.104E+00  0.985E+04  0.619E-01  0.831E+02      1.
  3  16  0.162E-08  0.000E+00 -0.999E+03  0.154E-43  0.479E+11  0.104E+00  0.746E+04  0.618E-01  0.492E+02      1.
  3  17  0.456E-07  0.000E+00 -0.999E+03  0.154E-43  0.471E+11  0.104E+00  0.448E+04  0.619E-01  0.211E+02      1.
  3  18  0.136E-05  0.000E+00 -0.999E+03  0.154E-43  0.442E+11  0.104E+00  0.223E+04  0.620E-01  0.696E+01      1.
  3  19  0.411E-04  0.000E+00 -0.999E+03  0.154E-43  0.417E+11  0.104E+00  0.104E+04  0.623E-01  0.208E+01      1.
  3  20  0.976E-03  0.000E+00 -0.999E+03  0.154E-43  0.398E+11  0.104E+00  0.455E+03  0.572E-01  0.574E+00      1.
  3  21  0.148E-01  0.000E+00 -0.999E+03  0.154E-43  0.381E+11  0.104E+00  0.184E+03  0.374E-01  0.142E+00      1.
  3  22  0.108E+00  0.000E+00 -0.999E+03  0.154E-43  0.369E+11  0.104E+00  0.706E+02  0.188E-01  0.325E-01      1.
  3  23  0.148E-01  0.000E+00 -0.999E+03  0.154E-43  0.347E+11  0.103E+00  0.219E+02  0.859E-02  0.556E-02      1.
  3  24  0.174E-01  0.000E+00 -0.999E+03  0.154E-43  0.310E+11  0.102E+00  0.501E+01  0.408E-02  0.617E-03      1.
  3  25  0.159E+00  0.000E+00 -0.999E+03  0.154E-43  0.270E+11  0.101E+00  0.896E+00  0.226E-02  0.489E-04      1.
  3  26  0.196E+01  0.000E+00 -0.999E+03  0.154E-43  0.225E+11  0.100E+00  0.116E+00  0.156E-02  0.246E-05      1.
  3  27  0.154E+02  0.000E+00 -0.999E+03  0.154E-43  0.184E+11  0.124E-01  0.118E-01  0.129E-02  0.888E-07     64.
  3  28  0.660E+02  0.000E+00 -0.999E+03  0.154E-43  0.157E+11  0.147E-02  0.133E-02  0.121E-02  0.369E-08     64.
  3  29  0.965E+01  0.000E+00 -0.999E+03  0.154E-43  0.142E+11  0.205E-03  0.191E-03  0.123E-02  0.215E-09     32.
  3  30  0.610E+02  0.000E+00 -0.999E+03  0.154E-43  0.133E+11  0.334E-04  0.301E-04  0.128E-02  0.142E-10     32.
  3  31  0.727E+02  0.000E+00 -0.999E+03  0.154E-43  0.129E+11  0.640E-05  0.573E-05  0.134E-02  0.122E-11     16.
  3  32  0.136E+03  0.000E+00 -0.999E+03  0.154E-43  0.138E+11  0.206E-05  0.186E-05  0.140E-02  0.221E-12      8.
  3  33  0.495E+02  0.000E+00 -0.999E+03  0.154E-43  0.165E+11  0.208E-05  0.104E-05  0.145E-02  0.866E-13      8.
  3  34  0.360E+03  0.606E-41 -0.999E+03  0.154E-43  0.201E+11  0.448E-05  0.670E-06  0.150E-02  0.407E-13      4.
  3  35  0.165E+04  0.489E-39 -0.999E+03  0.154E-43  0.235E+11  0.259E-04  0.336E-06  0.154E-02  0.136E-13      4.
  3  36  0.103E+04  0.349E-37 -0.999E+03  0.154E-43  0.265E+11  0.132E-03  0.139E-06  0.158E-02  0.345E-14      4.
  3  37  0.102E+03  0.000E+00 -0.999E+03  0.154E-43  0.306E+11  0.855E-04  0.659E-07  0.161E-02  0.106E-14      2.
  3  38  0.436E+05  0.000E+00 -0.999E+03  0.154E-43  0.378E+11  0.377E-03  0.444E-07  0.163E-02  0.534E-15      2.
  3  39  0.743E+05  0.000E+00 -0.999E+03  0.154E-43  0.498E+11  0.869E-03  0.425E-07  0.165E-02  0.438E-15      2.
  3  40  0.302E+04  0.000E+00 -0.999E+03  0.154E-43  0.687E+11  0.657E-03  0.524E-07  0.167E-02  0.511E-15      1.
  3  41  0.452E+04  0.000E+00 -0.999E+03  0.154E-43  0.967E+11  0.864E-03  0.719E-07  0.169E-02  0.693E-15      1.
  3  42  0.717E+05  0.000E+00 -0.999E+03  0.154E-43  0.135E+12  0.515E-02  0.939E-07  0.170E-02  0.876E-15      2.
  3  43  0.718E+05  0.000E+00 -0.999E+03  0.154E-43  0.184E+12  0.773E-02  0.109E-06  0.171E-02  0.940E-15      2.
  3  44  0.519E+05  0.000E+00 -0.999E+03  0.154E-43  0.248E+12  0.121E-01  0.117E-06  0.172E-02  0.910E-15      2.
  3  45  0.447E+04  0.000E+00 -0.999E+03  0.154E-43  0.330E+12  0.114E-01  0.120E-06  0.172E-02  0.815E-15      1.
  3  46  0.345E+04  0.000E+00 -0.999E+03  0.154E-43  0.432E+12  0.179E-01  0.112E-06  0.173E-02  0.646E-15      1.
  3  47  0.253E+04  0.000E+00 -0.999E+03  0.154E-43  0.558E+12  0.201E-01  0.963E-07  0.173E-02  0.457E-15      1.
  3  48  0.179E+04  0.000E+00 -0.999E+03  0.154E-43  0.716E+12  0.205E-01  0.805E-07  0.174E-02  0.310E-15      1.
  3  49  0.124E+04  0.000E+00 -0.999E+03  0.154E-43  0.925E+12  0.203E-01  0.696E-07  0.174E-02  0.221E-15      1.
  3  50  0.837E+03  0.000E+00 -0.999E+03  0.154E-43  0.121E+13  0.200E-01  0.651E-07  0.175E-02  0.176E-15      1.
  3  51  0.549E+03  0.000E+00 -0.999E+03  0.154E-43  0.160E+13  0.197E-01  0.639E-07  0.175E-02  0.149E-15      1.
  3  52  0.351E+03  0.000E+00 -0.999E+03  0.154E-43  0.210E+13  0.194E-01  0.596E-07  0.175E-02  0.118E-15      1.
  3  53  0.219E+03  0.000E+00 -0.999E+03  0.154E-43  0.267E+13  0.192E-01  0.474E-07  0.175E-02  0.747E-16      1.
  3  54  0.133E+03  0.000E+00 -0.999E+03  0.154E-43  0.330E+13  0.191E-01  0.323E-07  0.175E-02  0.381E-16      1.
  3  55  0.800E+02  0.000E+00 -0.999E+03  0.154E-43  0.408E+13  0.189E-01  0.222E-07  0.176E-02  0.197E-16      1.
  3  56  0.477E+02  0.000E+00 -0.999E+03  0.154E-43  0.517E+13  0.189E-01  0.175E-07  0.176E-02  0.123E-16      1.
  3  57  0.288E+02  0.000E+00 -0.999E+03  0.154E-43  0.688E+13  0.189E-01  0.179E-07  0.176E-02  0.111E-16      1.
  3  58  0.179E+02  0.000E+00 -0.999E+03  0.154E-43  0.929E+13  0.189E-01  0.196E-07  0.176E-02  0.110E-16      1.
  3  59  0.118E+02  0.000E+00 -0.999E+03  0.154E-43  0.135E+14  0.189E-01  0.314E-07  0.176E-02  0.185E-16      1.
  4   1  0.000E+00  0.000E+00 -0.999E+03  0.154E-43  0.178E+10  0.104E+00  0.155E+04  0.621E-01  0.430E+02      1.
  4   2  0.255E-29  0.000E+00 -0.999E+03  0.154E-43  0.220E+10  0.104E+00  0.177E+04  0.621E-01  0.452E+02      1.
  4   3  0.350E-28  0.000E+00 -0.999E+03  0.154E-43  0.333E+10  0.104E+00  0.279E+04  0.621E-01  0.743E+02      1.
  4   4  0.453E-27  0.000E+00 -0.999E+03  0.154E-43  0.466E+10  0.104E+00  0.387E+04  0.621E-01  0.102E+03      1.
  4   5  0.593E-26  0.000E+00 -0.999E+03  0.154E-43  0.614E+10  0.104E+00  0.489E+04  0.621E-01  0.123E+03      1.
  4   6  0.887E-25  0.000E+00 -0.999E+03  0.154E-43  0.786E+10  0.104E+00  0.586E+04  0.621E-01  0.139E+03      1.
  4   7  0.191E-23  0.000E+00 -0.999E+03  0.154E-43  0.985E+10  0.104E+00  0.677E+04  0.621E-01  0.148E+03      1.
  4   8  0.683E-22  0.000E+00 -0.999E+03  0.154E-43  0.121E+11  0.104E+00  0.754E+04  0.621E-01  0.150E+03      1.
  4   9  0.343E-20  0.000E+00 -0.999E+03  0.154E-43  0.149E+11  0.104E+00  0.835E+04  0.621E-01  0.150E+03      1.
  4  10  0.191E-18  0.000E+00 -0.999E+03  0.154E-43  0.188E+11  0.104E+00  0.964E+04  0.620E-01  0.160E+03      1.
  4  11  0.105E-16  0.000E+00 -0.999E+03  0.154E-43  0.244E+11  0.104E+00  0.116E+05  0.620E-01  0.181E+03      1.
  4  12  0.547E-15  0.000E+00 -0.999E+03  0.154E-43  0.308E+11  0.104E+00  0.132E+05  0.620E-01  0.189E+03      1.
  4  13  0.261E-13  0.000E+00 -0.999E+03  0.154E-43  0.363E+11  0.104E+00  0.132E+05  0.620E-01  0.165E+03      1.
  4  14  0.112E-11  0.000E+00 -0.999E+03  0.154E-43  0.407E+11  0.104E+00  0.117E+05  0.619E-01  0.121E+03      1.
  4  15  0.422E-10  0.000E+00 -0.999E+03  0.154E-43  0.449E+11  0.104E+00  0.985E+04  0.619E-01  0.831E+02      1.
  4  16  0.140E-08  0.000E+00 -0.999E+03  0.154E-43  0.479E+11  0.104E+00  0.746E+04  0.618E-01  0.492E+02      1.
  4  17  0.411E-07  0.000E+00 -0.999E+03  0.154E-43  0.471E+11  0.104E+00  0.448E+04  0.619E-01  0.211E+02      1.
  4  18  0.125E-05  0.000E+00 -0.999E+03  0.154E-43  0.442E+11  0.104E+00  0.223E+04  0.620E-01  0.696E+01      1.
  4  19  0.376E-04  0.000E+00 -0.999E+03  0.154E-43  0.417E+11  0.104E+00  0.104E+04  0.623E-01  0.208E+01      1.
  4  20  0.894E-03  0.000E+00 -0.999E+03  0.154E-43  0.398E+11  0.104E+00  0.455E+03  0.572E-01  0.574E+00      1.
  4  21  0.136E-01  0.000E+00 -0.999E+03  0.154E-43  0.381E+11  0.104E+00  0.184E+03  0.374E-01  0.142E+00      1.
  4  22  0.992E-01  0.000E+00 -0.999E+03  0.154E-43  0.369E+11  0.104E+00  0.706E+02  0.188E-01  0.325E-01      1.
  4  23  0.161E-01  0.000E+00 -0.999E+03  0.154E-43  0.347E+11  0.103E+00  0.219E+02  0.859E-02  0.556E-02      1.
  4  24  0.244E-01  0.000E+00 -0.999E+03  0.154E-43  0.310E+11  0.102E+00  0.501E+01  0.408E-02  0.617E-03      1.
  4  25  0.268E+00  0.000E+00 -0.999E+03  0.154E-43  0.270E+11  0.101E+00  0.896E+00  0.226E-02  0.489E-04      1.
  4  26  0.321E+01  0.000E+00 -0.999E+03  0.154E-43  0.225E+11  0.100E+00  0.116E+00  0.156E-02  0.246E-05      1.
  4  27  0.153E+02  0.000E+00 -0.999E+03  0.154E-43  0.184E+11  0.124E-01  0.118E-01  0.129E-02  0.888E-07     64.
  4  28  0.653E+02  0.000E+00 -0.999E+03  0.154E-43  0.157E+11  0.147E-02  0.133E-02  0.121E-02  0.369E-08     64.
  4  29  0.946E+01  0.000E+00 -0.999E+03  0.154E-43  0.142E+11  0.205E-03  0.191E-03  0.123E-02  0.215E-09     32.
  4  30  0.604E+02  0.000E+00 -0.999E+03  0.154E-43  0.133E+11  0.334E-04  0.301E-04  0.128E-02  0.142E-10     32.
  4  31  0.697E+02  0.000E+00 -0.999E+03  0.154E-43  0.129E+11  0.640E-05  0.573E-05  0.134E-02  0.122E-11     16.
  4  32  0.106E+03  0.000E+00 -0.999E+03  0.154E-43  0.138E+11  0.206E-05  0.186E-05  0.140E-02  0.221E-12      8.
  4  33  0.411E+02  0.000E+00 -0.999E+03  0.154E-43  0.165E+11  0.208E-05  0.104E-05  0.145E-02  0.866E-13      8.
  4  34  0.766E+02  0.000E+00 -0.999E+03  0.154E-43  0.201E+11  0.448E-05  0.670E-06  0.150E-02  0.407E-13      4.
  4  35  0.310E+03  0.000E+00 -0.999E+03  0.154E-43  0.235E+11  0.259E-04  0.336E-06  0.154E-02  0.136E-13      4.
  4  36  0.612E+03  0.000E+00 -0.999E+03  0.154E-43  0.265E+11  0.132E-03  0.139E-06  0.158E-02  0.345E-14      4.
  4  37  0.127E+03  0.000E+00 -0.999E+03  0.154E-43  0.306E+11  0.855E-04  0.659E-07  0.161E-02  0.106E-14      2.
  4  38  0.249E+04  0.000E+00 -0.999E+03  0.154E-43  0.378E+11  0.377E-03  0.444E-07  0.163E-02  0.534E-15      2.
  4  39  0.148E+05  0.000E+00 -0.999E+03  0.154E-43  0.498E+11  0.869E-03  0.425E-07  0.165E-02  0.438E-15      2.
  4  40  0.217E+05  0.000E+00 -0.999E+03  0.154E-43  0.687E+11  0.657E-03  0.524E-07  0.167E-02  0.511E-15      1.
  4  41  0.803E+05  0.000E+00 -0.999E+03  0.154E-43  0.967E+11  0.864E-03  0.719E-07  0.169E-02  0.693E-15      1.
  4  42  0.354E+05  0.000E+00 -0.999E+03  0.154E-43  0.135E+12  0.515E-02  0.939E-07  0.170E-02  0.876E-15      2.
  4  43  0.415E+05  0.000E+00 -0.999E+03  0.154E-43  0.184E+12  0.773E-02  0.109E-06  0.171E-02  0.940E-15      2.
  4  44  0.384E+05  0.000E+00 -0.999E+03  0.154E-43  0.248E+12  0.121E-01  0.117E-06  0.172E-02  0.910E-15      2.
  4  45  0.629E+05  0.000E+00 -0.999E+03  0.154E-43  0.330E+12  0.114E-01  0.120E-06  0.172E-02  0.815E-15      1.
  4  46  0.319E+05  0.000E+00 -0.999E+03  0.154E-43  0.432E+12  0.179E-01  0.112E-06  0.173E-02  0.646E-15      1.
  4  47  0.148E+05  0.000E+00 -0.999E+03  0.154E-43  0.558E+12  0.201E-01  0.963E-07  0.173E-02  0.457E-15      1.
  4  48  0.661E+04  0.000E+00 -0.999E+03  0.154E-43  0.716E+12  0.205E-01  0.805E-07  0.174E-02  0.310E-15      1.
  4  49  0.293E+04  0.000E+00 -0.999E+03  0.154E-43  0.925E+12  0.203E-01  0.696E-07  0.174E-02  0.221E-15      1.
  4  50  0.134E+04  0.000E+00 -0.999E+03  0.154E-43  0.121E+13  0.200E-01  0.651E-07  0.175E-02  0.176E-15      1.
  4  51  0.632E+03  0.000E+00 -0.999E+03  0.154E-43  0.160E+13  0.197E-01  0.639E-07  0.175E-02  0.149E-15      1.
  4  52  0.293E+03  0.000E+00 -0.999E+03  0.154E-43  0.210E+13  0.194E-01  0.596E-07  0.175E-02  0.118E-15      1.
  4  53  0.139E+03  0.000E+00 -0.999E+03  0.154E-43  0.267E+13  0.192E-01  0.474E-07  0.175E-02  0.747E-16      1.
  4  54  0.639E+02  0.000E+00 -0.999E+03  0.154E-43  0.330E+13  0.191E-01  0.323E-07  0.175E-02  0.381E-16      1.
  4  55  0.276E+02  0.000E+00 -0.999E+03  0.154E-43  0.408E+13  0.189E-01  0.222E-07  0.176E-02  0.197E-16      1.
  4  56  0.128E+02  0.000E+00 -0.999E+03  0.154E-43  0.517E+13  0.189E-01  0.175E-07  0.176E-02  0.123E-16      1.
  4  57  0.690E+01  0.000E+00 -0.999E+03  0.154E-43  0.688E+13  0.189E-01  0.179E-07  0.176E-02  0.111E-16      1.
  4  58  0.403E+01  0.000E+00 -0.999E+03  0.154E-43  0.929E+13  0.189E-01  0.196E-07  0.176E-02  0.110E-16      1.
  4  59  0.256E+01  0.000E+00 -0.999E+03  0.154E-43  0.135E+14  0.189E-01  0.314E-07  0.176E-02  0.185E-16      1.
  5   1  0.000E+00  0.000E+00 -0.999E+03  0.154E-43  0.178E+10  0.104E+00  0.155E+04  0.621E-01  0.430E+02      1.
  5   2  0.559E-29  0.000E+00 -0.999E+03  0.154E-43  0.220E+10  0.104E+00  0.177E+04  0.621E-01  0.452E+02      1.
  5   3  0.749E-28  0.000E+00 -0.999E+03  0.154E-43  0.333E+10  0.104E+00  0.279E+04  0.621E-01  0.743E+02      1.
  5   4  0.934E-27  0.000E+00 -0.999E+03  0.154E-43  0.466E+10  0.104E+00  0.387E+04  0.621E-01  0.102E+03      1.
  5   5  0.115E-25  0.000E+00 -0.999E+03  0.154E-43  0.614E+10  0.104E+00  0.489E+04  0.621E-01  0.123E+03      1.
  5   6  0.153E-24  0.000E+00 -0.999E+03  0.154E-43  0.786E+10  0.104E+00  0.586E+04  0.621E-01  0.139E+03      1.
  5   7  0.260E-23  0.000E+00 -0.999E+03  0.154E-43  0.985E+10  0.104E+00  0.677E+04  0.621E-01  0.148E+03      1.
  5   8  0.694E-22  0.000E+00 -0.999E+03  0.154E-43  0.121E+11  0.104E+00  0.754E+04  0.621E-01  0.150E+03      1.
  5   9  0.286E-20  0.000E+00 -0.999E+03  0.154E-43  0.149E+11  0.104E+00  0.835E+04  0.621E-01  0.150E+03      1.
  5  10  0.145E-18  0.000E+00 -0.999E+03  0.154E-43  0.188E+11  0.104E+00  0.964E+04  0.620E-01  0.160E+03      1.
  5  11  0.766E-17  0.000E+00 -0.999E+03  0.154E-43  0.244E+11  0.104E+00  0.116E+05  0.620E-01  0.181E+03      1.
  5  12  0.392E-15  0.000E+00 -0.999E+03  0.154E-43  0.308E+11  0.104E+00  0.132E+05  0.620E-01  0.189E+03      1.
  5  13  0.187E-13  0.000E+00 -0.999E+03  0.154E-43  0.363E+11  0.104E+00  0.132E+05  0.620E-01  0.165E+03      1.
  5  14  0.812E-12  0.000E+00 -0.999E+03  0.154E-43  0.407E+11  0.104E+00  0.117E+05  0.619E-01  0.121E+03      1.
  5  15  0.317E-10  0.000E+00 -0.999E+03  0.154E-43  0.449E+11  0.104E+00  0.985E+04  0.619E-01  0.831E+02      1.
  5  16  0.110E-08  0.000E+00 -0.999E+03  0.154E-43  0.479E+11  0.104E+00  0.746E+04  0.618E-01  0.492E+02      1.
  5  17  0.341E-07  0.000E+00 -0.999E+03  0.154E-43  0.471E+11  0.104E+00  0.448E+04  0.619E-01  0.211E+02      1.
  5  18  0.106E-05  0.000E+00 -0.999E+03  0.154E-43  0.442E+11  0.104E+00  0.223E+04  0.620E-01  0.696E+01      1.
  5  19  0.318E-04  0.000E+00 -0.999E+03  0.154E-43  0.417E+11  0.104E+00  0.104E+04  0.623E-01  0.208E+01      1.
  5  20  0.751E-03  0.000E+00 -0.999E+03  0.154E-43  0.398E+11  0.104E+00  0.455E+03  0.572E-01  0.574E+00      1.
  5  21  0.114E-01  0.000E+00 -0.999E+03  0.154E-43  0.381E+11  0.104E+00  0.184E+03  0.374E-01  0.142E+00      1.
  5  22  0.839E-01  0.000E+00 -0.999E+03  0.154E-43  0.369E+11  0.104E+00  0.706E+02  0.188E-01  0.325E-01      1.
  5  23  0.172E-01  0.000E+00 -0.999E+03  0.154E-43  0.347E+11  0.103E+00  0.219E+02  0.859E-02  0.556E-02      1.
  5  24  0.356E-01  0.000E+00 -0.999E+03  0.154E-43  0.310E+11  0.102E+00  0.501E+01  0.408E-02  0.617E-03      1.
  5  25  0.436E+00  0.000E+00 -0.999E+03  0.154E-43  0.270E+11  0.101E+00  0.896E+00  0.226E-02  0.489E-04      1.
  5  26  0.507E+01  0.000E+00 -0.999E+03  0.154E-43  0.225E+11  0.100E+00  0.116E+00  0.156E-02  0.246E-05      1.
  5  27  0.152E+02  0.000E+00 -0.999E+03  0.154E-43  0.184E+11  0.124E-01  0.118E-01  0.129E-02  0.888E-07     64.
  5  28  0.645E+02  0.000E+00 -0.999E+03  0.154E-43  0.157E+11  0.147E-02  0.133E-02  0.121E-02  0.369E-08     64.
  5  29  0.929E+01  0.000E+00 -0.999E+03  0.154E-43  0.142E+11  0.205E-03  0.191E-03  0.123E-02  0.215E-09     32.
  5  30  0.598E+02  0.000E+00 -0.999E+03  0.154E-43  0.133E+11  0.334E-04  0.301E-04  0.128E-02  0.142E-10     32.
  5  31  0.674E+02  0.000E+00 -0.999E+03  0.154E-43  0.129E+11  0.640E-05  0.573E-05  0.134E-02  0.122E-11     16.
  5  32  0.854E+02  0.000E+00 -0.999E+03  0.154E-43  0.138E+11  0.206E-05  0.186E-05  0.140E-02  0.221E-12      8.
  5  33  0.364E+02  0.000E+00 -0.999E+03  0.154E-43  0.165E+11  0.208E-05  0.104E-05  0.145E-02  0.866E-13      8.
  5  34  0.325E+02  0.000E+00 -0.999E+03  0.154E-43  0.201E+11  0.448E-05  0.670E-06  0.150E-02  0.407E-13      4.
  5  35  0.233E+03  0.000E+00 -0.999E+03  0.154E-43  0.235E+11  0.259E-04  0.336E-06  0.154E-02  0.136E-13      4.
  5  36  0.245E+03  0.000E+00 -0.999E+03  0.154E-43  0.265E+11  0.132E-03  0.139E-06  0.158E-02  0.345E-14      4.
  5  37  0.150E+04  0.000E+00 -0.999E+03  0.154E-43  0.306E+11  0.855E-04  0.659E-07  0.161E-02  0.106E-14      2.
  5  38  0.509E+03  0.000E+00 -0.999E+03  0.154E-43  0.378E+11  0.377E-03  0.444E-07  0.163E-02  0.534E-15      2.
  5  39  0.108E+04  0.000E+00 -0.999E+03  0.154E-43  0.498E+11  0.869E-03  0.425E-07  0.165E-02  0.438E-15      2.
  5  40  0.896E+03  0.000E+00 -0.999E+03  0.154E-43  0.687E+11  0.657E-03  0.524E-07  0.167E-02  0.511E-15      1.
  5  41  0.371E+04  0.000E+00 -0.999E+03  0.154E-43  0.967E+11  0.864E-03  0.719E-07  0.169E-02  0.693E-15      1.
  5  42  0.342E+04  0.000E+00 -0.999E+03  0.154E-43  0.135E+12  0.515E-02  0.939E-07  0.170E-02  0.876E-15      2.
  5  43  0.483E+04  0.000E+00 -0.999E+03  0.154E-43  0.184E+12  0.773E-02  0.109E-06  0.171E-02  0.940E-15      2.
  5  44  0.572E+04  0.000E+00 -0.999E+03  0.154E-43  0.248E+12  0.121E-01  0.117E-06  0.172E-02  0.910E-15      2.
  5  45  0.636E+04  0.000E+00 -0.999E+03  0.154E-43  0.330E+12  0.114E-01  0.120E-06  0.172E-02  0.815E-15      1.
  5  46  0.430E+04  0.000E+00 -0.999E+03  0.154E-43  0.432E+12  0.179E-01  0.112E-06  0.173E-02  0.646E-15      1.
  5  47  0.284E+04  0.000E+00 -0.999E+03  0.154E-43  0.558E+12  0.201E-01  0.963E-07  0.173E-02  0.457E-15      1.
  5  48  0.184E+04  0.000E+00 -0.999E+03  0.154E-43  0.716E+12  0.205E-01  0.805E-07  0.174E-02  0.310E-15      1.
  5  49  0.115E+04  0.000E+00 -0.999E+03  0.154E-43  0.925E+12  0.203E-01  0.696E-07  0.174E-02  0.221E-15      1.
  5  50  0.679E+03  0.000E+00 -0.999E+03  0.154E-43  0.121E+13  0.200E-01  0.651E-07  0.175E-02  0.176E-15      1.
  5  51  0.400E+03  0.000E+00 -0.999E+03  0.154E-43  0.160E+13  0.197E-01  0.639E-07  0.175E-02  0.149E-15      1.
  5  52  0.243E+03  0.000E+00 -0.999E+03  0.154E-43  0.210E+13  0.194E-01  0.596E-07  0.175E-02  0.118E-15      1.
  5  53  0.154E+03  0.000E+00 -0.999E+03  0.154E-43  0.267E+13  0.192E-01  0.474E-07  0.175E-02  0.747E-16      1.
  5  54  0.104E+03  0.000E+00 -0.999E+03  0.154E-43  0.330E+13  0.191E-01  0.323E-07  0.175E-02  0.381E-16      1.
  5  55  0.684E+02  0.000E+00 -0.999E+03  0.154E-43  0.408E+13  0.189E-01  0.222E-07  0.176E-02  0.197E-16      1.
  5  56  0.413E+02  0.000E+00 -0.999E+03  0.154E-43  0.517E+13  0.189E-01  0.175E-07  0.176E-02  0.123E-16      1.
  5  57  0.226E+02  0.000E+00 -0.999E+03  0.154E-43  0.688E+13  0.189E-01  0.179E-07  0.176E-02  0.111E-16      1.
  5  58  0.126E+02  0.000E+00 -0.999E+03  0.154E-43  0.929E+13  0.189E-01  0.196E-07  0.176E-02  0.110E-16      1.
  5  59  0.677E+01  0.000E+00 -0.999E+03  0.154E-43  0.135E+14  0.189E-01  0.314E-07  0.176E-02  0.185E-16      1.
  6   1  0.000E+00  0.000E+00 -0.999E+03  0.154E-43  0.178E+10  0.104E+00  0.155E+04  0.621E-01  0.430E+02      1.
  6   2  0.119E-28  0.000E+00 -0.999E+03  0.154E-43  0.220E+10  0.104E+00  0.177E+04  0.621E-01  0.452E+02      1.
  6   3  0.155E-27  0.000E+00 -0.999E+03  0.154E-43  0.333E+10  0.104E+00  0.279E+04  0.621E-01  0.743E+02      1.
  6   4  0.186E-26  0.000E+00 -0.999E+03  0.154E-43  0.466E+10  0.104E+00  0.387E+04  0.621E-01  0.102E+03      1.
  6   5  0.218E-25  0.000E+00 -0.999E+03  0.154E-43  0.614E+10  0.104E+00  0.489E+04  0.621E-01  0.123E+03      1.
  6   6  0.265E-24  0.000E+00 -0.999E+03  0.154E-43  0.786E+10  0.104E+00  0.586E+04  0.621E-01  0.139E+03      1.
  6   7  0.379E-23  0.000E+00 -0.999E+03  0.154E-43  0.985E+10  0.104E+00  0.677E+04  0.621E-01  0.148E+03      1.
  6   8  0.765E-22  0.000E+00 -0.999E+03  0.154E-43  0.121E+11  0.104E+00  0.754E+04  0.621E-01  0.150E+03      1.
  6   9  0.242E-20  0.000E+00 -0.999E+03  0.154E-43  0.149E+11  0.104E+00  0.835E+04  0.621E-01  0.150E+03      1.
  6  10  0.106E-18  0.000E+00 -0.999E+03  0.154E-43  0.188E+11  0.104E+00  0.964E+04  0.620E-01  0.160E+03      1.
  6  11  0.524E-17  0.000E+00 -0.999E+03  0.154E-43  0.244E+11  0.104E+00  0.116E+05  0.620E-01  0.181E+03      1.
  6  12  0.262E-15  0.000E+00 -0.999E+03  0.154E-43  0.308E+11  0.104E+00  0.132E+05  0.620E-01  0.189E+03      1.
  6  13  0.126E-13  0.000E+00 -0.999E+03  0.154E-43  0.363E+11  0.104E+00  0.132E+05  0.620E-01  0.165E+03      1.
  6  14  0.560E-12  0.000E+00 -0.999E+03  0.154E-43  0.407E+11  0.104E+00  0.117E+05  0.619E-01  0.121E+03      1.
  6  15  0.228E-10  0.000E+00 -0.999E+03  0.154E-43  0.449E+11  0.104E+00  0.985E+04  0.619E-01  0.831E+02      1.
  6  16  0.844E-09  0.000E+00 -0.999E+03  0.154E-43  0.479E+11  0.104E+00  0.746E+04  0.618E-01  0.492E+02      1.
  6  17  0.273E-07  0.000E+00 -0.999E+03  0.154E-43  0.471E+11  0.104E+00  0.448E+04  0.619E-01  0.211E+02      1.
  6  18  0.848E-06  0.000E+00 -0.999E+03  0.154E-43  0.442E+11  0.104E+00  0.223E+04  0.620E-01  0.696E+01      1.
  6  19  0.248E-04  0.000E+00 -0.999E+03  0.154E-43  0.417E+11  0.104E+00  0.104E+04  0.623E-01  0.208E+01      1.
  6  20  0.582E-03  0.000E+00 -0.999E+03  0.154E-43  0.398E+11  0.104E+00  0.455E+03  0.572E-01  0.574E+00      1.
  6  21  0.891E-02  0.000E+00 -0.999E+03  0.154E-43  0.381E+11  0.104E+00  0.184E+03  0.374E-01  0.142E+00      1.
  6  22  0.658E-01  0.000E+00 -0.999E+03  0.154E-43  0.369E+11  0.104E+00  0.706E+02  0.188E-01  0.325E-01      1.
  6  23  0.183E-01  0.000E+00 -0.999E+03  0.154E-43  0.347E+11  0.103E+00  0.219E+02  0.859E-02  0.556E-02      1.
  6  24  0.528E-01  0.000E+00 -0.999E+03  0.154E-43  0.310E+11  0.102E+00  0.501E+01  0.408E-02  0.617E-03      1.
  6  25  0.681E+00  0.000E+00 -0.999E+03  0.154E-43  0.270E+11  0.101E+00  0.896E+00  0.226E-02  0.489E-04      1.
  6  26  0.746E+01  0.000E+00 -0.999E+03  0.154E-43  0.225E+11  0.100E+00  0.116E+00  0.156E-02  0.246E-05      1.
  6  27  0.151E+02  0.000E+00 -0.999E+03  0.154E-43  0.184E+11  0.124E-01  0.118E-01  0.129E-02  0.888E-07     64.
  6  28  0.638E+02  0.000E+00 -0.999E+03  0.154E-43  0.157E+11  0.147E-02  0.133E-02  0.121E-02  0.369E-08     64.
  6  29  0.913E+01  0.000E+00 -0.999E+03  0.154E-43  0.142E+11  0.205E-03  0.191E-03  0.123E-02  0.215E-09     32.
  6  30  0.597E+02  0.000E+00 -0.999E+03  0.154E-43  0.133E+11  0.334E-04  0.301E-04  0.128E-02  0.142E-10     32.
  6  31  0.670E+02  0.000E+00 -0.999E+03  0.154E-43  0.129E+11  0.640E-05  0.573E-05  0.134E-02  0.122E-11     16.
  6  32  0.736E+02  0.000E+00 -0.999E+03  0.154E-43  0.138E+11  0.206E-05  0.186E-05  0.140E-02  0.221E-12      8.
  6  33  0.352E+02  0.000E+00 -0.999E+03  0.154E-43  0.165E+11  0.208E-05  0.104E-05  0.145E-02  0.866E-13      8.
  6  34  0.214E+02  0.000E+00 -0.999E+03  0.154E-43  0.201E+11  0.448E-05  0.670E-06  0.150E-02  0.407E-13      4.
  6  35  0.222E+03  0.000E+00 -0.999E+03  0.154E-43  0.235E+11  0.259E-04  0.336E-06  0.154E-02  0.136E-13      4.
  6  36  0.129E+03  0.000E+00 -0.999E+03  0.154E-43  0.265E+11  0.132E-03  0.139E-06  0.158E-02  0.345E-14      4.
  6  37  0.977E+03  0.000E+00 -0.999E+03  0.154E-43  0.306E+11  0.855E-04  0.659E-07  0.161E-02  0.106E-14      2.
  6  38  0.108E+04  0.000E+00 -0.999E+03  0.154E-43  0.378E+11  0.377E-03  0.444E-07  0.163E-02  0.534E-15      2.
  6  39  0.195E+04  0.000E+00 -0.999E+03  0.154E-43  0.498E+11  0.869E-03  0.425E-07  0.165E-02  0.438E-15      2.
  6  40  0.643E+03  0.000E+00 -0.999E+03  0.154E-43  0.687E+11  0.657E-03  0.524E-07  0.167E-02  0.511E-15      1.
  6  41  0.296E+04  0.000E+00 -0.999E+03  0.154E-43  0.967E+11  0.864E-03  0.719E-07  0.169E-02  0.693E-15      1.
  6  42  0.377E+04  0.000E+00 -0.999E+03  0.154E-43  0.135E+12  0.515E-02  0.939E-07  0.170E-02  0.876E-15      2.
  6  43  0.533E+04  0.000E+00 -0.999E+03  0.154E-43  0.184E+12  0.773E-02  0.109E-06  0.171E-02  0.940E-15      2.
  6  44  0.596E+04  0.000E+00 -0.999E+03  0.154E-43  0.248E+12  0.121E-01  0.117E-06  0.172E-02  0.910E-15      2.
  6  45  0.579E+04  0.000E+00 -0.999E+03  0.154E-43  0.330E+12  0.114E-01  0.120E-06  0.172E-02  0.815E-15      1.
  6  46  0.381E+04  0.000E+00 -0.999E+03  0.154E-43  0.432E+12  0.179E-01  0.112E-06  0.173E-02  0.646E-15      1.
  6  47  0.242E+04  0.000E+00 -0.999E+03  0.154E-43  0.558E+12  0.201E-01  0.963E-07  0.173E-02  0.457E-15      1.
  6  48  0.149E+04  0.000E+00 -0.999E+03  0.154E-43  0.716E+12  0.205E-01  0.805E-07  0.174E-02  0.310E-15      1.
  6  49  0.867E+03  0.000E+00 -0.999E+03  0.154E-43  0.925E+12  0.203E-01  0.696E-07  0.174E-02  0.221E-15      1.
  6  50  0.473E+03  0.000E+00 -0.999E+03  0.154E-43  0.121E+13  0.200E-01  0.651E-07  0.175E-02  0.176E-15      1.
  6  51  0.245E+03  0.000E+00 -0.999E+03  0.154E-43  0.160E+13  0.197E-01  0.639E-07  0.175E-02  0.149E-15      1.
  6  52  0.132E+03  0.000E+00 -0.999E+03  0.154E-43  0.210E+13  0.194E-01  0.596E-07  0.175E-02  0.118E-15      1.
  6  53  0.737E+02  0.000E+00 -0.999E+03  0.154E-43  0.267E+13  0.192E-01  0.474E-07  0.175E-02  0.747E-16      1.
  6  54  0.420E+02  0.000E+00 -0.999E+03  0.154E-43  0.330E+13  0.191E-01  0.323E-07  0.175E-02  0.381E-16      1.
  6  55  0.234E+02  0.000E+00 -0.999E+03  0.154E-43  0.408E+13  0.189E-01  0.222E-07  0.176E-02  0.197E-16      1.
  6  56  0.127E+02  0.000E+00 -0.999E+03  0.154E-43  0.517E+13  0.189E-01  0.175E-07  0.176E-02  0.123E-16      1.
  6  57  0.710E+01  0.000E+00 -0.999E+03  0.154E-43  0.688E+13  0.189E-01  0.179E-07  0.176E-02  0.111E-16      1.
  6  58  0.431E+01  0.000E+00 -0.999E+03  0.154E-43  0.929E+13  0.189E-01  0.196E-07  0.176E-02  0.110E-16      1.
  6  59  0.284E+01  0.000E+00 -0.999E+03  0.154E-43  0.135E+14  0.189E-01  0.314E-07  0.176E-02  0.185E-16      1.
  7   1  0.000E+00  0.000E+00 -0.999E+03  0.154E-43  0.178E+10  0.104E+00  0.155E+04  0.621E-01  0.430E+02      1.
  7   2  0.232E-28  0.000E+00 -0.999E+03  0.154E-43  0.220E+10  0.104E+00  0.177E+04  0.621E-01  0.452E+02      1.
  7   3  0.295E-27  0.000E+00 -0.999E+03  0.154E-43  0.333E+10  0.104E+00  0.279E+04  0.621E-01  0.743E+02      1.
  7   4  0.343E-26  0.000E+00 -0.999E+03  0.154E-43  0.466E+10  0.104E+00  0.387E+04  0.621E-01  0.102E+03      1.
  7   5  0.384E-25  0.000E+00 -0.999E+03  0.154E-43  0.614E+10  0.104E+00  0.489E+04  0.621E-01  0.123E+03      1.
  7   6  0.435E-24  0.000E+00 -0.999E+03  0.154E-43  0.786E+10  0.104E+00  0.586E+04  0.621E-01  0.139E+03      1.
  7   7  0.550E-23  0.000E+00 -0.999E+03  0.154E-43  0.985E+10  0.104E+00  0.677E+04  0.621E-01  0.148E+03      1.
  7   8  0.892E-22  0.000E+00 -0.999E+03  0.154E-43  0.121E+11  0.104E+00  0.754E+04  0.621E-01  0.150E+03      1.
  7   9  0.215E-20  0.000E+00 -0.999E+03  0.154E-43  0.149E+11  0.104E+00  0.835E+04  0.621E-01  0.150E+03      1.
  7  10  0.772E-19  0.000E+00 -0.999E+03  0.154E-43  0.188E+11  0.104E+00  0.964E+04  0.620E-01  0.160E+03      1.
  7  11  0.349E-17  0.000E+00 -0.999E+03  0.154E-43  0.244E+11  0.104E+00  0.116E+05  0.620E-01  0.181E+03      1.
  7  12  0.171E-15  0.000E+00 -0.999E+03  0.154E-43  0.308E+11  0.104E+00  0.132E+05  0.620E-01  0.189E+03      1.
  7  13  0.834E-14  0.000E+00 -0.999E+03  0.154E-43  0.363E+11  0.104E+00  0.132E+05  0.620E-01  0.165E+03      1.
  7  14  0.388E-12  0.000E+00 -0.999E+03  0.154E-43  0.407E+11  0.104E+00  0.117E+05  0.619E-01  0.121E+03      1.
  7  15  0.168E-10  0.000E+00 -0.999E+03  0.154E-43  0.449E+11  0.104E+00  0.985E+04  0.619E-01  0.831E+02      1.
  7  16  0.656E-09  0.000E+00 -0.999E+03  0.154E-43  0.479E+11  0.104E+00  0.746E+04  0.618E-01  0.492E+02      1.
  7  17  0.217E-07  0.000E+00 -0.999E+03  0.154E-43  0.471E+11  0.104E+00  0.448E+04  0.619E-01  0.211E+02      1.
  7  18  0.650E-06  0.000E+00 -0.999E+03  0.154E-43  0.442E+11  0.104E+00  0.223E+04  0.620E-01  0.696E+01      1.
  7  19  0.181E-04  0.000E+00 -0.999E+03  0.154E-43  0.417E+11  0.104E+00  0.104E+04  0.623E-01  0.208E+01      1.
  7  20  0.415E-03  0.000E+00 -0.999E+03  0.154E-43  0.398E+11  0.104E+00  0.455E+03  0.572E-01  0.574E+00      1.
  7  21  0.642E-02  0.000E+00 -0.999E+03  0.154E-43  0.381E+11  0.104E+00  0.184E+03  0.374E-01  0.142E+00      1.
  7  22  0.481E-01  0.000E+00 -0.999E+03  0.154E-43  0.369E+11  0.104E+00  0.706E+02  0.188E-01  0.325E-01      1.
  7  23  0.198E-01  0.000E+00 -0.999E+03  0.154E-43  0.347E+11  0.103E+00  0.219E+02  0.859E-02  0.556E-02      1.
  7  24  0.771E-01  0.000E+00 -0.999E+03  0.154E-43  0.310E+11  0.102E+00  0.501E+01  0.408E-02  0.617E-03      1.
  7  25  0.106E+01  0.000E+00 -0.999E+03  0.154E-43  0.270E+11  0.101E+00  0.896E+00  0.226E-02  0.489E-04      1.
  7  26  0.119E+02  0.000E+00 -0.999E+03  0.154E-43  0.225E+11  0.100E+00  0.116E+00  0.156E-02  0.246E-05      1.
  7  27  0.151E+02  0.000E+00 -0.999E+03  0.154E-43  0.184E+11  0.124E-01  0.118E-01  0.129E-02  0.888E-07     64.
  7  28  0.632E+02  0.000E+00 -0.999E+03  0.154E-43  0.157E+11  0.147E-02  0.133E-02  0.121E-02  0.369E-08     64.
  7  29  0.905E+01  0.000E+00 -0.999E+03  0.154E-43  0.142E+11  0.205E-03  0.191E-03  0.123E-02  0.215E-09     32.
  7  30  0.629E+02  0.000E+00 -0.999E+03  0.154E-43  0.133E+11  0.334E-04  0.301E-04  0.128E-02  0.142E-10     32.
  7  31  0.761E+02  0.000E+00 -0.999E+03  0.154E-43  0.129E+11  0.640E-05  0.573E-05  0.134E-02  0.122E-11     16.
  7  32  0.806E+02  0.513E-31 -0.999E+03  0.154E-43  0.138E+11  0.206E-05  0.186E-05  0.140E-02  0.221E-12      8.
  7  33  0.492E+02  0.186E-30 -0.999E+03  0.154E-43  0.165E+11  0.208E-05  0.104E-05  0.145E-02  0.866E-13      8.
  7  34  0.239E+02  0.282E-30 -0.999E+03  0.154E-43  0.201E+11  0.448E-05  0.670E-06  0.150E-02  0.407E-13      4.
  7  35  0.357E+03  0.283E-28 -0.999E+03  0.154E-43  0.235E+11  0.259E-04  0.336E-06  0.154E-02  0.136E-13      4.
  7  36  0.310E+03  0.540E-28 -0.999E+03  0.154E-43  0.265E+11  0.132E-03  0.139E-06  0.158E-02  0.345E-14      4.
  7  37  0.186E+04  0.195E-26 -0.999E+03  0.154E-43  0.306E+11  0.855E-04  0.659E-07  0.161E-02  0.106E-14      2.
  7  38  0.120E+04  0.173E-26 -0.999E+03  0.154E-43  0.378E+11  0.377E-03  0.444E-07  0.163E-02  0.534E-15      2.
  7  39  0.317E+04  0.292E-26 -0.999E+03  0.154E-43  0.498E+11  0.869E-03  0.425E-07  0.165E-02  0.438E-15      2.
  7  40  0.752E+03  0.114E-27 -0.999E+03  0.154E-43  0.687E+11  0.657E-03  0.524E-07  0.167E-02  0.511E-15      1.
  7  41  0.319E+04  0.878E-28 -0.999E+03  0.154E-43  0.967E+11  0.864E-03  0.719E-07  0.169E-02  0.693E-15      1.
  7  42  0.512E+04  0.297E-28 -0.999E+03  0.154E-43  0.135E+12  0.515E-02  0.939E-07  0.170E-02  0.876E-15      2.
  7  43  0.694E+04  0.967E-29 -0.999E+03  0.154E-43  0.184E+12  0.773E-02  0.109E-06  0.171E-02  0.940E-15      2.
  7  44  0.720E+04  0.385E-29 -0.999E+03  0.154E-43  0.248E+12  0.121E-01  0.117E-06  0.172E-02  0.910E-15      2.
  7  45  0.604E+04  0.131E-28 -0.999E+03  0.154E-43  0.330E+12  0.114E-01  0.120E-06  0.172E-02  0.815E-15      1.
  7  46  0.380E+04  0.964E-28 -0.999E+03  0.154E-43  0.432E+12  0.179E-01  0.112E-06  0.173E-02  0.646E-15      1.
  7  47  0.226E+04  0.651E-27 -0.999E+03  0.154E-43  0.558E+12  0.201E-01  0.963E-07  0.173E-02  0.457E-15      1.
  7  48  0.127E+04  0.380E-26 -0.999E+03  0.154E-43  0.716E+12  0.205E-01  0.805E-07  0.174E-02  0.310E-15      1.
  7  49  0.664E+03  0.191E-25 -0.999E+03  0.154E-43  0.925E+12  0.203E-01  0.696E-07  0.174E-02  0.221E-15      1.
  7  50  0.336E+03  0.822E-25 -0.999E+03  0.154E-43  0.121E+13  0.200E-01  0.651E-07  0.175E-02  0.176E-15      1.
  7  51  0.147E+03  0.304E-24 -0.999E+03  0.154E-43  0.160E+13  0.197E-01  0.639E-07  0.175E-02  0.149E-15      1.
  7  52  0.689E+02  0.972E-24 -0.999E+03  0.154E-43  0.210E+13  0.194E-01  0.596E-07  0.175E-02  0.118E-15      1.
  7  53  0.352E+02  0.253E-23 -0.999E+03  0.154E-43  0.267E+13  0.192E-01  0.474E-07  0.175E-02  0.747E-16      1.
  7  54  0.196E+02  0.530E-23 -0.999E+03  0.154E-43  0.330E+13  0.191E-01  0.323E-07  0.175E-02  0.381E-16      1.
  7  55  0.114E+02  0.865E-23 -0.999E+03  0.154E-43  0.408E+13  0.189E-01  0.222E-07  0.176E-02  0.197E-16      1.
  7  56  0.674E+01  0.102E-22 -0.999E+03  0.154E-43  0.517E+13  0.189E-01  0.175E-07  0.176E-02  0.123E-16      1.
  7  57  0.410E+01  0.749E-23 -0.999E+03  0.154E-43  0.688E+13  0.189E-01  0.179E-07  0.176E-02  0.111E-16      1.
  7  58  0.258E+01  0.393E-23 -0.999E+03  0.154E-43  0.929E+13  0.189E-01  0.196E-07  0.176E-02  0.110E-16      1.
  7  59  0.165E+01  0.196E-23 -0.999E+03  0.154E-43  0.135E+14  0.189E-01  0.314E-07  0.176E-02  0.185E-16      1.
  8   1  0.000E+00  0.000E+00 -0.999E+03  0.154E-43  0.178E+10  0.104E+00  0.155E+04  0.621E-01  0.430E+02      1.
  8   2  0.408E-28  0.000E+00 -0.999E+03  0.154E-43  0.220E+10  0.104E+00  0.177E+04  0.621E-01  0.452E+02      1.
  8   3  0.506E-27  0.000E+00 -0.999E+03  0.154E-43  0.333E+10  0.104E+00  0.279E+04  0.621E-01  0.743E+02      1.
  8   4  0.569E-26  0.000E+00 -0.999E+03  0.154E-43  0.466E+10  0.104E+00  0.387E+04  0.621E-01  0.102E+03      1.
  8   5  0.610E-25  0.000E+00 -0.999E+03  0.154E-43  0.614E+10  0.104E+00  0.489E+04  0.621E-01  0.123E+03      1.
  8   6  0.652E-24  0.000E+00 -0.999E+03  0.154E-43  0.786E+10  0.104E+00  0.586E+04  0.621E-01  0.139E+03      1.
  8   7  0.752E-23  0.000E+00 -0.999E+03  0.154E-43  0.985E+10  0.104E+00  0.677E+04  0.621E-01  0.148E+03      1.
  8   8  0.104E-21  0.000E+00 -0.999E+03  0.154E-43  0.121E+11  0.104E+00  0.754E+04  0.621E-01  0.150E+03      1.
  8   9  0.200E-20  0.000E+00 -0.999E+03  0.154E-43  0.149E+11  0.104E+00  0.835E+04  0.621E-01  0.150E+03      1.
  8  10  0.576E-19  0.000E+00 -0.999E+03  0.154E-43  0.188E+11  0.104E+00  0.964E+04  0.620E-01  0.160E+03      1.
  8  11  0.233E-17  0.000E+00 -0.999E+03  0.154E-43  0.244E+11  0.104E+00  0.116E+05  0.620E-01  0.181E+03      1.
  8  12  0.112E-15  0.000E+00 -0.999E+03  0.154E-43  0.308E+11  0.104E+00  0.132E+05  0.620E-01  0.189E+03      1.
  8  13  0.568E-14  0.000E+00 -0.999E+03  0.154E-43  0.363E+11  0.104E+00  0.132E+05  0.620E-01  0.165E+03      1.
  8  14  0.280E-12  0.000E+00 -0.999E+03  0.154E-43  0.407E+11  0.104E+00  0.117E+05  0.619E-01  0.121E+03      1.
  8  15  0.130E-10  0.000E+00 -0.999E+03  0.154E-43  0.449E+11  0.104E+00  0.985E+04  0.619E-01  0.831E+02      1.
  8  16  0.531E-09  0.000E+00 -0.999E+03  0.154E-43  0.479E+11  0.104E+00  0.746E+04  0.618E-01  0.492E+02      1.
  8  17  0.175E-07  0.000E+00 -0.999E+03  0.154E-43  0.471E+11  0.104E+00  0.448E+04  0.619E-01  0.211E+02      1.
  8  18  0.487E-06  0.000E+00 -0.999E+03  0.154E-43  0.442E+11  0.104E+00  0.223E+04  0.620E-01  0.696E+01      1.
  8  19  0.123E-04  0.000E+00 -0.999E+03  0.154E-43  0.417E+11  0.104E+00  0.104E+04  0.623E-01  0.208E+01      1.
  8  20  0.275E-03  0.000E+00 -0.999E+03  0.154E-43  0.398E+11  0.104E+00  0.455E+03  0.572E-01  0.574E+00      1.
  8  21  0.431E-02  0.000E+00 -0.999E+03  0.154E-43  0.381E+11  0.104E+00  0.184E+03  0.374E-01  0.142E+00      1.
  8  22  0.332E-01  0.000E+00 -0.999E+03  0.154E-43  0.369E+11  0.104E+00  0.706E+02  0.188E-01  0.325E-01      1.
  8  23  0.226E-01  0.000E+00 -0.999E+03  0.154E-43  0.347E+11  0.103E+00  0.219E+02  0.859E-02  0.556E-02      1.
  8  24  0.121E+00  0.000E+00 -0.999E+03  0.154E-43  0.310E+11  0.102E+00  0.501E+01  0.408E-02  0.617E-03      1.
  8  25  0.167E+01  0.000E+00 -0.999E+03  0.154E-43  0.270E+11  0.101E+00  0.896E+00  0.226E-02  0.489E-04      1.
  8  26  0.180E+02  0.000E+00 -0.999E+03  0.154E-43  0.225E+11  0.100E+00  0.116E+00  0.156E-02  0.246E-05      1.
  8  27  0.150E+02  0.000E+00 -0.999E+03  0.154E-43  0.184E+11  0.124E-01  0.118E-01  0.129E-02  0.888E-07     64.
  8  28  0.632E+02  0.000E+00 -0.999E+03  0.154E-43  0.157E+11  0.147E-02  0.133E-02  0.121E-02  0.369E-08     64.
  8  29  0.927E+01  0.126E-43 -0.999E+03  0.154E-43  0.142E+11  0.205E-03  0.191E-03  0.123E-02  0.215E-09     32.
  8  30  0.793E+02  0.723E-36 -0.999E+03  0.154E-43  0.133E+11  0.334E-04  0.301E-04  0.128E-02  0.142E-10     32.
  8  31  0.125E+03  0.620E-31 -0.999E+03  0.154E-43  0.129E+11  0.640E-05  0.573E-05  0.134E-02  0.122E-11     16.
  8  32  0.145E+03  0.712E-29 -0.999E+03  0.154E-43  0.138E+11  0.206E-05  0.186E-05  0.140E-02  0.221E-12      8.
  8  33  0.120E+03  0.160E-28 -0.999E+03  0.154E-43  0.165E+11  0.208E-05  0.104E-05  0.145E-02  0.866E-13      8.
  8  34  0.487E+02  0.653E-28 -0.999E+03  0.154E-43  0.201E+11  0.448E-05  0.670E-06  0.150E-02  0.407E-13      4.
  8  35  0.803E+03  0.305E-26 -0.999E+03  0.154E-43  0.235E+11  0.259E-04  0.336E-06  0.154E-02  0.136E-13      4.
  8  36  0.344E+03  0.473E-25 -0.999E+03  0.154E-43  0.265E+11  0.132E-03  0.139E-06  0.158E-02  0.345E-14      4.
  8  37  0.177E+04  0.323E-23 -0.999E+03  0.154E-43  0.306E+11  0.855E-04  0.659E-07  0.161E-02  0.106E-14      2.
  8  38  0.129E+04  0.609E-22 -0.999E+03  0.154E-43  0.378E+11  0.377E-03  0.444E-07  0.163E-02  0.534E-15      2.
  8  39  0.401E+04  0.990E-21 -0.999E+03  0.154E-43  0.498E+11  0.869E-03  0.425E-07  0.165E-02  0.438E-15      2.
  8  40  0.725E+03  0.175E-19 -0.999E+03  0.154E-43  0.687E+11  0.657E-03  0.524E-07  0.167E-02  0.511E-15      1.
  8  41  0.323E+04  0.120E-18 -0.999E+03  0.154E-43  0.967E+11  0.864E-03  0.719E-07  0.169E-02  0.693E-15      1.
  8  42  0.619E+04  0.505E-18 -0.999E+03  0.154E-43  0.135E+12  0.515E-02  0.939E-07  0.170E-02  0.876E-15      2.
  8  43  0.823E+04  0.189E-17 -0.999E+03  0.154E-43  0.184E+12  0.773E-02  0.109E-06  0.171E-02  0.940E-15      2.
  8  44  0.803E+04  0.659E-17 -0.999E+03  0.154E-43  0.248E+12  0.121E-01  0.117E-06  0.172E-02  0.910E-15      2.
  8  45  0.601E+04  0.261E-16 -0.999E+03  0.154E-43  0.330E+12  0.114E-01  0.120E-06  0.172E-02  0.815E-15      1.
  8  46  0.353E+04  0.997E-16 -0.999E+03  0.154E-43  0.432E+12  0.179E-01  0.112E-06  0.173E-02  0.646E-15      1.
  8  47  0.192E+04  0.322E-15 -0.999E+03  0.154E-43  0.558E+12  0.201E-01  0.963E-07  0.173E-02  0.457E-15      1.
  8  48  0.965E+03  0.837E-15 -0.999E+03  0.154E-43  0.716E+12  0.205E-01  0.805E-07  0.174E-02  0.310E-15      1.
  8  49  0.468E+03  0.175E-14 -0.999E+03  0.154E-43  0.925E+12  0.203E-01  0.696E-07  0.174E-02  0.221E-15      1.
  8  50  0.197E+03  0.303E-14 -0.999E+03  0.154E-43  0.121E+13  0.200E-01  0.651E-07  0.175E-02  0.176E-15      1.
  8  51  0.826E+02  0.432E-14 -0.999E+03  0.154E-43  0.160E+13  0.197E-01  0.639E-07  0.175E-02  0.149E-15      1.
  8  52  0.422E+02  0.535E-14 -0.999E+03  0.154E-43  0.210E+13  0.194E-01  0.596E-07  0.175E-02  0.118E-15      1.
  8  53  0.246E+02  0.582E-14 -0.999E+03  0.154E-43  0.267E+13  0.192E-01  0.474E-07  0.175E-02  0.747E-16      1.
  8  54  0.151E+02  0.545E-14 -0.999E+03  0.154E-43  0.330E+13  0.191E-01  0.323E-07  0.175E-02  0.381E-16      1.
  8  55  0.947E+01  0.433E-14 -0.999E+03  0.154E-43  0.408E+13  0.189E-01  0.222E-07  0.176E-02  0.197E-16      1.
  8  56  0.598E+01  0.300E-14 -0.999E+03  0.154E-43  0.517E+13  0.189E-01  0.175E-07  0.176E-02  0.123E-16      1.
  8  57  0.377E+01  0.186E-14 -0.999E+03  0.154E-43  0.688E+13  0.189E-01  0.179E-07  0.176E-02  0.111E-16      1.
  8  58  0.236E+01  0.108E-14 -0.999E+03  0.154E-43  0.929E+13  0.189E-01  0.196E-07  0.176E-02  0.110E-16      1.
  8  59  0.149E+01  0.629E-15 -0.999E+03  0.154E-43  0.135E+14  0.189E-01  0.314E-07  0.176E-02  0.185E-16      1.
  9   1  0.000E+00  0.000E+00 -0.999E+03  0.154E-43  0.178E+10  0.104E+00  0.155E+04  0.621E-01  0.430E+02      1.
  9   2  0.651E-28  0.000E+00 -0.999E+03  0.154E-43  0.220E+10  0.104E+00  0.177E+04  0.621E-01  0.452E+02      1.
  9   3  0.785E-27  0.000E+00 -0.999E+03  0.154E-43  0.333E+10  0.104E+00  0.279E+04  0.621E-01  0.743E+02      1.
  9   4  0.855E-26  0.000E+00 -0.999E+03  0.154E-43  0.466E+10  0.104E+00  0.387E+04  0.621E-01  0.102E+03      1.
  9   5  0.880E-25  0.000E+00 -0.999E+03  0.154E-43  0.614E+10  0.104E+00  0.489E+04  0.621E-01  0.123E+03      1.
  9   6  0.889E-24  0.000E+00 -0.999E+03  0.154E-43  0.786E+10  0.104E+00  0.586E+04  0.621E-01  0.139E+03      1.
  9   7  0.945E-23  0.000E+00 -0.999E+03  0.154E-43  0.985E+10  0.104E+00  0.677E+04  0.621E-01  0.148E+03      1.
  9   8  0.116E-21  0.000E+00 -0.999E+03  0.154E-43  0.121E+11  0.104E+00  0.754E+04  0.621E-01  0.150E+03      1.
  9   9  0.185E-20  0.000E+00 -0.999E+03  0.154E-43  0.149E+11  0.104E+00  0.835E+04  0.621E-01  0.150E+03      1.
  9  10  0.439E-19  0.000E+00 -0.999E+03  0.154E-43  0.188E+11  0.104E+00  0.964E+04  0.620E-01  0.160E+03      1.
  9  11  0.160E-17  0.000E+00 -0.999E+03  0.154E-43  0.244E+11  0.104E+00  0.116E+05  0.620E-01  0.181E+03      1.
  9  12  0.771E-16  0.000E+00 -0.999E+03  0.154E-43  0.308E+11  0.104E+00  0.132E+05  0.620E-01  0.189E+03      1.
  9  13  0.411E-14  0.000E+00 -0.999E+03  0.154E-43  0.363E+11  0.104E+00  0.132E+05  0.620E-01  0.165E+03      1.
  9  14  0.217E-12  0.000E+00 -0.999E+03  0.154E-43  0.407E+11  0.104E+00  0.117E+05  0.619E-01  0.121E+03      1.
  9  15  0.106E-10  0.000E+00 -0.999E+03  0.154E-43  0.449E+11  0.104E+00  0.985E+04  0.619E-01  0.831E+02      1.
  9  16  0.450E-09  0.000E+00 -0.999E+03  0.154E-43  0.479E+11  0.104E+00  0.746E+04  0.618E-01  0.492E+02      1.
  9  17  0.144E-07  0.000E+00 -0.999E+03  0.154E-43  0.471E+11  0.104E+00  0.448E+04  0.619E-01  0.211E+02      1.
  9  18  0.361E-06  0.000E+00 -0.999E+03  0.154E-43  0.442E+11  0.104E+00  0.223E+04  0.620E-01  0.696E+01      1.
  9  19  0.794E-05  0.000E+00 -0.999E+03  0.154E-43  0.417E+11  0.104E+00  0.104E+04  0.623E-01  0.208E+01      1.
  9  20  0.167E-03  0.000E+00 -0.999E+03  0.154E-43  0.398E+11  0.104E+00  0.455E+03  0.572E-01  0.574E+00      1.
  9  21  0.269E-02  0.000E+00 -0.999E+03  0.154E-43  0.381E+11  0.104E+00  0.184E+03  0.374E-01  0.142E+00      1.
  9  22  0.219E-01  0.000E+00 -0.999E+03  0.154E-43  0.369E+11  0.104E+00  0.706E+02  0.188E-01  0.325E-01      1.
  9  23  0.263E-01  0.000E+00 -0.999E+03  0.154E-43  0.347E+11  0.103E+00  0.219E+02  0.859E-02  0.556E-02      1.
  9  24  0.181E+00  0.126E-42 -0.999E+03  0.154E-43  0.310E+11  0.102E+00  0.501E+01  0.408E-02  0.617E-03      1.
  9  25  0.263E+01  0.148E-39 -0.999E+03  0.154E-43  0.270E+11  0.101E+00  0.896E+00  0.226E-02  0.489E-04      1.
  9  26  0.304E+02  0.222E-36 -0.999E+03  0.154E-43  0.225E+11  0.100E+00  0.116E+00  0.156E-02  0.246E-05      1.
  9  27  0.149E+02  0.000E+00 -0.999E+03  0.154E-43  0.184E+11  0.124E-01  0.118E-01  0.129E-02  0.888E-07     64.
  9  28  0.647E+02  0.293E-42 -0.999E+03  0.154E-43  0.157E+11  0.147E-02  0.133E-02  0.121E-02  0.369E-08     64.
  9  29  0.103E+02  0.164E-35 -0.999E+03  0.154E-43  0.142E+11  0.205E-03  0.191E-03  0.123E-02  0.215E-09     32.
  9  30  0.135E+03  0.134E-32 -0.999E+03  0.154E-43  0.133E+11  0.334E-04  0.301E-04  0.128E-02  0.142E-10     32.
  9  31  0.324E+03  0.344E-28 -0.999E+03  0.154E-43  0.129E+11  0.640E-05  0.573E-05  0.134E-02  0.122E-11     16.
  9  32  0.328E+03  0.784E-25 -0.999E+03  0.154E-43  0.138E+11  0.206E-05  0.186E-05  0.140E-02  0.221E-12      8.
  9  33  0.169E+03  0.454E-23 -0.999E+03  0.154E-43  0.165E+11  0.208E-05  0.104E-05  0.145E-02  0.866E-13      8.
  9  34  0.629E+02  0.145E-20 -0.999E+03  0.154E-43  0.201E+11  0.448E-05  0.670E-06  0.150E-02  0.407E-13      4.
  9  35  0.986E+03  0.482E-19 -0.999E+03  0.154E-43  0.235E+11  0.259E-04  0.336E-06  0.154E-02  0.136E-13      4.
  9  36  0.262E+03  0.151E-17 -0.999E+03  0.154E-43  0.265E+11  0.132E-03  0.139E-06  0.158E-02  0.345E-14      4.
  9  37  0.153E+04  0.789E-16 -0.999E+03  0.154E-43  0.306E+11  0.855E-04  0.659E-07  0.161E-02  0.106E-14      2.
  9  38  0.119E+04  0.117E-14 -0.999E+03  0.154E-43  0.378E+11  0.377E-03  0.444E-07  0.163E-02  0.534E-15      2.
  9  39  0.428E+04  0.139E-13 -0.999E+03  0.154E-43  0.498E+11  0.869E-03  0.425E-07  0.165E-02  0.438E-15      2.
  9  40  0.625E+03  0.159E-12 -0.999E+03  0.154E-43  0.687E+11  0.657E-03  0.524E-07  0.167E-02  0.511E-15      1.
  9  41  0.312E+04  0.690E-12 -0.999E+03  0.154E-43  0.967E+11  0.864E-03  0.719E-07  0.169E-02  0.693E-15      1.
  9  42  0.663E+04  0.191E-11 -0.999E+03  0.154E-43  0.135E+12  0.515E-02  0.939E-07  0.170E-02  0.876E-15      2.
  9  43  0.874E+04  0.347E-11 -0.999E+03  0.154E-43  0.184E+12  0.773E-02  0.109E-06  0.171E-02  0.940E-15      2.
  9  44  0.805E+04  0.417E-11 -0.999E+03  0.154E-43  0.248E+12  0.121E-01  0.117E-06  0.172E-02  0.910E-15      2.
  9  45  0.562E+04  0.393E-11 -0.999E+03  0.154E-43  0.330E+12  0.114E-01  0.120E-06  0.172E-02  0.815E-15      1.
  9  46  0.305E+04  0.319E-11 -0.999E+03  0.154E-43  0.432E+12  0.179E-01  0.112E-06  0.173E-02  0.646E-15      1.
  9  47  0.149E+04  0.242E-11 -0.999E+03  0.154E-43  0.558E+12  0.201E-01  0.963E-07  0.173E-02  0.457E-15      1.
  9  48  0.673E+03  0.176E-11 -0.999E+03  0.154E-43  0.716E+12  0.205E-01  0.805E-07  0.174E-02  0.310E-15      1.
  9  49  0.291E+03  0.124E-11 -0.999E+03  0.154E-43  0.925E+12  0.203E-01  0.696E-07  0.174E-02  0.221E-15      1.
  9  50  0.117E+03  0.855E-12 -0.999E+03  0.154E-43  0.121E+13  0.200E-01  0.651E-07  0.175E-02  0.176E-15      1.
  9  51  0.560E+02  0.580E-12 -0.999E+03  0.154E-43  0.160E+13  0.197E-01  0.639E-07  0.175E-02  0.149E-15      1.
  9  52  0.328E+02  0.391E-12 -0.999E+03  0.154E-43  0.210E+13  0.194E-01  0.596E-07  0.175E-02  0.118E-15      1.
  9  53  0.212E+02  0.263E-12 -0.999E+03  0.154E-43  0.267E+13  0.192E-01  0.474E-07  0.175E-02  0.747E-16      1.
  9  54  0.143E+02  0.177E-12 -0.999E+03  0.154E-43  0.330E+13  0.191E-01  0.323E-07  0.175E-02  0.381E-16      1.
  9  55  0.973E+01  0.119E-12 -0.999E+03  0.154E-43  0.408E+13  0.189E-01  0.222E-07  0.176E-02  0.197E-16      1.
  9  56  0.643E+01  0.791E-13 -0.999E+03  0.154E-43  0.517E+13  0.189E-01  0.175E-07  0.176E-02  0.123E-16      1.
  9  57  0.407E+01  0.522E-13 -0.999E+03  0.154E-43  0.688E+13  0.189E-01  0.179E-07  0.176E-02  0.111E-16      1.
  9  58  0.250E+01  0.340E-13 -0.999E+03  0.154E-43  0.929E+13  0.189E-01  0.196E-07  0.176E-02  0.110E-16      1.
  9  59  0.153E+01  0.217E-13 -0.999E+03  0.154E-43  0.135E+14  0.189E-01  0.314E-07  0.176E-02  0.185E-16      1.
 10   1  0.000E+00  0.000E+00 -0.999E+03  0.154E-43  0.178E+10  0.104E+00  0.155E+04  0.621E-01  0.430E+02      1.
 10   2  0.922E-28  0.000E+00 -0.999E+03  0.154E-43  0.220E+10  0.104E+00  0.177E+04  0.621E-01  0.452E+02      1.
 10   3  0.109E-26  0.000E+00 -0.999E+03  0.154E-43  0.333E+10  0.104E+00  0.279E+04  0.621E-01  0.743E+02      1.
 10   4  0.115E-25  0.000E+00 -0.999E+03  0.154E-43  0.466E+10  0.104E+00  0.387E+04  0.621E-01  0.102E+03      1.
 10   5  0.114E-24  0.000E+00 -0.999E+03  0.154E-43  0.614E+10  0.104E+00  0.489E+04  0.621E-01  0.123E+03      1.
 10   6  0.110E-23  0.000E+00 -0.999E+03  0.154E-43  0.786E+10  0.104E+00  0.586E+04  0.621E-01  0.139E+03      1.
 10   7  0.109E-22  0.000E+00 -0.999E+03  0.154E-43  0.985E+10  0.104E+00  0.677E+04  0.621E-01  0.148E+03      1.
 10   8  0.121E-21  0.000E+00 -0.999E+03  0.154E-43  0.121E+11  0.104E+00  0.754E+04  0.621E-01  0.150E+03      1.
 10   9  0.168E-20  0.000E+00 -0.999E+03  0.154E-43  0.149E+11  0.104E+00  0.835E+04  0.621E-01  0.150E+03      1.
 10  10  0.339E-19  0.000E+00 -0.999E+03  0.154E-43  0.188E+11  0.104E+00  0.964E+04  0.620E-01  0.160E+03      1.
 10  11  0.114E-17  0.000E+00 -0.999E+03  0.154E-43  0.244E+11  0.104E+00  0.116E+05  0.620E-01  0.181E+03      1.
 10  12  0.560E-16  0.000E+00 -0.999E+03  0.154E-43  0.308E+11  0.104E+00  0.132E+05  0.620E-01  0.189E+03      1.
 10  13  0.318E-14  0.000E+00 -0.999E+03  0.154E-43  0.363E+11  0.104E+00  0.132E+05  0.620E-01  0.165E+03      1.
 10  14  0.178E-12  0.000E+00 -0.999E+03  0.154E-43  0.407E+11  0.104E+00  0.117E+05  0.619E-01  0.121E+03      1.
 10  15  0.908E-11  0.000E+00 -0.999E+03  0.154E-43  0.449E+11  0.104E+00  0.985E+04  0.619E-01  0.831E+02      1.
 10  16  0.389E-09  0.000E+00 -0.999E+03  0.154E-43  0.479E+11  0.104E+00  0.746E+04  0.618E-01  0.492E+02      1.
 10  17  0.121E-07  0.000E+00 -0.999E+03  0.154E-43  0.471E+11  0.104E+00  0.448E+04  0.619E-01  0.211E+02      1.
 10  18  0.269E-06  0.000E+00 -0.999E+03  0.154E-43  0.442E+11  0.104E+00  0.223E+04  0.620E-01  0.696E+01      1.
 10  19  0.484E-05  0.000E+00 -0.999E+03  0.154E-43  0.417E+11  0.104E+00  0.104E+04  0.623E-01  0.208E+01      1.
 10  20  0.917E-04  0.000E+00 -0.999E+03  0.154E-43  0.398E+11  0.104E+00  0.455E+03  0.572E-01  0.574E+00      1.
 10  21  0.158E-02  0.000E+00 -0.999E+03  0.154E-43  0.381E+11  0.104E+00  0.184E+03  0.374E-01  0.142E+00      1.
 10  22  0.143E-01  0.140E-44 -0.999E+03  0.154E-43  0.369E+11  0.104E+00  0.706E+02  0.188E-01  0.325E-01      1.
 10  23  0.318E-01  0.125E-41 -0.999E+03  0.154E-43  0.347E+11  0.103E+00  0.219E+02  0.859E-02  0.556E-02      1.
 10  24  0.258E+00  0.143E-38 -0.999E+03  0.154E-43  0.310E+11  0.102E+00  0.501E+01  0.408E-02  0.617E-03      1.
 10  25  0.338E+01  0.192E-35 -0.999E+03  0.154E-43  0.270E+11  0.101E+00  0.896E+00  0.226E-02  0.489E-04      1.
 10  26  0.360E+02  0.381E-32 -0.999E+03  0.154E-43  0.225E+11  0.100E+00  0.116E+00  0.156E-02  0.246E-05      1.
 10  27  0.150E+02  0.835E-42 -0.999E+03  0.154E-43  0.184E+11  0.124E-01  0.118E-01  0.129E-02  0.888E-07     64.
 10  28  0.695E+02  0.123E-37 -0.999E+03  0.154E-43  0.157E+11  0.147E-02  0.133E-02  0.121E-02  0.369E-08     64.
 10  29  0.132E+02  0.140E-31 -0.999E+03  0.154E-43  0.142E+11  0.205E-03  0.191E-03  0.123E-02  0.215E-09     32.
 10  30  0.290E+03  0.914E-29 -0.999E+03  0.154E-43  0.133E+11  0.334E-04  0.301E-04  0.128E-02  0.142E-10     32.
 10  31  0.714E+03  0.842E-25 -0.999E+03  0.154E-43  0.129E+11  0.640E-05  0.573E-05  0.134E-02  0.122E-11     16.
 10  32  0.384E+03  0.137E-21 -0.999E+03  0.154E-43  0.138E+11  0.206E-05  0.186E-05  0.140E-02  0.221E-12      8.
 10  33  0.164E+03  0.901E-20 -0.999E+03  0.154E-43  0.165E+11  0.208E-05  0.104E-05  0.145E-02  0.866E-13      8.
 10  34  0.587E+02  0.202E-17 -0.999E+03  0.154E-43  0.201E+11  0.448E-05  0.670E-06  0.150E-02  0.407E-13      4.
 10  35  0.899E+03  0.491E-16 -0.999E+03  0.154E-43  0.235E+11  0.259E-04  0.336E-06  0.154E-02  0.136E-13      4.
 10  36  0.155E+03  0.109E-14 -0.999E+03  0.154E-43  0.265E+11  0.132E-03  0.139E-06  0.158E-02  0.345E-14      4.
 10  37  0.109E+04  0.360E-13 -0.999E+03  0.154E-43  0.306E+11  0.855E-04  0.659E-07  0.161E-02  0.106E-14      2.
 10  38  0.945E+03  0.261E-12 -0.999E+03  0.154E-43  0.378E+11  0.377E-03  0.444E-07  0.163E-02  0.534E-15      2.
 10  39  0.402E+04  0.148E-11 -0.999E+03  0.154E-43  0.498E+11  0.869E-03  0.425E-07  0.165E-02  0.438E-15      2.
 10  40  0.512E+03  0.750E-11 -0.999E+03  0.154E-43  0.687E+11  0.657E-03  0.524E-07  0.167E-02  0.511E-15      1.
 10  41  0.286E+04  0.200E-10 -0.999E+03  0.154E-43  0.967E+11  0.864E-03  0.719E-07  0.169E-02  0.693E-15      1.
 10  42  0.629E+04  0.351E-10 -0.999E+03  0.154E-43  0.135E+12  0.515E-02  0.939E-07  0.170E-02  0.876E-15      2.
 10  43  0.827E+04  0.427E-10 -0.999E+03  0.154E-43  0.184E+12  0.773E-02  0.109E-06  0.171E-02  0.940E-15      2.
 10  44  0.722E+04  0.386E-10 -0.999E+03  0.154E-43  0.248E+12  0.121E-01  0.117E-06  0.172E-02  0.910E-15      2.
 10  45  0.493E+04  0.291E-10 -0.999E+03  0.154E-43  0.330E+12  0.114E-01  0.120E-06  0.172E-02  0.815E-15      1.
 10  46  0.243E+04  0.199E-10 -0.999E+03  0.154E-43  0.432E+12  0.179E-01  0.112E-06  0.173E-02  0.646E-15      1.
 10  47  0.107E+04  0.131E-10 -0.999E+03  0.154E-43  0.558E+12  0.201E-01  0.963E-07  0.173E-02  0.457E-15      1.
 10  48  0.452E+03  0.859E-11 -0.999E+03  0.154E-43  0.716E+12  0.205E-01  0.805E-07  0.174E-02  0.310E-15      1.
 10  49  0.184E+03  0.563E-11 -0.999E+03  0.154E-43  0.925E+12  0.203E-01  0.696E-07  0.174E-02  0.221E-15      1.
 10  50  0.865E+02  0.370E-11 -0.999E+03  0.154E-43  0.121E+13  0.200E-01  0.651E-07  0.175E-02  0.176E-15      1.
 10  51  0.501E+02  0.244E-11 -0.999E+03  0.154E-43  0.160E+13  0.197E-01  0.639E-07  0.175E-02  0.149E-15      1.
 10  52  0.320E+02  0.161E-11 -0.999E+03  0.154E-43  0.210E+13  0.194E-01  0.596E-07  0.175E-02  0.118E-15      1.
 10  53  0.211E+02  0.107E-11 -0.999E+03  0.154E-43  0.267E+13  0.192E-01  0.474E-07  0.175E-02  0.747E-16      1.
 10  54  0.143E+02  0.714E-12 -0.999E+03  0.154E-43  0.330E+13  0.191E-01  0.323E-07  0.175E-02  0.381E-16      1.
 10  55  0.978E+01  0.475E-12 -0.999E+03  0.154E-43  0.408E+13  0.189E-01  0.222E-07  0.176E-02  0.197E-16      1.
 10  56  0.654E+01  0.313E-12 -0.999E+03  0.154E-43  0.517E+13  0.189E-01  0.175E-07  0.176E-02  0.123E-16      1.
 10  57  0.411E+01  0.203E-12 -0.999E+03  0.154E-43  0.688E+13  0.189E-01  0.179E-07  0.176E-02  0.111E-16      1.
 10  58  0.247E+01  0.130E-12 -0.999E+03  0.154E-43  0.929E+13  0.189E-01  0.196E-07  0.176E-02  0.110E-16      1.
 10  59  0.150E+01  0.810E-13 -0.999E+03  0.154E-43  0.135E+14  0.189E-01  0.314E-07  0.176E-02  0.185E-16      1.
 11   1  0.000E+00  0.000E+00 -0.999E+03  0.154E-43  0.178E+10  0.104E+00  0.155E+04  0.621E-01  0.430E+02      1.
 11   2  0.113E-27  0.000E+00 -0.999E+03  0.154E-43  0.220E+10  0.104E+00  0.177E+04  0.621E-01  0.452E+02      1.
 11   3  0.130E-26  0.000E+00 -0.999E+03  0.154E-43  0.333E+10  0.104E+00  0.279E+04  0.621E-01  0.743E+02      1.
 11   4  0.134E-25  0.000E+00 -0.999E+03  0.154E-43  0.466E+10  0.104E+00  0.387E+04  0.621E-01  0.102E+03      1.
 11   5  0.128E-24  0.000E+00 -0.999E+03  0.154E-43  0.614E+10  0.104E+00  0.489E+04  0.621E-01  0.123E+03      1.
 11   6  0.119E-23  0.000E+00 -0.999E+03  0.154E-43  0.786E+10  0.104E+00  0.586E+04  0.621E-01  0.139E+03      1.
 11   7  0.111E-22  0.000E+00 -0.999E+03  0.154E-43  0.985E+10  0.104E+00  0.677E+04  0.621E-01  0.148E+03      1.
 11   8  0.115E-21  0.000E+00 -0.999E+03  0.154E-43  0.121E+11  0.104E+00  0.754E+04  0.621E-01  0.150E+03      1.
 11   9  0.144E-20  0.000E+00 -0.999E+03  0.154E-43  0.149E+11  0.104E+00  0.835E+04  0.621E-01  0.150E+03      1.
 11  10  0.259E-19  0.000E+00 -0.999E+03  0.154E-43  0.188E+11  0.104E+00  0.964E+04  0.620E-01  0.160E+03      1.
 11  11  0.831E-18  0.000E+00 -0.999E+03  0.154E-43  0.244E+11  0.104E+00  0.116E+05  0.620E-01  0.181E+03      1.
 11  12  0.427E-16  0.000E+00 -0.999E+03  0.154E-43  0.308E+11  0.104E+00  0.132E+05  0.620E-01  0.189E+03      1.
 11  13  0.256E-14  0.000E+00 -0.999E+03  0.154E-43  0.363E+11  0.104E+00  0.132E+05  0.620E-01  0.165E+03      1.
 11  14  0.149E-12  0.000E+00 -0.999E+03  0.154E-43  0.407E+11  0.104E+00  0.117E+05  0.619E-01  0.121E+03      1.
 11  15  0.780E-11  0.000E+00 -0.999E+03  0.154E-43  0.449E+11  0.104E+00  0.985E+04  0.619E-01  0.831E+02      1.
 11  16  0.335E-09  0.000E+00 -0.999E+03  0.154E-43  0.479E+11  0.104E+00  0.746E+04  0.618E-01  0.492E+02      1.
 11  17  0.101E-07  0.000E+00 -0.999E+03  0.154E-43  0.471E+11  0.104E+00  0.448E+04  0.619E-01  0.211E+02      1.
 11  18  0.203E-06  0.000E+00 -0.999E+03  0.154E-43  0.442E+11  0.104E+00  0.223E+04  0.620E-01  0.696E+01      1.
 11  19  0.289E-05  0.000E+00 -0.999E+03  0.154E-43  0.417E+11  0.104E+00  0.104E+04  0.623E-01  0.208E+01      1.
 11  20  0.471E-04  0.000E+00 -0.999E+03  0.154E-43  0.398E+11  0.104E+00  0.455E+03  0.572E-01  0.574E+00      1.
 11  21  0.920E-03  0.841E-44 -0.999E+03  0.154E-43  0.381E+11  0.104E+00  0.184E+03  0.374E-01  0.142E+00      1.
 11  22  0.100E-01  0.672E-41 -0.999E+03  0.154E-43  0.369E+11  0.104E+00  0.706E+02  0.188E-01  0.325E-01      1.
 11  23  0.382E-01  0.654E-38 -0.999E+03  0.154E-43  0.347E+11  0.103E+00  0.219E+02  0.859E-02  0.556E-02      1.
 11  24  0.382E+00  0.819E-35 -0.999E+03  0.154E-43  0.310E+11  0.102E+00  0.501E+01  0.408E-02  0.617E-03      1.
 11  25  0.492E+01  0.130E-31 -0.999E+03  0.154E-43  0.270E+11  0.101E+00  0.896E+00  0.226E-02  0.489E-04      1.
 11  26  0.514E+02  0.160E-28 -0.999E+03  0.154E-43  0.225E+11  0.100E+00  0.116E+00  0.156E-02  0.246E-05      1.
 11  27  0.151E+02  0.169E-37 -0.999E+03  0.154E-43  0.184E+11  0.124E-01  0.118E-01  0.129E-02  0.888E-07     64.
 11  28  0.808E+02  0.632E-34 -0.999E+03  0.154E-43  0.157E+11  0.147E-02  0.133E-02  0.121E-02  0.369E-08     64.
 11  29  0.193E+02  0.835E-29 -0.999E+03  0.154E-43  0.142E+11  0.205E-03  0.191E-03  0.123E-02  0.215E-09     32.
 11  30  0.594E+03  0.509E-26 -0.999E+03  0.154E-43  0.133E+11  0.334E-04  0.301E-04  0.128E-02  0.142E-10     32.
 11  31  0.100E+04  0.180E-22 -0.999E+03  0.154E-43  0.129E+11  0.640E-05  0.573E-05  0.134E-02  0.122E-11     16.
 11  32  0.372E+03  0.157E-19 -0.999E+03  0.154E-43  0.138E+11  0.206E-05  0.186E-05  0.140E-02  0.221E-12      8.
 11  33  0.115E+03  0.111E-17 -0.999E+03  0.154E-43  0.165E+11  0.208E-05  0.104E-05  0.145E-02  0.866E-13      8.
 11  34  0.440E+02  0.165E-15 -0.999E+03  0.154E-43  0.201E+11  0.448E-05  0.670E-06  0.150E-02  0.407E-13      4.
 11  35  0.647E+03  0.308E-14 -0.999E+03  0.154E-43  0.235E+11  0.259E-04  0.336E-06  0.154E-02  0.136E-13      4.
 11  36  0.720E+02  0.485E-13 -0.999E+03  0.154E-43  0.265E+11  0.132E-03  0.139E-06  0.158E-02  0.345E-14      4.
 11  37  0.671E+03  0.803E-12 -0.999E+03  0.154E-43  0.306E+11  0.855E-04  0.659E-07  0.161E-02  0.106E-14      2.
 11  38  0.639E+03  0.472E-11 -0.999E+03  0.154E-43  0.378E+11  0.377E-03  0.444E-07  0.163E-02  0.534E-15      2.
 11  39  0.319E+04  0.203E-10 -0.999E+03  0.154E-43  0.498E+11  0.869E-03  0.425E-07  0.165E-02  0.438E-15      2.
 11  40  0.392E+03  0.666E-10 -0.999E+03  0.154E-43  0.687E+11  0.657E-03  0.524E-07  0.167E-02  0.511E-15      1.
 11  41  0.246E+04  0.140E-09 -0.999E+03  0.154E-43  0.967E+11  0.864E-03  0.719E-07  0.169E-02  0.693E-15      1.
 11  42  0.538E+04  0.203E-09 -0.999E+03  0.154E-43  0.135E+12  0.515E-02  0.939E-07  0.170E-02  0.876E-15      2.
 11  43  0.701E+04  0.209E-09 -0.999E+03  0.154E-43  0.184E+12  0.773E-02  0.109E-06  0.171E-02  0.940E-15      2.
 11  44  0.582E+04  0.167E-09 -0.999E+03  0.154E-43  0.248E+12  0.121E-01  0.117E-06  0.172E-02  0.910E-15      2.
 11  45  0.403E+04  0.114E-09 -0.999E+03  0.154E-43  0.330E+12  0.114E-01  0.120E-06  0.172E-02  0.815E-15      1.
 11  46  0.180E+04  0.730E-10 -0.999E+03  0.154E-43  0.432E+12  0.179E-01  0.112E-06  0.173E-02  0.646E-15      1.
 11  47  0.729E+03  0.455E-10 -0.999E+03  0.154E-43  0.558E+12  0.201E-01  0.963E-07  0.173E-02  0.457E-15      1.
 11  48  0.293E+03  0.284E-10 -0.999E+03  0.154E-43  0.716E+12  0.205E-01  0.805E-07  0.174E-02  0.310E-15      1.
 11  49  0.129E+03  0.179E-10 -0.999E+03  0.154E-43  0.925E+12  0.203E-01  0.696E-07  0.174E-02  0.221E-15      1.
 11  50  0.705E+02  0.114E-10 -0.999E+03  0.154E-43  0.121E+13  0.200E-01  0.651E-07  0.175E-02  0.176E-15      1.
 11  51  0.444E+02  0.737E-11 -0.999E+03  0.154E-43  0.160E+13  0.197E-01  0.639E-07  0.175E-02  0.149E-15      1.
 11  52  0.293E+02  0.480E-11 -0.999E+03  0.154E-43  0.210E+13  0.194E-01  0.596E-07  0.175E-02  0.118E-15      1.
 11  53  0.198E+02  0.314E-11 -0.999E+03  0.154E-43  0.267E+13  0.192E-01  0.474E-07  0.175E-02  0.747E-16      1.
 11  54  0.137E+02  0.207E-11 -0.999E+03  0.154E-43  0.330E+13  0.191E-01  0.323E-07  0.175E-02  0.381E-16      1.
 11  55  0.946E+01  0.135E-11 -0.999E+03  0.154E-43  0.408E+13  0.189E-01  0.222E-07  0.176E-02  0.197E-16      1.
 11  56  0.630E+01  0.876E-12 -0.999E+03  0.154E-43  0.517E+13  0.189E-01  0.175E-07  0.176E-02  0.123E-16      1.
 11  57  0.392E+01  0.558E-12 -0.999E+03  0.154E-43  0.688E+13  0.189E-01  0.179E-07  0.176E-02  0.111E-16      1.
 11  58  0.232E+01  0.348E-12 -0.999E+03  0.154E-43  0.929E+13  0.189E-01  0.196E-07  0.176E-02  0.110E-16      1.
 11  59  0.139E+01  0.210E-12 -0.999E+03  0.154E-43  0.135E+14  0.189E-01  0.314E-07  0.176E-02  0.185E-16      1.
 12   1  0.000E+00  0.000E+00 -0.999E+03  0.154E-43  0.178E+10  0.104E+00  0.155E+04  0.621E-01  0.430E+02      1.
 12   2  0.119E-27  0.000E+00 -0.999E+03  0.154E-43  0.220E+10  0.104E+00  0.177E+04  0.621E-01  0.452E+02      1.
 12   3  0.134E-26  0.000E+00 -0.999E+03  0.154E-43  0.333E+10  0.104E+00  0.279E+04  0.621E-01  0.743E+02      1.
 12   4  0.135E-25  0.000E+00 -0.999E+03  0.154E-43  0.466E+10  0.104E+00  0.387E+04  0.621E-01  0.102E+03      1.
 12   5  0.126E-24  0.000E+00 -0.999E+03  0.154E-43  0.614E+10  0.104E+00  0.489E+04  0.621E-01  0.123E+03      1.
 12   6  0.112E-23  0.000E+00 -0.999E+03  0.154E-43  0.786E+10  0.104E+00  0.586E+04  0.621E-01  0.139E+03      1.
 12   7  0.101E-22  0.000E+00 -0.999E+03  0.154E-43  0.985E+10  0.104E+00  0.677E+04  0.621E-01  0.148E+03      1.
 12   8  0.976E-22  0.000E+00 -0.999E+03  0.154E-43  0.121E+11  0.104E+00  0.754E+04  0.621E-01  0.150E+03      1.
 12   9  0.113E-20  0.000E+00 -0.999E+03  0.154E-43  0.149E+11  0.104E+00  0.835E+04  0.621E-01  0.150E+03      1.
 12  10  0.191E-19  0.000E+00 -0.999E+03  0.154E-43  0.188E+11  0.104E+00  0.964E+04  0.620E-01  0.160E+03      1.
 12  11  0.614E-18  0.000E+00 -0.999E+03  0.154E-43  0.244E+11  0.104E+00  0.116E+05  0.620E-01  0.181E+03      1.
 12  12  0.333E-16  0.000E+00 -0.999E+03  0.154E-43  0.308E+11  0.104E+00  0.132E+05  0.620E-01  0.189E+03      1.
 12  13  0.208E-14  0.000E+00 -0.999E+03  0.154E-43  0.363E+11  0.104E+00  0.132E+05  0.620E-01  0.165E+03      1.
 12  14  0.124E-12  0.000E+00 -0.999E+03  0.154E-43  0.407E+11  0.104E+00  0.117E+05  0.619E-01  0.121E+03      1.
 12  15  0.656E-11  0.000E+00 -0.999E+03  0.154E-43  0.449E+11  0.104E+00  0.985E+04  0.619E-01  0.831E+02      1.
 12  16  0.281E-09  0.000E+00 -0.999E+03  0.154E-43  0.479E+11  0.104E+00  0.746E+04  0.618E-01  0.492E+02      1.
 12  17  0.832E-08  0.000E+00 -0.999E+03  0.154E-43  0.471E+11  0.104E+00  0.448E+04  0.619E-01  0.211E+02      1.
 12  18  0.157E-06  0.000E+00 -0.999E+03  0.154E-43  0.442E+11  0.104E+00  0.223E+04  0.620E-01  0.696E+01      1.
 12  19  0.190E-05  0.000E+00 -0.999E+03  0.154E-43  0.417E+11  0.104E+00  0.104E+04  0.623E-01  0.208E+01      1.
 12  20  0.276E-04  0.701E-44 -0.999E+03  0.154E-43  0.398E+11  0.104E+00  0.455E+03  0.572E-01  0.574E+00      1.
 12  21  0.645E-03  0.659E-41 -0.999E+03  0.154E-43  0.381E+11  0.104E+00  0.184E+03  0.374E-01  0.142E+00      1.
 12  22  0.834E-02  0.597E-38 -0.999E+03  0.154E-43  0.369E+11  0.104E+00  0.706E+02  0.188E-01  0.325E-01      1.
 12  23  0.421E-01  0.619E-35 -0.999E+03  0.154E-43  0.347E+11  0.103E+00  0.219E+02  0.859E-02  0.556E-02      1.
 12  24  0.549E+00  0.860E-32 -0.999E+03  0.154E-43  0.310E+11  0.102E+00  0.501E+01  0.408E-02  0.617E-03      1.
 12  25  0.646E+01  0.188E-28 -0.999E+03  0.154E-43  0.270E+11  0.101E+00  0.896E+00  0.226E-02  0.489E-04      1.
 12  26  0.630E+02  0.408E-26 -0.999E+03  0.154E-43  0.225E+11  0.100E+00  0.116E+00  0.156E-02  0.246E-05      1.
 12  27  0.156E+02  0.152E-33 -0.999E+03  0.154E-43  0.184E+11  0.124E-01  0.118E-01  0.129E-02  0.888E-07     64.
 12  28  0.104E+03  0.161E-30 -0.999E+03  0.154E-43  0.157E+11  0.147E-02  0.133E-02  0.121E-02  0.369E-08     64.
 12  29  0.314E+02  0.200E-26 -0.999E+03  0.154E-43  0.142E+11  0.205E-03  0.191E-03  0.123E-02  0.215E-09     32.
 12  30  0.844E+03  0.105E-23 -0.999E+03  0.154E-43  0.133E+11  0.334E-04  0.301E-04  0.128E-02  0.142E-10     32.
 12  31  0.121E+04  0.163E-20 -0.999E+03  0.154E-43  0.129E+11  0.640E-05  0.573E-05  0.134E-02  0.122E-11     16.
 12  32  0.283E+03  0.804E-18 -0.999E+03  0.154E-43  0.138E+11  0.206E-05  0.186E-05  0.140E-02  0.221E-12      8.
 12  33  0.615E+02  0.592E-16 -0.999E+03  0.154E-43  0.165E+11  0.208E-05  0.104E-05  0.145E-02  0.866E-13      8.
 12  34  0.287E+02  0.493E-14 -0.999E+03  0.154E-43  0.201E+11  0.448E-05  0.670E-06  0.150E-02  0.407E-13      4.
 12  35  0.397E+03  0.788E-13 -0.999E+03  0.154E-43  0.235E+11  0.259E-04  0.336E-06  0.154E-02  0.136E-13      4.
 12  36  0.272E+02  0.858E-12 -0.999E+03  0.154E-43  0.265E+11  0.132E-03  0.139E-06  0.158E-02  0.345E-14      4.
 12  37  0.365E+03  0.811E-11 -0.999E+03  0.154E-43  0.306E+11  0.855E-04  0.659E-07  0.161E-02  0.106E-14      2.
 12  38  0.376E+03  0.381E-10 -0.999E+03  0.154E-43  0.378E+11  0.377E-03  0.444E-07  0.163E-02  0.534E-15      2.
 12  39  0.215E+04  0.126E-09 -0.999E+03  0.154E-43  0.498E+11  0.869E-03  0.425E-07  0.165E-02  0.438E-15      2.
 12  40  0.288E+03  0.307E-09 -0.999E+03  0.154E-43  0.687E+11  0.657E-03  0.524E-07  0.167E-02  0.511E-15      1.
 12  41  0.197E+04  0.530E-09 -0.999E+03  0.154E-43  0.967E+11  0.864E-03  0.719E-07  0.169E-02  0.693E-15      1.
 12  42  0.408E+04  0.632E-09 -0.999E+03  0.154E-43  0.135E+12  0.515E-02  0.939E-07  0.170E-02  0.876E-15      2.
 12  43  0.539E+04  0.561E-09 -0.999E+03  0.154E-43  0.184E+12  0.773E-02  0.109E-06  0.171E-02  0.940E-15      2.
 12  44  0.422E+04  0.414E-09 -0.999E+03  0.154E-43  0.248E+12  0.121E-01  0.117E-06  0.172E-02  0.910E-15      2.
 12  45  0.303E+04  0.275E-09 -0.999E+03  0.154E-43  0.330E+12  0.114E-01  0.120E-06  0.172E-02  0.815E-15      1.
 12  46  0.123E+04  0.174E-09 -0.999E+03  0.154E-43  0.432E+12  0.179E-01  0.112E-06  0.173E-02  0.646E-15      1.
 12  47  0.471E+03  0.109E-09 -0.999E+03  0.154E-43  0.558E+12  0.201E-01  0.963E-07  0.173E-02  0.457E-15      1.
 12  48  0.188E+03  0.680E-10 -0.999E+03  0.154E-43  0.716E+12  0.205E-01  0.805E-07  0.174E-02  0.310E-15      1.
 12  49  0.959E+02  0.431E-10 -0.999E+03  0.154E-43  0.925E+12  0.203E-01  0.696E-07  0.174E-02  0.221E-15      1.
 12  50  0.602E+02  0.276E-10 -0.999E+03  0.154E-43  0.121E+13  0.200E-01  0.651E-07  0.175E-02  0.176E-15      1.
 12  51  0.400E+02  0.179E-10 -0.999E+03  0.154E-43  0.160E+13  0.197E-01  0.639E-07  0.175E-02  0.149E-15      1.
 12  52  0.266E+02  0.116E-10 -0.999E+03  0.154E-43  0.210E+13  0.194E-01  0.596E-07  0.175E-02  0.118E-15      1.
 12  53  0.178E+02  0.762E-11 -0.999E+03  0.154E-43  0.267E+13  0.192E-01  0.474E-07  0.175E-02  0.747E-16      1.
 12  54  0.120E+02  0.499E-11 -0.999E+03  0.154E-43  0.330E+13  0.191E-01  0.323E-07  0.175E-02  0.381E-16      1.
 12  55  0.811E+01  0.324E-11 -0.999E+03  0.154E-43  0.408E+13  0.189E-01  0.222E-07  0.176E-02  0.197E-16      1.
 12  56  0.529E+01  0.207E-11 -0.999E+03  0.154E-43  0.517E+13  0.189E-01  0.175E-07  0.176E-02  0.123E-16      1.
 12  57  0.325E+01  0.129E-11 -0.999E+03  0.154E-43  0.688E+13  0.189E-01  0.179E-07  0.176E-02  0.111E-16      1.
 12  58  0.193E+01  0.782E-12 -0.999E+03  0.154E-43  0.929E+13  0.189E-01  0.196E-07  0.176E-02  0.110E-16      1.
 12  59  0.115E+01  0.456E-12 -0.999E+03  0.154E-43  0.135E+14  0.189E-01  0.314E-07  0.176E-02  0.185E-16      1.
 13   1  0.000E+00  0.000E+00 -0.999E+03  0.154E-43  0.178E+10  0.104E+00  0.155E+04  0.621E-01  0.430E+02      1.
 13   2  0.108E-27  0.000E+00 -0.999E+03  0.154E-43  0.220E+10  0.104E+00  0.177E+04  0.621E-01  0.452E+02      1.
 13   3  0.119E-26  0.000E+00 -0.999E+03  0.154E-43  0.333E+10  0.104E+00  0.279E+04  0.621E-01  0.743E+02      1.
 13   4  0.117E-25  0.000E+00 -0.999E+03  0.154E-43  0.466E+10  0.104E+00  0.387E+04  0.621E-01  0.102E+03      1.
 13   5  0.106E-24  0.000E+00 -0.999E+03  0.154E-43  0.614E+10  0.104E+00  0.489E+04  0.621E-01  0.123E+03      1.
 13   6  0.921E-24  0.000E+00 -0.999E+03  0.154E-43  0.786E+10  0.104E+00  0.586E+04  0.621E-01  0.139E+03      1.
 13   7  0.793E-23  0.000E+00 -0.999E+03  0.154E-43  0.985E+10  0.104E+00  0.677E+04  0.621E-01  0.148E+03      1.
 13   8  0.733E-22  0.000E+00 -0.999E+03  0.154E-43  0.121E+11  0.104E+00  0.754E+04  0.621E-01  0.150E+03      1.
 13   9  0.806E-21  0.000E+00 -0.999E+03  0.154E-43  0.149E+11  0.104E+00  0.835E+04  0.621E-01  0.150E+03      1.
 13  10  0.134E-19  0.000E+00 -0.999E+03  0.154E-43  0.188E+11  0.104E+00  0.964E+04  0.620E-01  0.160E+03      1.
 13  11  0.457E-18  0.000E+00 -0.999E+03  0.154E-43  0.244E+11  0.104E+00  0.116E+05  0.620E-01  0.181E+03      1.
 13  12  0.263E-16  0.000E+00 -0.999E+03  0.154E-43  0.308E+11  0.104E+00  0.132E+05  0.620E-01  0.189E+03      1.
 13  13  0.169E-14  0.000E+00 -0.999E+03  0.154E-43  0.363E+11  0.104E+00  0.132E+05  0.620E-01  0.165E+03      1.
 13  14  0.102E-12  0.000E+00 -0.999E+03  0.154E-43  0.407E+11  0.104E+00  0.117E+05  0.619E-01  0.121E+03      1.
 13  15  0.537E-11  0.000E+00 -0.999E+03  0.154E-43  0.449E+11  0.104E+00  0.985E+04  0.619E-01  0.831E+02      1.
 13  16  0.229E-09  0.000E+00 -0.999E+03  0.154E-43  0.479E+11  0.104E+00  0.746E+04  0.618E-01  0.492E+02      1.
 13  17  0.670E-08  0.000E+00 -0.999E+03  0.154E-43  0.471E+11  0.104E+00  0.448E+04  0.619E-01  0.211E+02      1.
 13  18  0.125E-06  0.000E+00 -0.999E+03  0.154E-43  0.442E+11  0.104E+00  0.223E+04  0.620E-01  0.696E+01      1.
 13  19  0.150E-05  0.140E-44 -0.999E+03  0.154E-43  0.417E+11  0.104E+00  0.104E+04  0.623E-01  0.208E+01      1.
 13  20  0.244E-04  0.154E-41 -0.999E+03  0.154E-43  0.398E+11  0.104E+00  0.455E+03  0.572E-01  0.574E+00      1.
 13  21  0.638E-03  0.155E-38 -0.999E+03  0.154E-43  0.381E+11  0.104E+00  0.184E+03  0.374E-01  0.142E+00      1.
 13  22  0.921E-02  0.147E-35 -0.999E+03  0.154E-43  0.369E+11  0.104E+00  0.706E+02  0.188E-01  0.325E-01      1.
 13  23  0.588E-01  0.162E-32 -0.999E+03  0.154E-43  0.347E+11  0.103E+00  0.219E+02  0.859E-02  0.556E-02      1.
 13  24  0.788E+00  0.261E-29 -0.999E+03  0.154E-43  0.310E+11  0.102E+00  0.501E+01  0.408E-02  0.617E-03      1.
 13  25  0.840E+01  0.337E-26 -0.999E+03  0.154E-43  0.270E+11  0.101E+00  0.896E+00  0.226E-02  0.489E-04      1.
 13  26  0.750E+02  0.398E-24 -0.999E+03  0.154E-43  0.225E+11  0.100E+00  0.116E+00  0.156E-02  0.246E-05      1.
 13  27  0.165E+02  0.351E-30 -0.999E+03  0.154E-43  0.184E+11  0.124E-01  0.118E-01  0.129E-02  0.888E-07     64.
 13  28  0.141E+03  0.187E-27 -0.999E+03  0.154E-43  0.157E+11  0.147E-02  0.133E-02  0.121E-02  0.369E-08     64.
 13  29  0.507E+02  0.291E-24 -0.999E+03  0.154E-43  0.142E+11  0.205E-03  0.191E-03  0.123E-02  0.215E-09     32.
 13  30  0.139E+04  0.119E-21 -0.999E+03  0.154E-43  0.133E+11  0.334E-04  0.301E-04  0.128E-02  0.142E-10     32.
 13  31  0.112E+04  0.895E-19 -0.999E+03  0.154E-43  0.129E+11  0.640E-05  0.573E-05  0.134E-02  0.122E-11     16.
 13  32  0.184E+03  0.267E-16 -0.999E+03  0.154E-43  0.138E+11  0.206E-05  0.186E-05  0.140E-02  0.221E-12      8.
 13  33  0.266E+02  0.161E-14 -0.999E+03  0.154E-43  0.165E+11  0.208E-05  0.104E-05  0.145E-02  0.866E-13      8.
 13  34  0.171E+02  0.800E-13 -0.999E+03  0.154E-43  0.201E+11  0.448E-05  0.670E-06  0.150E-02  0.407E-13      4.
 13  35  0.209E+03  0.989E-12 -0.999E+03  0.154E-43  0.235E+11  0.259E-04  0.336E-06  0.154E-02  0.136E-13      4.
 13  36  0.914E+01  0.782E-11 -0.999E+03  0.154E-43  0.265E+11  0.132E-03  0.139E-06  0.158E-02  0.345E-14      4.
 13  37  0.170E+03  0.503E-10 -0.999E+03  0.154E-43  0.306E+11  0.855E-04  0.659E-07  0.161E-02  0.106E-14      2.
 13  38  0.198E+03  0.190E-09 -0.999E+03  0.154E-43  0.378E+11  0.377E-03  0.444E-07  0.163E-02  0.534E-15      2.
 13  39  0.124E+04  0.496E-09 -0.999E+03  0.154E-43  0.498E+11  0.869E-03  0.425E-07  0.165E-02  0.438E-15      2.
 13  40  0.212E+03  0.893E-09 -0.999E+03  0.154E-43  0.687E+11  0.657E-03  0.524E-07  0.167E-02  0.511E-15      1.
 13  41  0.146E+04  0.121E-08 -0.999E+03  0.154E-43  0.967E+11  0.864E-03  0.719E-07  0.169E-02  0.693E-15      1.
 13  42  0.263E+04  0.128E-08 -0.999E+03  0.154E-43  0.135E+12  0.515E-02  0.939E-07  0.170E-02  0.876E-15      2.
 13  43  0.350E+04  0.108E-08 -0.999E+03  0.154E-43  0.184E+12  0.773E-02  0.109E-06  0.171E-02  0.940E-15      2.
 13  44  0.257E+04  0.774E-09 -0.999E+03  0.154E-43  0.248E+12  0.121E-01  0.117E-06  0.172E-02  0.910E-15      2.
 13  45  0.209E+04  0.507E-09 -0.999E+03  0.154E-43  0.330E+12  0.114E-01  0.120E-06  0.172E-02  0.815E-15      1.
 13  46  0.799E+03  0.321E-09 -0.999E+03  0.154E-43  0.432E+12  0.179E-01  0.112E-06  0.173E-02  0.646E-15      1.
 13  47  0.285E+03  0.202E-09 -0.999E+03  0.154E-43  0.558E+12  0.201E-01  0.963E-07  0.173E-02  0.457E-15      1.
 13  48  0.126E+03  0.128E-09 -0.999E+03  0.154E-43  0.716E+12  0.205E-01  0.805E-07  0.174E-02  0.310E-15      1.
 13  49  0.753E+02  0.822E-10 -0.999E+03  0.154E-43  0.925E+12  0.203E-01  0.696E-07  0.174E-02  0.221E-15      1.
 13  50  0.499E+02  0.535E-10 -0.999E+03  0.154E-43  0.121E+13  0.200E-01  0.651E-07  0.175E-02  0.176E-15      1.
 13  51  0.331E+02  0.350E-10 -0.999E+03  0.154E-43  0.160E+13  0.197E-01  0.639E-07  0.175E-02  0.149E-15      1.
 13  52  0.217E+02  0.230E-10 -0.999E+03  0.154E-43  0.210E+13  0.194E-01  0.596E-07  0.175E-02  0.118E-15      1.
 13  53  0.143E+02  0.151E-10 -0.999E+03  0.154E-43  0.267E+13  0.192E-01  0.474E-07  0.175E-02  0.747E-16      1.
 13  54  0.959E+01  0.980E-11 -0.999E+03  0.154E-43  0.330E+13  0.191E-01  0.323E-07  0.175E-02  0.381E-16      1.
 13  55  0.639E+01  0.629E-11 -0.999E+03  0.154E-43  0.408E+13  0.189E-01  0.222E-07  0.176E-02  0.197E-16      1.
 13  56  0.412E+01  0.394E-11 -0.999E+03  0.154E-43  0.517E+13  0.189E-01  0.175E-07  0.176E-02  0.123E-16      1.
 13  57  0.251E+01  0.240E-11 -0.999E+03  0.154E-43  0.688E+13  0.189E-01  0.179E-07  0.176E-02  0.111E-16      1.
 13  58  0.148E+01  0.141E-11 -0.999E+03  0.154E-43  0.929E+13  0.189E-01  0.196E-07  0.176E-02  0.110E-16      1.
 13  59  0.875E+00  0.783E-12 -0.999E+03  0.154E-43  0.135E+14  0.189E-01  0.314E-07  0.176E-02  0.185E-16      1.
 14   1  0.000E+00  0.000E+00 -0.999E+03  0.154E-43  0.178E+10  0.104E+00  0.155E+04  0.621E-01  0.430E+02      1.
 14   2  0.852E-28  0.000E+00 -0.999E+03  0.154E-43  0.220E+10  0.104E+00  0.177E+04  0.621E-01  0.452E+02      1.
 14   3  0.917E-27  0.000E+00 -0.999E+03  0.154E-43  0.333E+10  0.104E+00  0.279E+04  0.621E-01  0.743E+02      1.
 14   4  0.885E-26  0.000E+00 -0.999E+03  0.154E-43  0.466E+10  0.104E+00  0.387E+04  0.621E-01  0.102E+03      1.
 14   5  0.792E-25  0.000E+00 -0.999E+03  0.154E-43  0.614E+10  0.104E+00  0.489E+04  0.621E-01  0.123E+03      1.
 14   6  0.669E-24  0.000E+00 -0.999E+03  0.154E-43  0.786E+10  0.104E+00  0.586E+04  0.621E-01  0.139E+03      1.
 14   7  0.557E-23  0.000E+00 -0.999E+03  0.154E-43  0.985E+10  0.104E+00  0.677E+04  0.621E-01  0.148E+03      1.
 14   8  0.493E-22  0.000E+00 -0.999E+03  0.154E-43  0.121E+11  0.104E+00  0.754E+04  0.621E-01  0.150E+03      1.
 14   9  0.526E-21  0.000E+00 -0.999E+03  0.154E-43  0.149E+11  0.104E+00  0.835E+04  0.621E-01  0.150E+03      1.
 14  10  0.910E-20  0.000E+00 -0.999E+03  0.154E-43  0.188E+11  0.104E+00  0.964E+04  0.620E-01  0.160E+03      1.
 14  11  0.350E-18  0.000E+00 -0.999E+03  0.154E-43  0.244E+11  0.104E+00  0.116E+05  0.620E-01  0.181E+03      1.
 14  12  0.214E-16  0.000E+00 -0.999E+03  0.154E-43  0.308E+11  0.104E+00  0.132E+05  0.620E-01  0.189E+03      1.
 14  13  0.139E-14  0.000E+00 -0.999E+03  0.154E-43  0.363E+11  0.104E+00  0.132E+05  0.620E-01  0.165E+03      1.
 14  14  0.834E-13  0.000E+00 -0.999E+03  0.154E-43  0.407E+11  0.104E+00  0.117E+05  0.619E-01  0.121E+03      1.
 14  15  0.436E-11  0.000E+00 -0.999E+03  0.154E-43  0.449E+11  0.104E+00  0.985E+04  0.619E-01  0.831E+02      1.
 14  16  0.184E-09  0.000E+00 -0.999E+03  0.154E-43  0.479E+11  0.104E+00  0.746E+04  0.618E-01  0.492E+02      1.
 14  17  0.531E-08  0.000E+00 -0.999E+03  0.154E-43  0.471E+11  0.104E+00  0.448E+04  0.619E-01  0.211E+02      1.
 14  18  0.992E-07  0.392E-43 -0.999E+03  0.154E-43  0.442E+11  0.104E+00  0.223E+04  0.620E-01  0.696E+01      1.
 14  19  0.132E-05  0.389E-40 -0.999E+03  0.154E-43  0.417E+11  0.104E+00  0.104E+04  0.623E-01  0.208E+01      1.
 14  20  0.271E-04  0.356E-37 -0.999E+03  0.154E-43  0.398E+11  0.104E+00  0.455E+03  0.572E-01  0.574E+00      1.
 14  21  0.744E-03  0.309E-34 -0.999E+03  0.154E-43  0.381E+11  0.104E+00  0.184E+03  0.374E-01  0.142E+00      1.
 14  22  0.115E-01  0.243E-31 -0.999E+03  0.154E-43  0.369E+11  0.104E+00  0.706E+02  0.188E-01  0.325E-01      1.
 14  23  0.883E-01  0.214E-28 -0.999E+03  0.154E-43  0.347E+11  0.103E+00  0.219E+02  0.859E-02  0.556E-02      1.
 14  24  0.115E+01  0.297E-25 -0.999E+03  0.154E-43  0.310E+11  0.102E+00  0.501E+01  0.408E-02  0.617E-03      1.
 14  25  0.109E+02  0.502E-23 -0.999E+03  0.154E-43  0.270E+11  0.101E+00  0.896E+00  0.226E-02  0.489E-04      1.
 14  26  0.854E+02  0.236E-22 -0.999E+03  0.154E-43  0.225E+11  0.100E+00  0.116E+00  0.156E-02  0.246E-05      1.
 14  27  0.182E+02  0.647E-27 -0.999E+03  0.154E-43  0.184E+11  0.124E-01  0.118E-01  0.129E-02  0.888E-07     64.
 14  28  0.210E+03  0.750E-25 -0.999E+03  0.154E-43  0.157E+11  0.147E-02  0.133E-02  0.121E-02  0.369E-08     64.
 14  29  0.832E+02  0.357E-22 -0.999E+03  0.154E-43  0.142E+11  0.205E-03  0.191E-03  0.123E-02  0.215E-09     32.
 14  30  0.150E+04  0.104E-19 -0.999E+03  0.154E-43  0.133E+11  0.334E-04  0.301E-04  0.128E-02  0.142E-10     32.
 14  31  0.818E+03  0.363E-17 -0.999E+03  0.154E-43  0.129E+11  0.640E-05  0.573E-05  0.134E-02  0.122E-11     16.
 14  32  0.105E+03  0.625E-15 -0.999E+03  0.154E-43  0.138E+11  0.206E-05  0.186E-05  0.140E-02  0.221E-12      8.
 14  33  0.979E+01  0.289E-13 -0.999E+03  0.154E-43  0.165E+11  0.208E-05  0.104E-05  0.145E-02  0.866E-13      8.
 14  34  0.994E+01  0.814E-12 -0.999E+03  0.154E-43  0.201E+11  0.448E-05  0.670E-06  0.150E-02  0.407E-13      4.
 14  35  0.945E+02  0.769E-11 -0.999E+03  0.154E-43  0.235E+11  0.259E-04  0.336E-06  0.154E-02  0.136E-13      4.
 14  36  0.345E+01  0.461E-10 -0.999E+03  0.154E-43  0.265E+11  0.132E-03  0.139E-06  0.158E-02  0.345E-14      4.
 14  37  0.713E+02  0.217E-09 -0.999E+03  0.154E-43  0.306E+11  0.855E-04  0.659E-07  0.161E-02  0.106E-14      2.
 14  38  0.967E+02  0.635E-09 -0.999E+03  0.154E-43  0.378E+11  0.377E-03  0.444E-07  0.163E-02  0.534E-15      2.
 14  39  0.628E+03  0.123E-08 -0.999E+03  0.154E-43  0.498E+11  0.869E-03  0.425E-07  0.165E-02  0.438E-15      2.
 14  40  0.160E+03  0.182E-08 -0.999E+03  0.154E-43  0.687E+11  0.657E-03  0.524E-07  0.167E-02  0.511E-15      1.
 14  41  0.100E+04  0.223E-08 -0.999E+03  0.154E-43  0.967E+11  0.864E-03  0.719E-07  0.169E-02  0.693E-15      1.
 14  42  0.146E+04  0.213E-08 -0.999E+03  0.154E-43  0.135E+12  0.515E-02  0.939E-07  0.170E-02  0.876E-15      2.
 14  43  0.192E+04  0.167E-08 -0.999E+03  0.154E-43  0.184E+12  0.773E-02  0.109E-06  0.171E-02  0.940E-15      2.
 14  44  0.132E+04  0.117E-08 -0.999E+03  0.154E-43  0.248E+12  0.121E-01  0.117E-06  0.172E-02  0.910E-15      2.
 14  45  0.134E+04  0.769E-09 -0.999E+03  0.154E-43  0.330E+12  0.114E-01  0.120E-06  0.172E-02  0.815E-15      1.
 14  46  0.467E+03  0.497E-09 -0.999E+03  0.154E-43  0.432E+12  0.179E-01  0.112E-06  0.173E-02  0.646E-15      1.
 14  47  0.169E+03  0.323E-09 -0.999E+03  0.154E-43  0.558E+12  0.201E-01  0.963E-07  0.173E-02  0.457E-15      1.
 14  48  0.869E+02  0.212E-09 -0.999E+03  0.154E-43  0.716E+12  0.205E-01  0.805E-07  0.174E-02  0.310E-15      1.
 14  49  0.558E+02  0.140E-09 -0.999E+03  0.154E-43  0.925E+12  0.203E-01  0.696E-07  0.174E-02  0.221E-15      1.
 14  50  0.369E+02  0.929E-10 -0.999E+03  0.154E-43  0.121E+13  0.200E-01  0.651E-07  0.175E-02  0.176E-15      1.
 14  51  0.241E+02  0.615E-10 -0.999E+03  0.154E-43  0.160E+13  0.197E-01  0.639E-07  0.175E-02  0.149E-15      1.
 14  52  0.157E+02  0.405E-10 -0.999E+03  0.154E-43  0.210E+13  0.194E-01  0.596E-07  0.175E-02  0.118E-15      1.
 14  53  0.104E+02  0.265E-10 -0.999E+03  0.154E-43  0.267E+13  0.192E-01  0.474E-07  0.175E-02  0.747E-16      1.
 14  54  0.696E+01  0.170E-10 -0.999E+03  0.154E-43  0.330E+13  0.191E-01  0.323E-07  0.175E-02  0.381E-16      1.
 14  55  0.461E+01  0.107E-10 -0.999E+03  0.154E-43  0.408E+13  0.189E-01  0.222E-07  0.176E-02  0.197E-16      1.
 14  56  0.295E+01  0.653E-11 -0.999E+03  0.154E-43  0.517E+13  0.189E-01  0.175E-07  0.176E-02  0.123E-16      1.
 14  57  0.179E+01  0.383E-11 -0.999E+03  0.154E-43  0.688E+13  0.189E-01  0.179E-07  0.176E-02  0.111E-16      1.
 14  58  0.105E+01  0.215E-11 -0.999E+03  0.154E-43  0.929E+13  0.189E-01  0.196E-07  0.176E-02  0.110E-16      1.
 14  59  0.613E+00  0.113E-11 -0.999E+03  0.154E-43  0.135E+14  0.189E-01  0.314E-07  0.176E-02  0.185E-16      1.
 15   1  0.000E+00  0.000E+00 -0.999E+03  0.154E-43  0.178E+10  0.104E+00  0.155E+04  0.621E-01  0.430E+02      1.
 15   2  0.593E-28  0.000E+00 -0.999E+03  0.154E-43  0.220E+10  0.104E+00  0.177E+04  0.621E-01  0.452E+02      1.
 15   3  0.625E-27  0.000E+00 -0.999E+03  0.154E-43  0.333E+10  0.104E+00  0.279E+04  0.621E-01  0.743E+02      1.
 15   4  0.594E-26  0.000E+00 -0.999E+03  0.154E-43  0.466E+10  0.104E+00  0.387E+04  0.621E-01  0.102E+03      1.
 15   5  0.524E-25  0.000E+00 -0.999E+03  0.154E-43  0.614E+10  0.104E+00  0.489E+04  0.621E-01  0.123E+03      1.
 15   6  0.435E-24  0.000E+00 -0.999E+03  0.154E-43  0.786E+10  0.104E+00  0.586E+04  0.621E-01  0.139E+03      1.
 15   7  0.353E-23  0.000E+00 -0.999E+03  0.154E-43  0.985E+10  0.104E+00  0.677E+04  0.621E-01  0.148E+03      1.
 15   8  0.303E-22  0.000E+00 -0.999E+03  0.154E-43  0.121E+11  0.104E+00  0.754E+04  0.621E-01  0.150E+03      1.
 15   9  0.322E-21  0.000E+00 -0.999E+03  0.154E-43  0.149E+11  0.104E+00  0.835E+04  0.621E-01  0.150E+03      1.
 15  10  0.623E-20  0.000E+00 -0.999E+03  0.154E-43  0.188E+11  0.104E+00  0.964E+04  0.620E-01  0.160E+03      1.
 15  11  0.279E-18  0.000E+00 -0.999E+03  0.154E-43  0.244E+11  0.104E+00  0.116E+05  0.620E-01  0.181E+03      1.
 15  12  0.179E-16  0.000E+00 -0.999E+03  0.154E-43  0.308E+11  0.104E+00  0.132E+05  0.620E-01  0.189E+03      1.
 15  13  0.117E-14  0.000E+00 -0.999E+03  0.154E-43  0.363E+11  0.104E+00  0.132E+05  0.620E-01  0.165E+03      1.
 15  14  0.691E-13  0.000E+00 -0.999E+03  0.154E-43  0.407E+11  0.104E+00  0.117E+05  0.619E-01  0.121E+03      1.
 15  15  0.355E-11  0.000E+00 -0.999E+03  0.154E-43  0.449E+11  0.104E+00  0.985E+04  0.619E-01  0.831E+02      1.
 15  16  0.147E-09  0.000E+00 -0.999E+03  0.154E-43  0.479E+11  0.104E+00  0.746E+04  0.618E-01  0.492E+02      1.
 15  17  0.418E-08  0.140E-44 -0.999E+03  0.154E-43  0.471E+11  0.104E+00  0.448E+04  0.619E-01  0.211E+02      1.
 15  18  0.791E-07  0.970E-42 -0.999E+03  0.154E-43  0.442E+11  0.104E+00  0.223E+04  0.620E-01  0.696E+01      1.
 15  19  0.123E-05  0.967E-39 -0.999E+03  0.154E-43  0.417E+11  0.104E+00  0.104E+04  0.623E-01  0.208E+01      1.
 15  20  0.314E-04  0.886E-36 -0.999E+03  0.154E-43  0.398E+11  0.104E+00  0.455E+03  0.572E-01  0.574E+00      1.
 15  21  0.896E-03  0.765E-33 -0.999E+03  0.154E-43  0.381E+11  0.104E+00  0.184E+03  0.374E-01  0.142E+00      1.
 15  22  0.148E-01  0.592E-30 -0.999E+03  0.154E-43  0.369E+11  0.104E+00  0.706E+02  0.188E-01  0.325E-01      1.
 15  23  0.135E+00  0.512E-27 -0.999E+03  0.154E-43  0.347E+11  0.103E+00  0.219E+02  0.859E-02  0.556E-02      1.
 15  24  0.171E+01  0.725E-24 -0.999E+03  0.154E-43  0.310E+11  0.102E+00  0.501E+01  0.408E-02  0.617E-03      1.
 15  25  0.147E+02  0.112E-22 -0.999E+03  0.154E-43  0.270E+11  0.101E+00  0.896E+00  0.226E-02  0.489E-04      1.
 15  26  0.997E+02  0.273E-21 -0.999E+03  0.154E-43  0.225E+11  0.100E+00  0.116E+00  0.156E-02  0.246E-05      1.
 15  27  0.212E+02  0.367E-24 -0.999E+03  0.154E-43  0.184E+11  0.124E-01  0.118E-01  0.129E-02  0.888E-07     64.
 15  28  0.319E+03  0.145E-22 -0.999E+03  0.154E-43  0.157E+11  0.147E-02  0.133E-02  0.121E-02  0.369E-08     64.
 15  29  0.122E+03  0.413E-20 -0.999E+03  0.154E-43  0.142E+11  0.205E-03  0.191E-03  0.123E-02  0.215E-09     32.
 15  30  0.147E+04  0.829E-18 -0.999E+03  0.154E-43  0.133E+11  0.334E-04  0.301E-04  0.128E-02  0.142E-10     32.
 15  31  0.493E+03  0.136E-15 -0.999E+03  0.154E-43  0.129E+11  0.640E-05  0.573E-05  0.134E-02  0.122E-11     16.
 15  32  0.519E+02  0.111E-13 -0.999E+03  0.154E-43  0.138E+11  0.206E-05  0.186E-05  0.140E-02  0.221E-12      8.
 15  33  0.351E+01  0.345E-12 -0.999E+03  0.154E-43  0.165E+11  0.208E-05  0.104E-05  0.145E-02  0.866E-13      8.
 15  34  0.690E+01  0.559E-11 -0.999E+03  0.154E-43  0.201E+11  0.448E-05  0.670E-06  0.150E-02  0.407E-13      4.
 15  35  0.369E+02  0.399E-10 -0.999E+03  0.154E-43  0.235E+11  0.259E-04  0.336E-06  0.154E-02  0.136E-13      4.
 15  36  0.236E+01  0.172E-09 -0.999E+03  0.154E-43  0.265E+11  0.132E-03  0.139E-06  0.158E-02  0.345E-14      4.
 15  37  0.323E+02  0.592E-09 -0.999E+03  0.154E-43  0.306E+11  0.855E-04  0.659E-07  0.161E-02  0.106E-14      2.
 15  38  0.509E+02  0.136E-08 -0.999E+03  0.154E-43  0.378E+11  0.377E-03  0.444E-07  0.163E-02  0.534E-15      2.
 15  39  0.288E+03  0.236E-08 -0.999E+03  0.154E-43  0.498E+11  0.869E-03  0.425E-07  0.165E-02  0.438E-15      2.
 15  40  0.132E+03  0.316E-08 -0.999E+03  0.154E-43  0.687E+11  0.657E-03  0.524E-07  0.167E-02  0.511E-15      1.
 15  41  0.671E+03  0.341E-08 -0.999E+03  0.154E-43  0.967E+11  0.864E-03  0.719E-07  0.169E-02  0.693E-15      1.
 15  42  0.735E+03  0.299E-08 -0.999E+03  0.154E-43  0.135E+12  0.515E-02  0.939E-07  0.170E-02  0.876E-15      2.
 15  43  0.922E+03  0.226E-08 -0.999E+03  0.154E-43  0.184E+12  0.773E-02  0.109E-06  0.171E-02  0.940E-15      2.
 15  44  0.602E+03  0.158E-08 -0.999E+03  0.154E-43  0.248E+12  0.121E-01  0.117E-06  0.172E-02  0.910E-15      2.
 15  45  0.773E+03  0.107E-08 -0.999E+03  0.154E-43  0.330E+12  0.114E-01  0.120E-06  0.172E-02  0.815E-15      1.
 15  46  0.248E+03  0.719E-09 -0.999E+03  0.154E-43  0.432E+12  0.179E-01  0.112E-06  0.173E-02  0.646E-15      1.
 15  47  0.983E+02  0.486E-09 -0.999E+03  0.154E-43  0.558E+12  0.201E-01  0.963E-07  0.173E-02  0.457E-15      1.
 15  48  0.564E+02  0.330E-09 -0.999E+03  0.154E-43  0.716E+12  0.205E-01  0.805E-07  0.174E-02  0.310E-15      1.
 15  49  0.366E+02  0.223E-09 -0.999E+03  0.154E-43  0.925E+12  0.203E-01  0.696E-07  0.174E-02  0.221E-15      1.
 15  50  0.241E+02  0.150E-09 -0.999E+03  0.154E-43  0.121E+13  0.200E-01  0.651E-07  0.175E-02  0.176E-15      1.
 15  51  0.159E+02  0.996E-10 -0.999E+03  0.154E-43  0.160E+13  0.197E-01  0.639E-07  0.175E-02  0.149E-15      1.
 15  52  0.105E+02  0.652E-10 -0.999E+03  0.154E-43  0.210E+13  0.194E-01  0.596E-07  0.175E-02  0.118E-15      1.
 15  53  0.697E+01  0.419E-10 -0.999E+03  0.154E-43  0.267E+13  0.192E-01  0.474E-07  0.175E-02  0.747E-16      1.
 15  54  0.467E+01  0.264E-10 -0.999E+03  0.154E-43  0.330E+13  0.191E-01  0.323E-07  0.175E-02  0.381E-16      1.
 15  55  0.308E+01  0.161E-10 -0.999E+03  0.154E-43  0.408E+13  0.189E-01  0.222E-07  0.176E-02  0.197E-16      1.
 15  56  0.196E+01  0.946E-11 -0.999E+03  0.154E-43  0.517E+13  0.189E-01  0.175E-07  0.176E-02  0.123E-16      1.
 15  57  0.119E+01  0.531E-11 -0.999E+03  0.154E-43  0.688E+13  0.189E-01  0.179E-07  0.176E-02  0.111E-16      1.
 15  58  0.694E+00  0.283E-11 -0.999E+03  0.154E-43  0.929E+13  0.189E-01  0.196E-07  0.176E-02  0.110E-16      1.
 15  59  0.398E+00  0.139E-11 -0.999E+03  0.154E-43  0.135E+14  0.189E-01  0.314E-07  0.176E-02  0.185E-16      1.
 16   1  0.000E+00  0.000E+00 -0.999E+03  0.154E-43  0.178E+10  0.104E+00  0.155E+04  0.621E-01  0.430E+02      1.
 16   2  0.368E-28  0.000E+00 -0.999E+03  0.154E-43  0.220E+10  0.104E+00  0.177E+04  0.621E-01  0.452E+02      1.
 16   3  0.381E-27  0.000E+00 -0.999E+03  0.154E-43  0.333E+10  0.104E+00  0.279E+04  0.621E-01  0.743E+02      1.
 16   4  0.358E-26  0.000E+00 -0.999E+03  0.154E-43  0.466E+10  0.104E+00  0.387E+04  0.621E-01  0.102E+03      1.
 16   5  0.312E-25  0.000E+00 -0.999E+03  0.154E-43  0.614E+10  0.104E+00  0.489E+04  0.621E-01  0.123E+03      1.
 16   6  0.256E-24  0.000E+00 -0.999E+03  0.154E-43  0.786E+10  0.104E+00  0.586E+04  0.621E-01  0.139E+03      1.
 16   7  0.205E-23  0.000E+00 -0.999E+03  0.154E-43  0.985E+10  0.104E+00  0.677E+04  0.621E-01  0.148E+03      1.
 16   8  0.174E-22  0.000E+00 -0.999E+03  0.154E-43  0.121E+11  0.104E+00  0.754E+04  0.621E-01  0.150E+03      1.
 16   9  0.195E-21  0.000E+00 -0.999E+03  0.154E-43  0.149E+11  0.104E+00  0.835E+04  0.621E-01  0.150E+03      1.
 16  10  0.467E-20  0.000E+00 -0.999E+03  0.154E-43  0.188E+11  0.104E+00  0.964E+04  0.620E-01  0.160E+03      1.
 16  11  0.247E-18  0.000E+00 -0.999E+03  0.154E-43  0.244E+11  0.104E+00  0.116E+05  0.620E-01  0.181E+03      1.
 16  12  0.165E-16  0.000E+00 -0.999E+03  0.154E-43  0.308E+11  0.104E+00  0.132E+05  0.620E-01  0.189E+03      1.
 16  13  0.107E-14  0.000E+00 -0.999E+03  0.154E-43  0.363E+11  0.104E+00  0.132E+05  0.620E-01  0.165E+03      1.
 16  14  0.626E-13  0.000E+00 -0.999E+03  0.154E-43  0.407E+11  0.104E+00  0.117E+05  0.619E-01  0.121E+03      1.
 16  15  0.315E-11  0.238E-43 -0.999E+03  0.154E-43  0.449E+11  0.104E+00  0.985E+04  0.619E-01  0.831E+02      1.
 16  16  0.127E-09  0.963E-41 -0.999E+03  0.154E-43  0.479E+11  0.104E+00  0.746E+04  0.618E-01  0.492E+02      1.
 16  17  0.354E-08  0.341E-38 -0.999E+03  0.154E-43  0.471E+11  0.104E+00  0.448E+04  0.619E-01  0.211E+02      1.
 16  18  0.675E-07  0.106E-35 -0.999E+03  0.154E-43  0.442E+11  0.104E+00  0.223E+04  0.620E-01  0.696E+01      1.
 16  19  0.121E-05  0.284E-33 -0.999E+03  0.154E-43  0.417E+11  0.104E+00  0.104E+04  0.623E-01  0.208E+01      1.
 16  20  0.368E-04  0.668E-31 -0.999E+03  0.154E-43  0.398E+11  0.104E+00  0.455E+03  0.572E-01  0.574E+00      1.
 16  21  0.109E-02  0.137E-28 -0.999E+03  0.154E-43  0.381E+11  0.104E+00  0.184E+03  0.374E-01  0.142E+00      1.
 16  22  0.195E-01  0.244E-26 -0.999E+03  0.154E-43  0.369E+11  0.104E+00  0.706E+02  0.188E-01  0.325E-01      1.
 16  23  0.206E+00  0.384E-24 -0.999E+03  0.154E-43  0.347E+11  0.103E+00  0.219E+02  0.859E-02  0.556E-02      1.
 16  24  0.255E+01  0.821E-23 -0.999E+03  0.154E-43  0.310E+11  0.102E+00  0.501E+01  0.408E-02  0.617E-03      1.
 16  25  0.205E+02  0.484E-22 -0.999E+03  0.154E-43  0.270E+11  0.101E+00  0.896E+00  0.226E-02  0.489E-04      1.
 16  26  0.121E+03  0.367E-20 -0.999E+03  0.154E-43  0.225E+11  0.100E+00  0.116E+00  0.156E-02  0.246E-05      1.
 16  27  0.263E+02  0.536E-22 -0.999E+03  0.154E-43  0.184E+11  0.124E-01  0.118E-01  0.129E-02  0.888E-07     64.
 16  28  0.504E+03  0.183E-20 -0.999E+03  0.154E-43  0.157E+11  0.147E-02  0.133E-02  0.121E-02  0.369E-08     64.
 16  29  0.157E+03  0.399E-18 -0.999E+03  0.154E-43  0.142E+11  0.205E-03  0.191E-03  0.123E-02  0.215E-09     32.
 16  30  0.116E+04  0.545E-16 -0.999E+03  0.154E-43  0.133E+11  0.334E-04  0.301E-04  0.128E-02  0.142E-10     32.
 16  31  0.250E+03  0.356E-14 -0.999E+03  0.154E-43  0.129E+11  0.640E-05  0.573E-05  0.134E-02  0.122E-11     16.
 16  32  0.233E+02  0.161E-12 -0.999E+03  0.154E-43  0.138E+11  0.206E-05  0.186E-05  0.140E-02  0.221E-12      8.
 16  33  0.200E+01  0.262E-11 -0.999E+03  0.154E-43  0.165E+11  0.208E-05  0.104E-05  0.145E-02  0.866E-13      8.
 16  34  0.708E+01  0.267E-10 -0.999E+03  0.154E-43  0.201E+11  0.448E-05  0.670E-06  0.150E-02  0.407E-13      4.
 16  35  0.140E+02  0.142E-09 -0.999E+03  0.154E-43  0.235E+11  0.259E-04  0.336E-06  0.154E-02  0.136E-13      4.
 16  36  0.295E+01  0.451E-09 -0.999E+03  0.154E-43  0.265E+11  0.132E-03  0.139E-06  0.158E-02  0.345E-14      4.
 16  37  0.224E+02  0.123E-08 -0.999E+03  0.154E-43  0.306E+11  0.855E-04  0.659E-07  0.161E-02  0.106E-14      2.
 16  38  0.386E+02  0.251E-08 -0.999E+03  0.154E-43  0.378E+11  0.377E-03  0.444E-07  0.163E-02  0.534E-15      2.
 16  39  0.143E+03  0.405E-08 -0.999E+03  0.154E-43  0.498E+11  0.869E-03  0.425E-07  0.165E-02  0.438E-15      2.
 16  40  0.120E+03  0.498E-08 -0.999E+03  0.154E-43  0.687E+11  0.657E-03  0.524E-07  0.167E-02  0.511E-15      1.
 16  41  0.427E+03  0.494E-08 -0.999E+03  0.154E-43  0.967E+11  0.864E-03  0.719E-07  0.169E-02  0.693E-15      1.
 16  42  0.382E+03  0.411E-08 -0.999E+03  0.154E-43  0.135E+12  0.515E-02  0.939E-07  0.170E-02  0.876E-15      2.
 16  43  0.427E+03  0.307E-08 -0.999E+03  0.154E-43  0.184E+12  0.773E-02  0.109E-06  0.171E-02  0.940E-15      2.
 16  44  0.281E+03  0.219E-08 -0.999E+03  0.154E-43  0.248E+12  0.121E-01  0.117E-06  0.172E-02  0.910E-15      2.
 16  45  0.390E+03  0.153E-08 -0.999E+03  0.154E-43  0.330E+12  0.114E-01  0.120E-06  0.172E-02  0.815E-15      1.
 16  46  0.123E+03  0.106E-08 -0.999E+03  0.154E-43  0.432E+12  0.179E-01  0.112E-06  0.173E-02  0.646E-15      1.
 16  47  0.550E+02  0.734E-09 -0.999E+03  0.154E-43  0.558E+12  0.201E-01  0.963E-07  0.173E-02  0.457E-15      1.
 16  48  0.332E+02  0.505E-09 -0.999E+03  0.154E-43  0.716E+12  0.205E-01  0.805E-07  0.174E-02  0.310E-15      1.
 16  49  0.218E+02  0.343E-09 -0.999E+03  0.154E-43  0.925E+12  0.203E-01  0.696E-07  0.174E-02  0.221E-15      1.
 16  50  0.146E+02  0.229E-09 -0.999E+03  0.154E-43  0.121E+13  0.200E-01  0.651E-07  0.175E-02  0.176E-15      1.
 16  51  0.978E+01  0.150E-09 -0.999E+03  0.154E-43  0.160E+13  0.197E-01  0.639E-07  0.175E-02  0.149E-15      1.
 16  52  0.654E+01  0.961E-10 -0.999E+03  0.154E-43  0.210E+13  0.194E-01  0.596E-07  0.175E-02  0.118E-15      1.
 16  53  0.438E+01  0.602E-10 -0.999E+03  0.154E-43  0.267E+13  0.192E-01  0.474E-07  0.175E-02  0.747E-16      1.
 16  54  0.293E+01  0.366E-10 -0.999E+03  0.154E-43  0.330E+13  0.191E-01  0.323E-07  0.175E-02  0.381E-16      1.
 16  55  0.192E+01  0.214E-10 -0.999E+03  0.154E-43  0.408E+13  0.189E-01  0.222E-07  0.176E-02  0.197E-16      1.
 16  56  0.121E+01  0.120E-10 -0.999E+03  0.154E-43  0.517E+13  0.189E-01  0.175E-07  0.176E-02  0.123E-16      1.
 16  57  0.731E+00  0.637E-11 -0.999E+03  0.154E-43  0.688E+13  0.189E-01  0.179E-07  0.176E-02  0.111E-16      1.
 16  58  0.423E+00  0.319E-11 -0.999E+03  0.154E-43  0.929E+13  0.189E-01  0.196E-07  0.176E-02  0.110E-16      1.
 16  59  0.237E+00  0.145E-11 -0.999E+03  0.154E-43  0.135E+14  0.189E-01  0.314E-07  0.176E-02  0.185E-16      1.
 17   1  0.000E+00  0.000E+00 -0.999E+03  0.154E-43  0.178E+10  0.104E+00  0.155E+04  0.621E-01  0.430E+02      1.
 17   2  0.207E-28  0.000E+00 -0.999E+03  0.154E-43  0.220E+10  0.104E+00  0.177E+04  0.621E-01  0.452E+02      1.
 17   3  0.211E-27  0.000E+00 -0.999E+03  0.154E-43  0.333E+10  0.104E+00  0.279E+04  0.621E-01  0.743E+02      1.
 17   4  0.196E-26  0.000E+00 -0.999E+03  0.154E-43  0.466E+10  0.104E+00  0.387E+04  0.621E-01  0.102E+03      1.
 17   5  0.171E-25  0.000E+00 -0.999E+03  0.154E-43  0.614E+10  0.104E+00  0.489E+04  0.621E-01  0.123E+03      1.
 17   6  0.140E-24  0.000E+00 -0.999E+03  0.154E-43  0.786E+10  0.104E+00  0.586E+04  0.621E-01  0.139E+03      1.
 17   7  0.113E-23  0.000E+00 -0.999E+03  0.154E-43  0.985E+10  0.104E+00  0.677E+04  0.621E-01  0.148E+03      1.
 17   8  0.994E-23  0.000E+00 -0.999E+03  0.154E-43  0.121E+11  0.104E+00  0.754E+04  0.621E-01  0.150E+03      1.
 17   9  0.128E-21  0.000E+00 -0.999E+03  0.154E-43  0.149E+11  0.104E+00  0.835E+04  0.621E-01  0.150E+03      1.
 17  10  0.402E-20  0.000E+00 -0.999E+03  0.154E-43  0.188E+11  0.104E+00  0.964E+04  0.620E-01  0.160E+03      1.
 17  11  0.242E-18  0.000E+00 -0.999E+03  0.154E-43  0.244E+11  0.104E+00  0.116E+05  0.620E-01  0.181E+03      1.
 17  12  0.166E-16  0.000E+00 -0.999E+03  0.154E-43  0.308E+11  0.104E+00  0.132E+05  0.620E-01  0.189E+03      1.
 17  13  0.108E-14  0.000E+00 -0.999E+03  0.154E-43  0.363E+11  0.104E+00  0.132E+05  0.620E-01  0.165E+03      1.
 17  14  0.625E-13  0.000E+00 -0.999E+03  0.154E-43  0.407E+11  0.104E+00  0.117E+05  0.619E-01  0.121E+03      1.
 17  15  0.311E-11  0.000E+00 -0.999E+03  0.154E-43  0.449E+11  0.104E+00  0.985E+04  0.619E-01  0.831E+02      1.
 17  16  0.124E-09  0.000E+00 -0.999E+03  0.154E-43  0.479E+11  0.104E+00  0.746E+04  0.618E-01  0.492E+02      1.
 17  17  0.338E-08  0.140E-44 -0.999E+03  0.154E-43  0.471E+11  0.104E+00  0.448E+04  0.619E-01  0.211E+02      1.
 17  18  0.644E-07  0.148E-41 -0.999E+03  0.154E-43  0.442E+11  0.104E+00  0.223E+04  0.620E-01  0.696E+01      1.
 17  19  0.127E-05  0.177E-38 -0.999E+03  0.154E-43  0.417E+11  0.104E+00  0.104E+04  0.623E-01  0.208E+01      1.
 17  20  0.431E-04  0.202E-35 -0.999E+03  0.154E-43  0.398E+11  0.104E+00  0.455E+03  0.572E-01  0.574E+00      1.
 17  21  0.134E-02  0.230E-32 -0.999E+03  0.154E-43  0.381E+11  0.104E+00  0.184E+03  0.374E-01  0.142E+00      1.
 17  22  0.257E-01  0.258E-29 -0.999E+03  0.154E-43  0.369E+11  0.104E+00  0.706E+02  0.188E-01  0.325E-01      1.
 17  23  0.307E+00  0.427E-26 -0.999E+03  0.154E-43  0.347E+11  0.103E+00  0.219E+02  0.859E-02  0.556E-02      1.
 17  24  0.371E+01  0.967E-23 -0.999E+03  0.154E-43  0.310E+11  0.102E+00  0.501E+01  0.408E-02  0.617E-03      1.
 17  25  0.281E+02  0.458E-21 -0.999E+03  0.154E-43  0.270E+11  0.101E+00  0.896E+00  0.226E-02  0.489E-04      1.
 17  26  0.145E+03  0.448E-19 -0.999E+03  0.154E-43  0.225E+11  0.100E+00  0.116E+00  0.156E-02  0.246E-05      1.
 17  27  0.335E+02  0.346E-20 -0.999E+03  0.154E-43  0.184E+11  0.124E-01  0.118E-01  0.129E-02  0.888E-07     64.
 17  28  0.782E+03  0.164E-18 -0.999E+03  0.154E-43  0.157E+11  0.147E-02  0.133E-02  0.121E-02  0.369E-08     64.
 17  29  0.199E+03  0.272E-16 -0.999E+03  0.154E-43  0.142E+11  0.205E-03  0.191E-03  0.123E-02  0.215E-09     32.
 17  30  0.752E+03  0.243E-14 -0.999E+03  0.154E-43  0.133E+11  0.334E-04  0.301E-04  0.128E-02  0.142E-10     32.
 17  31  0.112E+03  0.820E-13 -0.999E+03  0.154E-43  0.129E+11  0.640E-05  0.573E-05  0.134E-02  0.122E-11     16.
 17  32  0.115E+02  0.152E-11 -0.999E+03  0.154E-43  0.138E+11  0.206E-05  0.186E-05  0.140E-02  0.221E-12      8.
 17  33  0.242E+01  0.136E-10 -0.999E+03  0.154E-43  0.165E+11  0.208E-05  0.104E-05  0.145E-02  0.866E-13      8.
 17  34  0.979E+01  0.955E-10 -0.999E+03  0.154E-43  0.201E+11  0.448E-05  0.670E-06  0.150E-02  0.407E-13      4.
 17  35  0.728E+01  0.390E-09 -0.999E+03  0.154E-43  0.235E+11  0.259E-04  0.336E-06  0.154E-02  0.136E-13      4.
 17  36  0.462E+01  0.105E-08 -0.999E+03  0.154E-43  0.265E+11  0.132E-03  0.139E-06  0.158E-02  0.345E-14      4.
 17  37  0.258E+02  0.261E-08 -0.999E+03  0.154E-43  0.306E+11  0.855E-04  0.659E-07  0.161E-02  0.106E-14      2.
 17  38  0.425E+02  0.497E-08 -0.999E+03  0.154E-43  0.378E+11  0.377E-03  0.444E-07  0.163E-02  0.534E-15      2.
 17  39  0.981E+02  0.708E-08 -0.999E+03  0.154E-43  0.498E+11  0.869E-03  0.425E-07  0.165E-02  0.438E-15      2.
 17  40  0.116E+03  0.806E-08 -0.999E+03  0.154E-43  0.687E+11  0.657E-03  0.524E-07  0.167E-02  0.511E-15      1.
 17  41  0.275E+03  0.752E-08 -0.999E+03  0.154E-43  0.967E+11  0.864E-03  0.719E-07  0.169E-02  0.693E-15      1.
 17  42  0.231E+03  0.610E-08 -0.999E+03  0.154E-43  0.135E+12  0.515E-02  0.939E-07  0.170E-02  0.876E-15      2.
 17  43  0.222E+03  0.456E-08 -0.999E+03  0.154E-43  0.184E+12  0.773E-02  0.109E-06  0.171E-02  0.940E-15      2.
 17  44  0.147E+03  0.328E-08 -0.999E+03  0.154E-43  0.248E+12  0.121E-01  0.117E-06  0.172E-02  0.910E-15      2.
 17  45  0.173E+03  0.231E-08 -0.999E+03  0.154E-43  0.330E+12  0.114E-01  0.120E-06  0.172E-02  0.815E-15      1.
 17  46  0.586E+02  0.161E-08 -0.999E+03  0.154E-43  0.432E+12  0.179E-01  0.112E-06  0.173E-02  0.646E-15      1.
 17  47  0.297E+02  0.111E-08 -0.999E+03  0.154E-43  0.558E+12  0.201E-01  0.963E-07  0.173E-02  0.457E-15      1.
 17  48  0.188E+02  0.754E-09 -0.999E+03  0.154E-43  0.716E+12  0.205E-01  0.805E-07  0.174E-02  0.310E-15      1.
 17  49  0.126E+02  0.503E-09 -0.999E+03  0.154E-43  0.925E+12  0.203E-01  0.696E-07  0.174E-02  0.221E-15      1.
 17  50  0.863E+01  0.329E-09 -0.999E+03  0.154E-43  0.121E+13  0.200E-01  0.651E-07  0.175E-02  0.176E-15      1.
 17  51  0.586E+01  0.210E-09 -0.999E+03  0.154E-43  0.160E+13  0.197E-01  0.639E-07  0.175E-02  0.149E-15      1.
 17  52  0.395E+01  0.130E-09 -0.999E+03  0.154E-43  0.210E+13  0.194E-01  0.596E-07  0.175E-02  0.118E-15      1.
 17  53  0.265E+01  0.785E-10 -0.999E+03  0.154E-43  0.267E+13  0.192E-01  0.474E-07  0.175E-02  0.747E-16      1.
 17  54  0.177E+01  0.456E-10 -0.999E+03  0.154E-43  0.330E+13  0.191E-01  0.323E-07  0.175E-02  0.381E-16      1.
 17  55  0.115E+01  0.254E-10 -0.999E+03  0.154E-43  0.408E+13  0.189E-01  0.222E-07  0.176E-02  0.197E-16      1.
 17  56  0.715E+00  0.134E-10 -0.999E+03  0.154E-43  0.517E+13  0.189E-01  0.175E-07  0.176E-02  0.123E-16      1.
 17  57  0.424E+00  0.664E-11 -0.999E+03  0.154E-43  0.688E+13  0.189E-01  0.179E-07  0.176E-02  0.111E-16      1.
 17  58  0.241E+00  0.309E-11 -0.999E+03  0.154E-43  0.929E+13  0.189E-01  0.196E-07  0.176E-02  0.110E-16      1.
 17  59  0.130E+00  0.129E-11 -0.999E+03  0.154E-43  0.135E+14  0.189E-01  0.314E-07  0.176E-02  0.185E-16      1.
 18   1  0.000E+00  0.000E+00 -0.999E+03  0.154E-43  0.178E+10  0.104E+00  0.155E+04  0.621E-01  0.430E+02      1.
 18   2  0.109E-28  0.000E+00 -0.999E+03  0.154E-43  0.220E+10  0.104E+00  0.177E+04  0.621E-01  0.452E+02      1.
 18   3  0.110E-27  0.000E+00 -0.999E+03  0.154E-43  0.333E+10  0.104E+00  0.279E+04  0.621E-01  0.743E+02      1.
 18   4  0.103E-26  0.000E+00 -0.999E+03  0.154E-43  0.466E+10  0.104E+00  0.387E+04  0.621E-01  0.102E+03      1.
 18   5  0.905E-26  0.000E+00 -0.999E+03  0.154E-43  0.614E+10  0.104E+00  0.489E+04  0.621E-01  0.123E+03      1.
 18   6  0.763E-25  0.000E+00 -0.999E+03  0.154E-43  0.786E+10  0.104E+00  0.586E+04  0.621E-01  0.139E+03      1.
 18   7  0.643E-24  0.000E+00 -0.999E+03  0.154E-43  0.985E+10  0.104E+00  0.677E+04  0.621E-01  0.148E+03      1.
 18   8  0.617E-23  0.000E+00 -0.999E+03  0.154E-43  0.121E+11  0.104E+00  0.754E+04  0.621E-01  0.150E+03      1.
 18   9  0.987E-22  0.000E+00 -0.999E+03  0.154E-43  0.149E+11  0.104E+00  0.835E+04  0.621E-01  0.150E+03      1.
 18  10  0.396E-20  0.000E+00 -0.999E+03  0.154E-43  0.188E+11  0.104E+00  0.964E+04  0.620E-01  0.160E+03      1.
 18  11  0.260E-18  0.000E+00 -0.999E+03  0.154E-43  0.244E+11  0.104E+00  0.116E+05  0.620E-01  0.181E+03      1.
 18  12  0.182E-16  0.000E+00 -0.999E+03  0.154E-43  0.308E+11  0.104E+00  0.132E+05  0.620E-01  0.189E+03      1.
 18  13  0.119E-14  0.000E+00 -0.999E+03  0.154E-43  0.363E+11  0.104E+00  0.132E+05  0.620E-01  0.165E+03      1.
 18  14  0.695E-13  0.000E+00 -0.999E+03  0.154E-43  0.407E+11  0.104E+00  0.117E+05  0.619E-01  0.121E+03      1.
 18  15  0.346E-11  0.000E+00 -0.999E+03  0.154E-43  0.449E+11  0.104E+00  0.985E+04  0.619E-01  0.831E+02      1.
 18  16  0.137E-09  0.280E-44 -0.999E+03  0.154E-43  0.479E+11  0.104E+00  0.746E+04  0.618E-01  0.492E+02      1.
 18  17  0.371E-08  0.236E-41 -0.999E+03  0.154E-43  0.471E+11  0.104E+00  0.448E+04  0.619E-01  0.211E+02      1.
 18  18  0.689E-07  0.258E-38 -0.999E+03  0.154E-43  0.442E+11  0.104E+00  0.223E+04  0.620E-01  0.696E+01      1.
 18  19  0.137E-05  0.268E-35 -0.999E+03  0.154E-43  0.417E+11  0.104E+00  0.104E+04  0.623E-01  0.208E+01      1.
 18  20  0.504E-04  0.259E-32 -0.999E+03  0.154E-43  0.398E+11  0.104E+00  0.455E+03  0.572E-01  0.574E+00      1.
 18  21  0.164E-02  0.241E-29 -0.999E+03  0.154E-43  0.381E+11  0.104E+00  0.184E+03  0.374E-01  0.142E+00      1.
 18  22  0.338E-01  0.211E-26 -0.999E+03  0.154E-43  0.369E+11  0.104E+00  0.706E+02  0.188E-01  0.325E-01      1.
 18  23  0.443E+00  0.279E-23 -0.999E+03  0.154E-43  0.347E+11  0.103E+00  0.219E+02  0.859E-02  0.556E-02      1.
 18  24  0.515E+01  0.441E-21 -0.999E+03  0.154E-43  0.310E+11  0.102E+00  0.501E+01  0.408E-02  0.617E-03      1.
 18  25  0.363E+02  0.720E-20 -0.999E+03  0.154E-43  0.270E+11  0.101E+00  0.896E+00  0.226E-02  0.489E-04      1.
 18  26  0.164E+03  0.675E-18 -0.999E+03  0.154E-43  0.225E+11  0.100E+00  0.116E+00  0.156E-02  0.246E-05      1.
 18  27  0.466E+02  0.161E-18 -0.999E+03  0.154E-43  0.184E+11  0.124E-01  0.118E-01  0.129E-02  0.888E-07     64.
 18  28  0.136E+04  0.101E-16 -0.999E+03  0.154E-43  0.157E+11  0.147E-02  0.133E-02  0.121E-02  0.369E-08     64.
 18  29  0.220E+03  0.127E-14 -0.999E+03  0.154E-43  0.142E+11  0.205E-03  0.191E-03  0.123E-02  0.215E-09     32.
 18  30  0.417E+03  0.736E-13 -0.999E+03  0.154E-43  0.133E+11  0.334E-04  0.301E-04  0.128E-02  0.142E-10     32.
 18  31  0.552E+02  0.114E-11 -0.999E+03  0.154E-43  0.129E+11  0.640E-05  0.573E-05  0.134E-02  0.122E-11     16.
 18  32  0.968E+01  0.973E-11 -0.999E+03  0.154E-43  0.138E+11  0.206E-05  0.186E-05  0.140E-02  0.221E-12      8.
 18  33  0.396E+01  0.563E-10 -0.999E+03  0.154E-43  0.165E+11  0.208E-05  0.104E-05  0.145E-02  0.866E-13      8.
 18  34  0.148E+02  0.303E-09 -0.999E+03  0.154E-43  0.201E+11  0.448E-05  0.670E-06  0.150E-02  0.407E-13      4.
 18  35  0.773E+01  0.104E-08 -0.999E+03  0.154E-43  0.235E+11  0.259E-04  0.336E-06  0.154E-02  0.136E-13      4.
 18  36  0.782E+01  0.278E-08 -0.999E+03  0.154E-43  0.265E+11  0.132E-03  0.139E-06  0.158E-02  0.345E-14      4.
 18  37  0.348E+02  0.640E-08 -0.999E+03  0.154E-43  0.306E+11  0.855E-04  0.659E-07  0.161E-02  0.106E-14      2.
 18  38  0.528E+02  0.107E-07 -0.999E+03  0.154E-43  0.378E+11  0.377E-03  0.444E-07  0.163E-02  0.534E-15      2.
 18  39  0.926E+02  0.136E-07 -0.999E+03  0.154E-43  0.498E+11  0.869E-03  0.425E-07  0.165E-02  0.438E-15      2.
 18  40  0.114E+03  0.142E-07 -0.999E+03  0.154E-43  0.687E+11  0.657E-03  0.524E-07  0.167E-02  0.511E-15      1.
 18  41  0.191E+03  0.125E-07 -0.999E+03  0.154E-43  0.967E+11  0.864E-03  0.719E-07  0.169E-02  0.693E-15      1.
 18  42  0.164E+03  0.987E-08 -0.999E+03  0.154E-43  0.135E+12  0.515E-02  0.939E-07  0.170E-02  0.876E-15      2.
 18  43  0.133E+03  0.726E-08 -0.999E+03  0.154E-43  0.184E+12  0.773E-02  0.109E-06  0.171E-02  0.940E-15      2.
 18  44  0.828E+02  0.514E-08 -0.999E+03  0.154E-43  0.248E+12  0.121E-01  0.117E-06  0.172E-02  0.910E-15      2.
 18  45  0.729E+02  0.356E-08 -0.999E+03  0.154E-43  0.330E+12  0.114E-01  0.120E-06  0.172E-02  0.815E-15      1.
 18  46  0.291E+02  0.243E-08 -0.999E+03  0.154E-43  0.432E+12  0.179E-01  0.112E-06  0.173E-02  0.646E-15      1.
 18  47  0.166E+02  0.164E-08 -0.999E+03  0.154E-43  0.558E+12  0.201E-01  0.963E-07  0.173E-02  0.457E-15      1.
 18  48  0.109E+02  0.109E-08 -0.999E+03  0.154E-43  0.716E+12  0.205E-01  0.805E-07  0.174E-02  0.310E-15      1.
 18  49  0.750E+01  0.705E-09 -0.999E+03  0.154E-43  0.925E+12  0.203E-01  0.696E-07  0.174E-02  0.221E-15      1.
 18  50  0.517E+01  0.446E-09 -0.999E+03  0.154E-43  0.121E+13  0.200E-01  0.651E-07  0.175E-02  0.176E-15      1.
 18  51  0.352E+01  0.275E-09 -0.999E+03  0.154E-43  0.160E+13  0.197E-01  0.639E-07  0.175E-02  0.149E-15      1.
 18  52  0.237E+01  0.164E-09 -0.999E+03  0.154E-43  0.210E+13  0.194E-01  0.596E-07  0.175E-02  0.118E-15      1.
 18  53  0.158E+01  0.941E-10 -0.999E+03  0.154E-43  0.267E+13  0.192E-01  0.474E-07  0.175E-02  0.747E-16      1.
 18  54  0.103E+01  0.518E-10 -0.999E+03  0.154E-43  0.330E+13  0.191E-01  0.323E-07  0.175E-02  0.381E-16      1.
 18  55  0.658E+00  0.271E-10 -0.999E+03  0.154E-43  0.408E+13  0.189E-01  0.222E-07  0.176E-02  0.197E-16      1.
 18  56  0.401E+00  0.133E-10 -0.999E+03  0.154E-43  0.517E+13  0.189E-01  0.175E-07  0.176E-02  0.123E-16      1.
 18  57  0.232E+00  0.611E-11 -0.999E+03  0.154E-43  0.688E+13  0.189E-01  0.179E-07  0.176E-02  0.111E-16      1.
 18  58  0.127E+00  0.263E-11 -0.999E+03  0.154E-43  0.929E+13  0.189E-01  0.196E-07  0.176E-02  0.110E-16      1.
 18  59  0.656E-01  0.101E-11 -0.999E+03  0.154E-43  0.135E+14  0.189E-01  0.314E-07  0.176E-02  0.185E-16      1.
 19   1  0.000E+00  0.000E+00 -0.999E+03  0.154E-43  0.178E+10  0.104E+00  0.155E+04  0.621E-01  0.430E+02      1.
 19   2  0.547E-29  0.000E+00 -0.999E+03  0.154E-43  0.220E+10  0.104E+00  0.177E+04  0.621E-01  0.452E+02      1.
 19   3  0.555E-28  0.000E+00 -0.999E+03  0.154E-43  0.333E+10  0.104E+00  0.279E+04  0.621E-01  0.743E+02      1.
 19   4  0.528E-27  0.000E+00 -0.999E+03  0.154E-43  0.466E+10  0.104E+00  0.387E+04  0.621E-01  0.102E+03      1.
 19   5  0.479E-26  0.000E+00 -0.999E+03  0.154E-43  0.614E+10  0.104E+00  0.489E+04  0.621E-01  0.123E+03      1.
 19   6  0.422E-25  0.000E+00 -0.999E+03  0.154E-43  0.786E+10  0.104E+00  0.586E+04  0.621E-01  0.139E+03      1.
 19   7  0.382E-24  0.000E+00 -0.999E+03  0.154E-43  0.985E+10  0.104E+00  0.677E+04  0.621E-01  0.148E+03      1.
 19   8  0.419E-23  0.000E+00 -0.999E+03  0.154E-43  0.121E+11  0.104E+00  0.754E+04  0.621E-01  0.150E+03      1.
 19   9  0.866E-22  0.000E+00 -0.999E+03  0.154E-43  0.149E+11  0.104E+00  0.835E+04  0.621E-01  0.150E+03      1.
 19  10  0.426E-20  0.000E+00 -0.999E+03  0.154E-43  0.188E+11  0.104E+00  0.964E+04  0.620E-01  0.160E+03      1.
 19  11  0.298E-18  0.000E+00 -0.999E+03  0.154E-43  0.244E+11  0.104E+00  0.116E+05  0.620E-01  0.181E+03      1.
 19  12  0.213E-16  0.000E+00 -0.999E+03  0.154E-43  0.308E+11  0.104E+00  0.132E+05  0.620E-01  0.189E+03      1.
 19  13  0.142E-14  0.000E+00 -0.999E+03  0.154E-43  0.363E+11  0.104E+00  0.132E+05  0.620E-01  0.165E+03      1.
 19  14  0.836E-13  0.000E+00 -0.999E+03  0.154E-43  0.407E+11  0.104E+00  0.117E+05  0.619E-01  0.121E+03      1.
 19  15  0.421E-11  0.000E+00 -0.999E+03  0.154E-43  0.449E+11  0.104E+00  0.985E+04  0.619E-01  0.831E+02      1.
 19  16  0.168E-09  0.238E-43 -0.999E+03  0.154E-43  0.479E+11  0.104E+00  0.746E+04  0.618E-01  0.492E+02      1.
 19  17  0.439E-08  0.241E-40 -0.999E+03  0.154E-43  0.471E+11  0.104E+00  0.448E+04  0.619E-01  0.211E+02      1.
 19  18  0.705E-07  0.265E-37 -0.999E+03  0.154E-43  0.442E+11  0.104E+00  0.223E+04  0.620E-01  0.696E+01      1.
 19  19  0.120E-05  0.276E-34 -0.999E+03  0.154E-43  0.417E+11  0.104E+00  0.104E+04  0.623E-01  0.208E+01      1.
 19  20  0.584E-04  0.268E-31 -0.999E+03  0.154E-43  0.398E+11  0.104E+00  0.455E+03  0.572E-01  0.574E+00      1.
 19  21  0.199E-02  0.253E-28 -0.999E+03  0.154E-43  0.381E+11  0.104E+00  0.184E+03  0.374E-01  0.142E+00      1.
 19  22  0.439E-01  0.228E-25 -0.999E+03  0.154E-43  0.369E+11  0.104E+00  0.706E+02  0.188E-01  0.325E-01      1.
 19  23  0.615E+00  0.372E-22 -0.999E+03  0.154E-43  0.347E+11  0.103E+00  0.219E+02  0.859E-02  0.556E-02      1.
 19  24  0.676E+01  0.315E-20 -0.999E+03  0.154E-43  0.310E+11  0.102E+00  0.501E+01  0.408E-02  0.617E-03      1.
 19  25  0.435E+02  0.479E-19 -0.999E+03  0.154E-43  0.270E+11  0.101E+00  0.896E+00  0.226E-02  0.489E-04      1.
 19  26  0.167E+03  0.432E-17 -0.999E+03  0.154E-43  0.225E+11  0.100E+00  0.116E+00  0.156E-02  0.246E-05      1.
 19  27  0.674E+02  0.618E-17 -0.999E+03  0.154E-43  0.184E+11  0.124E-01  0.118E-01  0.129E-02  0.888E-07     64.
 19  28  0.141E+04  0.400E-15 -0.999E+03  0.154E-43  0.157E+11  0.147E-02  0.133E-02  0.121E-02  0.369E-08     64.
 19  29  0.230E+03  0.303E-13 -0.999E+03  0.154E-43  0.142E+11  0.205E-03  0.191E-03  0.123E-02  0.215E-09     32.
 19  30  0.226E+03  0.975E-12 -0.999E+03  0.154E-43  0.133E+11  0.334E-04  0.301E-04  0.128E-02  0.142E-10     32.
 19  31  0.433E+02  0.896E-11 -0.999E+03  0.154E-43  0.129E+11  0.640E-05  0.573E-05  0.134E-02  0.122E-11     16.
 19  32  0.139E+02  0.486E-10 -0.999E+03  0.154E-43  0.138E+11  0.206E-05  0.186E-05  0.140E-02  0.221E-12      8.
 19  33  0.682E+01  0.237E-09 -0.999E+03  0.154E-43  0.165E+11  0.208E-05  0.104E-05  0.145E-02  0.866E-13      8.
 19  34  0.223E+02  0.114E-08 -0.999E+03  0.154E-43  0.201E+11  0.448E-05  0.670E-06  0.150E-02  0.407E-13      4.
 19  35  0.123E+02  0.348E-08 -0.999E+03  0.154E-43  0.235E+11  0.259E-04  0.336E-06  0.154E-02  0.136E-13      4.
 19  36  0.140E+02  0.870E-08 -0.999E+03  0.154E-43  0.265E+11  0.132E-03  0.139E-06  0.158E-02  0.345E-14      4.
 19  37  0.464E+02  0.170E-07 -0.999E+03  0.154E-43  0.306E+11  0.855E-04  0.659E-07  0.161E-02  0.106E-14      2.
 19  38  0.656E+02  0.243E-07 -0.999E+03  0.154E-43  0.378E+11  0.377E-03  0.444E-07  0.163E-02  0.534E-15      2.
 19  39  0.980E+02  0.277E-07 -0.999E+03  0.154E-43  0.498E+11  0.869E-03  0.425E-07  0.165E-02  0.438E-15      2.
 19  40  0.111E+03  0.263E-07 -0.999E+03  0.154E-43  0.687E+11  0.657E-03  0.524E-07  0.167E-02  0.511E-15      1.
 19  41  0.145E+03  0.218E-07 -0.999E+03  0.154E-43  0.967E+11  0.864E-03  0.719E-07  0.169E-02  0.693E-15      1.
 19  42  0.120E+03  0.165E-07 -0.999E+03  0.154E-43  0.135E+12  0.515E-02  0.939E-07  0.170E-02  0.876E-15      2.
 19  43  0.836E+02  0.117E-07 -0.999E+03  0.154E-43  0.184E+12  0.773E-02  0.109E-06  0.171E-02  0.940E-15      2.
 19  44  0.482E+02  0.804E-08 -0.999E+03  0.154E-43  0.248E+12  0.121E-01  0.117E-06  0.172E-02  0.910E-15      2.
 19  45  0.332E+02  0.542E-08 -0.999E+03  0.154E-43  0.330E+12  0.114E-01  0.120E-06  0.172E-02  0.815E-15      1.
 19  46  0.163E+02  0.360E-08 -0.999E+03  0.154E-43  0.432E+12  0.179E-01  0.112E-06  0.173E-02  0.646E-15      1.
 19  47  0.101E+02  0.236E-08 -0.999E+03  0.154E-43  0.558E+12  0.201E-01  0.963E-07  0.173E-02  0.457E-15      1.
 19  48  0.678E+01  0.151E-08 -0.999E+03  0.154E-43  0.716E+12  0.205E-01  0.805E-07  0.174E-02  0.310E-15      1.
 19  49  0.465E+01  0.951E-09 -0.999E+03  0.154E-43  0.925E+12  0.203E-01  0.696E-07  0.174E-02  0.221E-15      1.
 19  50  0.318E+01  0.581E-09 -0.999E+03  0.154E-43  0.121E+13  0.200E-01  0.651E-07  0.175E-02  0.176E-15      1.
 19  51  0.214E+01  0.343E-09 -0.999E+03  0.154E-43  0.160E+13  0.197E-01  0.639E-07  0.175E-02  0.149E-15      1.
 19  52  0.142E+01  0.195E-09 -0.999E+03  0.154E-43  0.210E+13  0.194E-01  0.596E-07  0.175E-02  0.118E-15      1.
 19  53  0.926E+00  0.106E-09 -0.999E+03  0.154E-43  0.267E+13  0.192E-01  0.474E-07  0.175E-02  0.747E-16      1.
 19  54  0.590E+00  0.547E-10 -0.999E+03  0.154E-43  0.330E+13  0.191E-01  0.323E-07  0.175E-02  0.381E-16      1.
 19  55  0.364E+00  0.266E-10 -0.999E+03  0.154E-43  0.408E+13  0.189E-01  0.222E-07  0.176E-02  0.197E-16      1.
 19  56  0.214E+00  0.121E-10 -0.999E+03  0.154E-43  0.517E+13  0.189E-01  0.175E-07  0.176E-02  0.123E-16      1.
 19  57  0.119E+00  0.509E-11 -0.999E+03  0.154E-43  0.688E+13  0.189E-01  0.179E-07  0.176E-02  0.111E-16      1.
 19  58  0.623E-01  0.202E-11 -0.999E+03  0.154E-43  0.929E+13  0.189E-01  0.196E-07  0.176E-02  0.110E-16      1.
 19  59  0.302E-01  0.726E-12 -0.999E+03  0.154E-43  0.135E+14  0.189E-01  0.314E-07  0.176E-02  0.185E-16      1.
 20   1  0.000E+00  0.000E+00 -0.999E+03  0.154E-43  0.178E+10  0.104E+00  0.155E+04  0.621E-01  0.430E+02      1.
 20   2  0.274E-29  0.000E+00 -0.999E+03  0.154E-43  0.220E+10  0.104E+00  0.177E+04  0.621E-01  0.452E+02      1.
 20   3  0.283E-28  0.000E+00 -0.999E+03  0.154E-43  0.333E+10  0.104E+00  0.279E+04  0.621E-01  0.743E+02      1.
 20   4  0.278E-27  0.000E+00 -0.999E+03  0.154E-43  0.466E+10  0.104E+00  0.387E+04  0.621E-01  0.102E+03      1.
 20   5  0.264E-26  0.000E+00 -0.999E+03  0.154E-43  0.614E+10  0.104E+00  0.489E+04  0.621E-01  0.123E+03      1.
 20   6  0.247E-25  0.000E+00 -0.999E+03  0.154E-43  0.786E+10  0.104E+00  0.586E+04  0.621E-01  0.139E+03      1.
 20   7  0.245E-24  0.000E+00 -0.999E+03  0.154E-43  0.985E+10  0.104E+00  0.677E+04  0.621E-01  0.148E+03      1.
 20   8  0.319E-23  0.000E+00 -0.999E+03  0.154E-43  0.121E+11  0.104E+00  0.754E+04  0.621E-01  0.150E+03      1.
 20   9  0.854E-22  0.000E+00 -0.999E+03  0.154E-43  0.149E+11  0.104E+00  0.835E+04  0.621E-01  0.150E+03      1.
 20  10  0.485E-20  0.000E+00 -0.999E+03  0.154E-43  0.188E+11  0.104E+00  0.964E+04  0.620E-01  0.160E+03      1.
 20  11  0.354E-18  0.000E+00 -0.999E+03  0.154E-43  0.244E+11  0.104E+00  0.116E+05  0.620E-01  0.181E+03      1.
 20  12  0.257E-16  0.000E+00 -0.999E+03  0.154E-43  0.308E+11  0.104E+00  0.132E+05  0.620E-01  0.189E+03      1.
 20  13  0.173E-14  0.000E+00 -0.999E+03  0.154E-43  0.363E+11  0.104E+00  0.132E+05  0.620E-01  0.165E+03      1.
 20  14  0.104E-12  0.000E+00 -0.999E+03  0.154E-43  0.407E+11  0.104E+00  0.117E+05  0.619E-01  0.121E+03      1.
 20  15  0.533E-11  0.000E+00 -0.999E+03  0.154E-43  0.449E+11  0.104E+00  0.985E+04  0.619E-01  0.831E+02      1.
 20  16  0.216E-09  0.245E-42 -0.999E+03  0.154E-43  0.479E+11  0.104E+00  0.746E+04  0.618E-01  0.492E+02      1.
 20  17  0.578E-08  0.242E-39 -0.999E+03  0.154E-43  0.471E+11  0.104E+00  0.448E+04  0.619E-01  0.211E+02      1.
 20  18  0.917E-07  0.265E-36 -0.999E+03  0.154E-43  0.442E+11  0.104E+00  0.223E+04  0.620E-01  0.696E+01      1.
 20  19  0.135E-05  0.273E-33 -0.999E+03  0.154E-43  0.417E+11  0.104E+00  0.104E+04  0.623E-01  0.208E+01      1.
 20  20  0.666E-04  0.262E-30 -0.999E+03  0.154E-43  0.398E+11  0.104E+00  0.455E+03  0.572E-01  0.574E+00      1.
 20  21  0.237E-02  0.243E-27 -0.999E+03  0.154E-43  0.381E+11  0.104E+00  0.184E+03  0.374E-01  0.142E+00      1.
 20  22  0.554E-01  0.213E-24 -0.999E+03  0.154E-43  0.369E+11  0.104E+00  0.706E+02  0.188E-01  0.325E-01      1.
 20  23  0.814E+00  0.419E-21 -0.999E+03  0.154E-43  0.347E+11  0.103E+00  0.219E+02  0.859E-02  0.556E-02      1.
 20  24  0.835E+01  0.804E-20 -0.999E+03  0.154E-43  0.310E+11  0.102E+00  0.501E+01  0.408E-02  0.617E-03      1.
 20  25  0.483E+02  0.365E-18 -0.999E+03  0.154E-43  0.270E+11  0.101E+00  0.896E+00  0.226E-02  0.489E-04      1.
 20  26  0.151E+03  0.282E-16 -0.999E+03  0.154E-43  0.225E+11  0.100E+00  0.116E+00  0.156E-02  0.246E-05      1.
 20  27  0.104E+03  0.130E-15 -0.999E+03  0.154E-43  0.184E+11  0.124E-01  0.118E-01  0.129E-02  0.888E-07     64.
 20  28  0.209E+04  0.729E-14 -0.999E+03  0.154E-43  0.157E+11  0.147E-02  0.133E-02  0.121E-02  0.369E-08     64.
 20  29  0.236E+03  0.358E-12 -0.999E+03  0.154E-43  0.142E+11  0.205E-03  0.191E-03  0.123E-02  0.215E-09     32.
 20  30  0.165E+03  0.698E-11 -0.999E+03  0.154E-43  0.133E+11  0.334E-04  0.301E-04  0.128E-02  0.142E-10     32.
 20  31  0.537E+02  0.485E-10 -0.999E+03  0.154E-43  0.129E+11  0.640E-05  0.573E-05  0.134E-02  0.122E-11     16.
 20  32  0.227E+02  0.230E-09 -0.999E+03  0.154E-43  0.138E+11  0.206E-05  0.186E-05  0.140E-02  0.221E-12      8.
 20  33  0.120E+02  0.117E-08 -0.999E+03  0.154E-43  0.165E+11  0.208E-05  0.104E-05  0.145E-02  0.866E-13      8.
 20  34  0.325E+02  0.509E-08 -0.999E+03  0.154E-43  0.201E+11  0.448E-05  0.670E-06  0.150E-02  0.407E-13      4.
 20  35  0.216E+02  0.134E-07 -0.999E+03  0.154E-43  0.235E+11  0.259E-04  0.336E-06  0.154E-02  0.136E-13      4.
 20  36  0.257E+02  0.279E-07 -0.999E+03  0.154E-43  0.265E+11  0.132E-03  0.139E-06  0.158E-02  0.345E-14      4.
 20  37  0.592E+02  0.447E-07 -0.999E+03  0.154E-43  0.306E+11  0.855E-04  0.659E-07  0.161E-02  0.106E-14      2.
 20  38  0.780E+02  0.551E-07 -0.999E+03  0.154E-43  0.378E+11  0.377E-03  0.444E-07  0.163E-02  0.534E-15      2.
 20  39  0.102E+03  0.560E-07 -0.999E+03  0.154E-43  0.498E+11  0.869E-03  0.425E-07  0.165E-02  0.438E-15      2.
 20  40  0.104E+03  0.488E-07 -0.999E+03  0.154E-43  0.687E+11  0.657E-03  0.524E-07  0.167E-02  0.511E-15      1.
 20  41  0.113E+03  0.378E-07 -0.999E+03  0.154E-43  0.967E+11  0.864E-03  0.719E-07  0.169E-02  0.693E-15      1.
 20  42  0.849E+02  0.271E-07 -0.999E+03  0.154E-43  0.135E+12  0.515E-02  0.939E-07  0.170E-02  0.876E-15      2.
 20  43  0.526E+02  0.186E-07 -0.999E+03  0.154E-43  0.184E+12  0.773E-02  0.109E-06  0.171E-02  0.940E-15      2.
 20  44  0.293E+02  0.124E-07 -0.999E+03  0.154E-43  0.248E+12  0.121E-01  0.117E-06  0.172E-02  0.910E-15      2.
 20  45  0.181E+02  0.812E-08 -0.999E+03  0.154E-43  0.330E+12  0.114E-01  0.120E-06  0.172E-02  0.815E-15      1.
 20  46  0.103E+02  0.525E-08 -0.999E+03  0.154E-43  0.432E+12  0.179E-01  0.112E-06  0.173E-02  0.646E-15      1.
 20  47  0.660E+01  0.334E-08 -0.999E+03  0.154E-43  0.558E+12  0.201E-01  0.963E-07  0.173E-02  0.457E-15      1.
 20  48  0.443E+01  0.208E-08 -0.999E+03  0.154E-43  0.716E+12  0.205E-01  0.805E-07  0.174E-02  0.310E-15      1.
 20  49  0.300E+01  0.126E-08 -0.999E+03  0.154E-43  0.925E+12  0.203E-01  0.696E-07  0.174E-02  0.221E-15      1.
 20  50  0.201E+01  0.740E-09 -0.999E+03  0.154E-43  0.121E+13  0.200E-01  0.651E-07  0.175E-02  0.176E-15      1.
 20  51  0.132E+01  0.416E-09 -0.999E+03  0.154E-43  0.160E+13  0.197E-01  0.639E-07  0.175E-02  0.149E-15      1.
 20  52  0.854E+00  0.224E-09 -0.999E+03  0.154E-43  0.210E+13  0.194E-01  0.596E-07  0.175E-02  0.118E-15      1.
 20  53  0.539E+00  0.114E-09 -0.999E+03  0.154E-43  0.267E+13  0.192E-01  0.474E-07  0.175E-02  0.747E-16      1.
 20  54  0.331E+00  0.546E-10 -0.999E+03  0.154E-43  0.330E+13  0.191E-01  0.323E-07  0.175E-02  0.381E-16      1.
 20  55  0.196E+00  0.245E-10 -0.999E+03  0.154E-43  0.408E+13  0.189E-01  0.222E-07  0.176E-02  0.197E-16      1.
 20  56  0.110E+00  0.102E-10 -0.999E+03  0.154E-43  0.517E+13  0.189E-01  0.175E-07  0.176E-02  0.123E-16      1.
 20  57  0.579E-01  0.392E-11 -0.999E+03  0.154E-43  0.688E+13  0.189E-01  0.179E-07  0.176E-02  0.111E-16      1.
 20  58  0.287E-01  0.144E-11 -0.999E+03  0.154E-43  0.929E+13  0.189E-01  0.196E-07  0.176E-02  0.110E-16      1.
 20  59  0.129E-01  0.500E-12 -0.999E+03  0.154E-43  0.135E+14  0.189E-01  0.314E-07  0.176E-02  0.185E-16      1.
 21   1  0.000E+00  0.000E+00 -0.999E+03  0.154E-43  0.178E+10  0.104E+00  0.155E+04  0.621E-01  0.430E+02      1.
 21   2  0.141E-29  0.000E+00 -0.999E+03  0.154E-43  0.220E+10  0.104E+00  0.177E+04  0.621E-01  0.452E+02      1.
 21   3  0.152E-28  0.000E+00 -0.999E+03  0.154E-43  0.333E+10  0.104E+00  0.279E+04  0.621E-01  0.743E+02      1.
 21   4  0.155E-27  0.000E+00 -0.999E+03  0.154E-43  0.466E+10  0.104E+00  0.387E+04  0.621E-01  0.102E+03      1.
 21   5  0.156E-26  0.000E+00 -0.999E+03  0.154E-43  0.614E+10  0.104E+00  0.489E+04  0.621E-01  0.123E+03      1.
 21   6  0.157E-25  0.000E+00 -0.999E+03  0.154E-43  0.786E+10  0.104E+00  0.586E+04  0.621E-01  0.139E+03      1.
 21   7  0.175E-24  0.000E+00 -0.999E+03  0.154E-43  0.985E+10  0.104E+00  0.677E+04  0.621E-01  0.148E+03      1.
 21   8  0.275E-23  0.000E+00 -0.999E+03  0.154E-43  0.121E+11  0.104E+00  0.754E+04  0.621E-01  0.150E+03      1.
 21   9  0.899E-22  0.000E+00 -0.999E+03  0.154E-43  0.149E+11  0.104E+00  0.835E+04  0.621E-01  0.150E+03      1.
 21  10  0.552E-20  0.000E+00 -0.999E+03  0.154E-43  0.188E+11  0.104E+00  0.964E+04  0.620E-01  0.160E+03      1.
 21  11  0.408E-18  0.000E+00 -0.999E+03  0.154E-43  0.244E+11  0.104E+00  0.116E+05  0.620E-01  0.181E+03      1.
 21  12  0.300E-16  0.000E+00 -0.999E+03  0.154E-43  0.308E+11  0.104E+00  0.132E+05  0.620E-01  0.189E+03      1.
 21  13  0.204E-14  0.420E-44 -0.999E+03  0.154E-43  0.363E+11  0.104E+00  0.132E+05  0.620E-01  0.165E+03      1.
 21  14  0.125E-12  0.192E-41 -0.999E+03  0.154E-43  0.407E+11  0.104E+00  0.117E+05  0.619E-01  0.121E+03      1.
 21  15  0.653E-11  0.800E-39 -0.999E+03  0.154E-43  0.449E+11  0.104E+00  0.985E+04  0.619E-01  0.831E+02      1.
 21  16  0.272E-09  0.324E-36 -0.999E+03  0.154E-43  0.479E+11  0.104E+00  0.746E+04  0.618E-01  0.492E+02      1.
 21  17  0.744E-08  0.115E-33 -0.999E+03  0.154E-43  0.471E+11  0.104E+00  0.448E+04  0.619E-01  0.211E+02      1.
 21  18  0.118E-06  0.355E-31 -0.999E+03  0.154E-43  0.442E+11  0.104E+00  0.223E+04  0.620E-01  0.696E+01      1.
 21  19  0.149E-05  0.956E-29 -0.999E+03  0.154E-43  0.417E+11  0.104E+00  0.104E+04  0.623E-01  0.208E+01      1.
 21  20  0.744E-04  0.225E-26 -0.999E+03  0.154E-43  0.398E+11  0.104E+00  0.455E+03  0.572E-01  0.574E+00      1.
 21  21  0.276E-02  0.460E-24 -0.999E+03  0.154E-43  0.381E+11  0.104E+00  0.184E+03  0.374E-01  0.142E+00      1.
 21  22  0.676E-01  0.823E-22 -0.999E+03  0.154E-43  0.369E+11  0.104E+00  0.706E+02  0.188E-01  0.325E-01      1.
 21  23  0.102E+01  0.431E-20 -0.999E+03  0.154E-43  0.347E+11  0.103E+00  0.219E+02  0.859E-02  0.556E-02      1.
 21  24  0.952E+01  0.397E-19 -0.999E+03  0.154E-43  0.310E+11  0.102E+00  0.501E+01  0.408E-02  0.617E-03      1.
 21  25  0.470E+02  0.321E-17 -0.999E+03  0.154E-43  0.270E+11  0.101E+00  0.896E+00  0.226E-02  0.489E-04      1.
 21  26  0.117E+03  0.197E-15 -0.999E+03  0.154E-43  0.225E+11  0.100E+00  0.116E+00  0.156E-02  0.246E-05      1.
 21  27  0.158E+03  0.198E-14 -0.999E+03  0.154E-43  0.184E+11  0.124E-01  0.118E-01  0.129E-02  0.888E-07     64.
 21  28  0.221E+04  0.842E-13 -0.999E+03  0.154E-43  0.157E+11  0.147E-02  0.133E-02  0.121E-02  0.369E-08     64.
 21  29  0.255E+03  0.258E-11 -0.999E+03  0.154E-43  0.142E+11  0.205E-03  0.191E-03  0.123E-02  0.215E-09     32.
 21  30  0.197E+03  0.364E-10 -0.999E+03  0.154E-43  0.133E+11  0.334E-04  0.301E-04  0.128E-02  0.142E-10     32.
 21  31  0.747E+02  0.224E-09 -0.999E+03  0.154E-43  0.129E+11  0.640E-05  0.573E-05  0.134E-02  0.122E-11     16.
 21  32  0.363E+02  0.115E-08 -0.999E+03  0.154E-43  0.138E+11  0.206E-05  0.186E-05  0.140E-02  0.221E-12      8.
 21  33  0.218E+02  0.584E-08 -0.999E+03  0.154E-43  0.165E+11  0.208E-05  0.104E-05  0.145E-02  0.866E-13      8.
 21  34  0.454E+02  0.216E-07 -0.999E+03  0.154E-43  0.201E+11  0.448E-05  0.670E-06  0.150E-02  0.407E-13      4.
 21  35  0.372E+02  0.491E-07 -0.999E+03  0.154E-43  0.235E+11  0.259E-04  0.336E-06  0.154E-02  0.136E-13      4.
 21  36  0.449E+02  0.834E-07 -0.999E+03  0.154E-43  0.265E+11  0.132E-03  0.139E-06  0.158E-02  0.345E-14      4.
 21  37  0.719E+02  0.110E-06 -0.999E+03  0.154E-43  0.306E+11  0.855E-04  0.659E-07  0.161E-02  0.106E-14      2.
 21  38  0.871E+02  0.119E-06 -0.999E+03  0.154E-43  0.378E+11  0.377E-03  0.444E-07  0.163E-02  0.534E-15      2.
 21  39  0.101E+03  0.109E-06 -0.999E+03  0.154E-43  0.498E+11  0.869E-03  0.425E-07  0.165E-02  0.438E-15      2.
 21  40  0.932E+02  0.872E-07 -0.999E+03  0.154E-43  0.687E+11  0.657E-03  0.524E-07  0.167E-02  0.511E-15      1.
 21  41  0.864E+02  0.636E-07 -0.999E+03  0.154E-43  0.967E+11  0.864E-03  0.719E-07  0.169E-02  0.693E-15      1.
 21  42  0.577E+02  0.437E-07 -0.999E+03  0.154E-43  0.135E+12  0.515E-02  0.939E-07  0.170E-02  0.876E-15      2.
 21  43  0.337E+02  0.290E-07 -0.999E+03  0.154E-43  0.184E+12  0.773E-02  0.109E-06  0.171E-02  0.940E-15      2.
 21  44  0.191E+02  0.189E-07 -0.999E+03  0.154E-43  0.248E+12  0.121E-01  0.117E-06  0.172E-02  0.910E-15      2.
 21  45  0.116E+02  0.121E-07 -0.999E+03  0.154E-43  0.330E+12  0.114E-01  0.120E-06  0.172E-02  0.815E-15      1.
 21  46  0.700E+01  0.763E-08 -0.999E+03  0.154E-43  0.432E+12  0.179E-01  0.112E-06  0.173E-02  0.646E-15      1.
 21  47  0.452E+01  0.472E-08 -0.999E+03  0.154E-43  0.558E+12  0.201E-01  0.963E-07  0.173E-02  0.457E-15      1.
 21  48  0.299E+01  0.285E-08 -0.999E+03  0.154E-43  0.716E+12  0.205E-01  0.805E-07  0.174E-02  0.310E-15      1.
 21  49  0.198E+01  0.166E-08 -0.999E+03  0.154E-43  0.925E+12  0.203E-01  0.696E-07  0.174E-02  0.221E-15      1.
 21  50  0.130E+01  0.931E-09 -0.999E+03  0.154E-43  0.121E+13  0.200E-01  0.651E-07  0.175E-02  0.176E-15      1.
 21  51  0.828E+00  0.496E-09 -0.999E+03  0.154E-43  0.160E+13  0.197E-01  0.639E-07  0.175E-02  0.149E-15      1.
 21  52  0.517E+00  0.249E-09 -0.999E+03  0.154E-43  0.210E+13  0.194E-01  0.596E-07  0.175E-02  0.118E-15      1.
 21  53  0.314E+00  0.118E-09 -0.999E+03  0.154E-43  0.267E+13  0.192E-01  0.474E-07  0.175E-02  0.747E-16      1.
 21  54  0.184E+00  0.518E-10 -0.999E+03  0.154E-43  0.330E+13  0.191E-01  0.323E-07  0.175E-02  0.381E-16      1.
 21  55  0.103E+00  0.212E-10 -0.999E+03  0.154E-43  0.408E+13  0.189E-01  0.222E-07  0.176E-02  0.197E-16      1.
 21  56  0.548E-01  0.802E-11 -0.999E+03  0.154E-43  0.517E+13  0.189E-01  0.175E-07  0.176E-02  0.123E-16      1.
 21  57  0.271E-01  0.284E-11 -0.999E+03  0.154E-43  0.688E+13  0.189E-01  0.179E-07  0.176E-02  0.111E-16      1.
 21  58  0.126E-01  0.961E-12 -0.999E+03  0.154E-43  0.929E+13  0.189E-01  0.196E-07  0.176E-02  0.110E-16      1.
 21  59  0.521E-02  0.295E-12 -0.999E+03  0.154E-43  0.135E+14  0.189E-01  0.314E-07  0.176E-02  0.185E-16      1.
 22   1  0.000E+00  0.000E+00 -0.999E+03  0.154E-43  0.178E+10  0.104E+00  0.155E+04  0.621E-01  0.430E+02      1.
 22   2  0.785E-30  0.000E+00 -0.999E+03  0.154E-43  0.220E+10  0.104E+00  0.177E+04  0.621E-01  0.452E+02      1.
 22   3  0.890E-29  0.000E+00 -0.999E+03  0.154E-43  0.333E+10  0.104E+00  0.279E+04  0.621E-01  0.743E+02      1.
 22   4  0.969E-28  0.000E+00 -0.999E+03  0.154E-43  0.466E+10  0.104E+00  0.387E+04  0.621E-01  0.102E+03      1.
 22   5  0.104E-26  0.000E+00 -0.999E+03  0.154E-43  0.614E+10  0.104E+00  0.489E+04  0.621E-01  0.123E+03      1.
 22   6  0.116E-25  0.000E+00 -0.999E+03  0.154E-43  0.786E+10  0.104E+00  0.586E+04  0.621E-01  0.139E+03      1.
 22   7  0.146E-24  0.000E+00 -0.999E+03  0.154E-43  0.985E+10  0.104E+00  0.677E+04  0.621E-01  0.148E+03      1.
 22   8  0.270E-23  0.000E+00 -0.999E+03  0.154E-43  0.121E+11  0.104E+00  0.754E+04  0.621E-01  0.150E+03      1.
 22   9  0.978E-22  0.000E+00 -0.999E+03  0.154E-43  0.149E+11  0.104E+00  0.835E+04  0.621E-01  0.150E+03      1.
 22  10  0.607E-20  0.000E+00 -0.999E+03  0.154E-43  0.188E+11  0.104E+00  0.964E+04  0.620E-01  0.160E+03      1.
 22  11  0.446E-18  0.000E+00 -0.999E+03  0.154E-43  0.244E+11  0.104E+00  0.116E+05  0.620E-01  0.181E+03      1.
 22  12  0.327E-16  0.000E+00 -0.999E+03  0.154E-43  0.308E+11  0.104E+00  0.132E+05  0.620E-01  0.189E+03      1.
 22  13  0.225E-14  0.000E+00 -0.999E+03  0.154E-43  0.363E+11  0.104E+00  0.132E+05  0.620E-01  0.165E+03      1.
 22  14  0.139E-12  0.000E+00 -0.999E+03  0.154E-43  0.407E+11  0.104E+00  0.117E+05  0.619E-01  0.121E+03      1.
 22  15  0.744E-11  0.000E+00 -0.999E+03  0.154E-43  0.449E+11  0.104E+00  0.985E+04  0.619E-01  0.831E+02      1.
 22  16  0.317E-09  0.224E-42 -0.999E+03  0.154E-43  0.479E+11  0.104E+00  0.746E+04  0.618E-01  0.492E+02      1.
 22  17  0.894E-08  0.255E-39 -0.999E+03  0.154E-43  0.471E+11  0.104E+00  0.448E+04  0.619E-01  0.211E+02      1.
 22  18  0.144E-06  0.327E-36 -0.999E+03  0.154E-43  0.442E+11  0.104E+00  0.223E+04  0.620E-01  0.696E+01      1.
 22  19  0.162E-05  0.408E-33 -0.999E+03  0.154E-43  0.417E+11  0.104E+00  0.104E+04  0.623E-01  0.208E+01      1.
 22  20  0.809E-04  0.495E-30 -0.999E+03  0.154E-43  0.398E+11  0.104E+00  0.455E+03  0.572E-01  0.574E+00      1.
 22  21  0.311E-02  0.630E-27 -0.999E+03  0.154E-43  0.381E+11  0.104E+00  0.184E+03  0.374E-01  0.142E+00      1.
 22  22  0.789E-01  0.884E-24 -0.999E+03  0.154E-43  0.369E+11  0.104E+00  0.706E+02  0.188E-01  0.325E-01      1.
 22  23  0.120E+01  0.391E-20 -0.999E+03  0.154E-43  0.347E+11  0.103E+00  0.219E+02  0.859E-02  0.556E-02      1.
 22  24  0.997E+01  0.220E-18 -0.999E+03  0.154E-43  0.310E+11  0.102E+00  0.501E+01  0.408E-02  0.617E-03      1.
 22  25  0.407E+02  0.219E-16 -0.999E+03  0.154E-43  0.270E+11  0.101E+00  0.896E+00  0.226E-02  0.489E-04      1.
 22  26  0.772E+02  0.131E-14 -0.999E+03  0.154E-43  0.225E+11  0.100E+00  0.116E+00  0.156E-02  0.246E-05      1.
 22  27  0.271E+03  0.212E-13 -0.999E+03  0.154E-43  0.184E+11  0.124E-01  0.118E-01  0.129E-02  0.888E-07     64.
 22  28  0.228E+04  0.676E-12 -0.999E+03  0.154E-43  0.157E+11  0.147E-02  0.133E-02  0.121E-02  0.369E-08     64.
 22  29  0.308E+03  0.147E-10 -0.999E+03  0.154E-43  0.142E+11  0.205E-03  0.191E-03  0.123E-02  0.215E-09     32.
 22  30  0.291E+03  0.170E-09 -0.999E+03  0.154E-43  0.133E+11  0.334E-04  0.301E-04  0.128E-02  0.142E-10     32.
 22  31  0.102E+03  0.106E-08 -0.999E+03  0.154E-43  0.129E+11  0.640E-05  0.573E-05  0.134E-02  0.122E-11     16.
 22  32  0.565E+02  0.570E-08 -0.999E+03  0.154E-43  0.138E+11  0.206E-05  0.186E-05  0.140E-02  0.221E-12      8.
 22  33  0.396E+02  0.252E-07 -0.999E+03  0.154E-43  0.165E+11  0.208E-05  0.104E-05  0.145E-02  0.866E-13      8.
 22  34  0.603E+02  0.774E-07 -0.999E+03  0.154E-43  0.201E+11  0.448E-05  0.670E-06  0.150E-02  0.407E-13      4.
 22  35  0.591E+02  0.154E-06 -0.999E+03  0.154E-43  0.235E+11  0.259E-04  0.336E-06  0.154E-02  0.136E-13      4.
 22  36  0.713E+02  0.226E-06 -0.999E+03  0.154E-43  0.265E+11  0.132E-03  0.139E-06  0.158E-02  0.345E-14      4.
 22  37  0.817E+02  0.254E-06 -0.999E+03  0.154E-43  0.306E+11  0.855E-04  0.659E-07  0.161E-02  0.106E-14      2.
 22  38  0.910E+02  0.239E-06 -0.999E+03  0.154E-43  0.378E+11  0.377E-03  0.444E-07  0.163E-02  0.534E-15      2.
 22  39  0.954E+02  0.198E-06 -0.999E+03  0.154E-43  0.498E+11  0.869E-03  0.425E-07  0.165E-02  0.438E-15      2.
 22  40  0.804E+02  0.148E-06 -0.999E+03  0.154E-43  0.687E+11  0.657E-03  0.524E-07  0.167E-02  0.511E-15      1.
 22  41  0.631E+02  0.103E-06 -0.999E+03  0.154E-43  0.967E+11  0.864E-03  0.719E-07  0.169E-02  0.693E-15      1.
 22  42  0.387E+02  0.688E-07 -0.999E+03  0.154E-43  0.135E+12  0.515E-02  0.939E-07  0.170E-02  0.876E-15      2.
 22  43  0.224E+02  0.447E-07 -0.999E+03  0.154E-43  0.184E+12  0.773E-02  0.109E-06  0.171E-02  0.940E-15      2.
 22  44  0.130E+02  0.286E-07 -0.999E+03  0.154E-43  0.248E+12  0.121E-01  0.117E-06  0.172E-02  0.910E-15      2.
 22  45  0.792E+01  0.180E-07 -0.999E+03  0.154E-43  0.330E+12  0.114E-01  0.120E-06  0.172E-02  0.815E-15      1.
 22  46  0.489E+01  0.111E-07 -0.999E+03  0.154E-43  0.432E+12  0.179E-01  0.112E-06  0.173E-02  0.646E-15      1.
 22  47  0.314E+01  0.665E-08 -0.999E+03  0.154E-43  0.558E+12  0.201E-01  0.963E-07  0.173E-02  0.457E-15      1.
 22  48  0.204E+01  0.387E-08 -0.999E+03  0.154E-43  0.716E+12  0.205E-01  0.805E-07  0.174E-02  0.310E-15      1.
 22  49  0.132E+01  0.216E-08 -0.999E+03  0.154E-43  0.925E+12  0.203E-01  0.696E-07  0.174E-02  0.221E-15      1.
 22  50  0.841E+00  0.114E-08 -0.999E+03  0.154E-43  0.121E+13  0.200E-01  0.651E-07  0.175E-02  0.176E-15      1.
 22  51  0.520E+00  0.569E-09 -0.999E+03  0.154E-43  0.160E+13  0.197E-01  0.639E-07  0.175E-02  0.149E-15      1.
 22  52  0.312E+00  0.265E-09 -0.999E+03  0.154E-43  0.210E+13  0.194E-01  0.596E-07  0.175E-02  0.118E-15      1.
 22  53  0.181E+00  0.114E-09 -0.999E+03  0.154E-43  0.267E+13  0.192E-01  0.474E-07  0.175E-02  0.747E-16      1.
 22  54  0.101E+00  0.458E-10 -0.999E+03  0.154E-43  0.330E+13  0.191E-01  0.323E-07  0.175E-02  0.381E-16      1.
 22  55  0.532E-01  0.169E-10 -0.999E+03  0.154E-43  0.408E+13  0.189E-01  0.222E-07  0.176E-02  0.197E-16      1.
 22  56  0.263E-01  0.584E-11 -0.999E+03  0.154E-43  0.517E+13  0.189E-01  0.175E-07  0.176E-02  0.123E-16      1.
 22  57  0.121E-01  0.190E-11 -0.999E+03  0.154E-43  0.688E+13  0.189E-01  0.179E-07  0.176E-02  0.111E-16      1.
 22  58  0.521E-02  0.579E-12 -0.999E+03  0.154E-43  0.929E+13  0.189E-01  0.196E-07  0.176E-02  0.110E-16      1.
 22  59  0.199E-02  0.155E-12 -0.999E+03  0.154E-43  0.135E+14  0.189E-01  0.314E-07  0.176E-02  0.185E-16      1.
 23   1  0.000E+00  0.000E+00 -0.999E+03  0.154E-43  0.178E+10  0.104E+00  0.155E+04  0.621E-01  0.430E+02      1.
 23   2  0.510E-30  0.000E+00 -0.999E+03  0.154E-43  0.220E+10  0.104E+00  0.177E+04  0.621E-01  0.452E+02      1.
 23   3  0.629E-29  0.000E+00 -0.999E+03  0.154E-43  0.333E+10  0.104E+00  0.279E+04  0.621E-01  0.743E+02      1.
 23   4  0.747E-28  0.000E+00 -0.999E+03  0.154E-43  0.466E+10  0.104E+00  0.387E+04  0.621E-01  0.102E+03      1.
 23   5  0.887E-27  0.000E+00 -0.999E+03  0.154E-43  0.614E+10  0.104E+00  0.489E+04  0.621E-01  0.123E+03      1.
 23   6  0.110E-25  0.000E+00 -0.999E+03  0.154E-43  0.786E+10  0.104E+00  0.586E+04  0.621E-01  0.139E+03      1.
 23   7  0.157E-24  0.000E+00 -0.999E+03  0.154E-43  0.985E+10  0.104E+00  0.677E+04  0.621E-01  0.148E+03      1.
 23   8  0.313E-23  0.000E+00 -0.999E+03  0.154E-43  0.121E+11  0.104E+00  0.754E+04  0.621E-01  0.150E+03      1.
 23   9  0.112E-21  0.000E+00 -0.999E+03  0.154E-43  0.149E+11  0.104E+00  0.835E+04  0.621E-01  0.150E+03      1.
 23  10  0.654E-20  0.000E+00 -0.999E+03  0.154E-43  0.188E+11  0.104E+00  0.964E+04  0.620E-01  0.160E+03      1.
 23  11  0.464E-18  0.000E+00 -0.999E+03  0.154E-43  0.244E+11  0.104E+00  0.116E+05  0.620E-01  0.181E+03      1.
 23  12  0.337E-16  0.000E+00 -0.999E+03  0.154E-43  0.308E+11  0.104E+00  0.132E+05  0.620E-01  0.189E+03      1.
 23  13  0.232E-14  0.000E+00 -0.999E+03  0.154E-43  0.363E+11  0.104E+00  0.132E+05  0.620E-01  0.165E+03      1.
 23  14  0.145E-12  0.000E+00 -0.999E+03  0.154E-43  0.407E+11  0.104E+00  0.117E+05  0.619E-01  0.121E+03      1.
 23  15  0.792E-11  0.280E-44 -0.999E+03  0.154E-43  0.449E+11  0.104E+00  0.985E+04  0.619E-01  0.831E+02      1.
 23  16  0.347E-09  0.289E-41 -0.999E+03  0.154E-43  0.479E+11  0.104E+00  0.746E+04  0.618E-01  0.492E+02      1.
 23  17  0.101E-07  0.328E-38 -0.999E+03  0.154E-43  0.471E+11  0.104E+00  0.448E+04  0.619E-01  0.211E+02      1.
 23  18  0.166E-06  0.422E-35 -0.999E+03  0.154E-43  0.442E+11  0.104E+00  0.223E+04  0.620E-01  0.696E+01      1.
 23  19  0.172E-05  0.529E-32 -0.999E+03  0.154E-43  0.417E+11  0.104E+00  0.104E+04  0.623E-01  0.208E+01      1.
 23  20  0.842E-04  0.647E-29 -0.999E+03  0.154E-43  0.398E+11  0.104E+00  0.455E+03  0.572E-01  0.574E+00      1.
 23  21  0.334E-02  0.835E-26 -0.999E+03  0.154E-43  0.381E+11  0.104E+00  0.184E+03  0.374E-01  0.142E+00      1.
 23  22  0.873E-01  0.122E-22 -0.999E+03  0.154E-43  0.369E+11  0.104E+00  0.706E+02  0.188E-01  0.325E-01      1.
 23  23  0.132E+01  0.271E-19 -0.999E+03  0.154E-43  0.347E+11  0.103E+00  0.219E+02  0.859E-02  0.556E-02      1.
 23  24  0.962E+01  0.220E-17 -0.999E+03  0.154E-43  0.310E+11  0.102E+00  0.501E+01  0.408E-02  0.617E-03      1.
 23  25  0.312E+02  0.215E-15 -0.999E+03  0.154E-43  0.270E+11  0.101E+00  0.896E+00  0.226E-02  0.489E-04      1.
 23  26  0.434E+02  0.787E-14 -0.999E+03  0.154E-43  0.225E+11  0.100E+00  0.116E+00  0.156E-02  0.246E-05      1.
 23  27  0.306E+03  0.171E-12 -0.999E+03  0.154E-43  0.184E+11  0.124E-01  0.118E-01  0.129E-02  0.888E-07     64.
 23  28  0.201E+04  0.451E-11 -0.999E+03  0.154E-43  0.157E+11  0.147E-02  0.133E-02  0.121E-02  0.369E-08     64.
 23  29  0.373E+03  0.787E-10 -0.999E+03  0.154E-43  0.142E+11  0.205E-03  0.191E-03  0.123E-02  0.215E-09     32.
 23  30  0.424E+03  0.803E-09 -0.999E+03  0.154E-43  0.133E+11  0.334E-04  0.301E-04  0.128E-02  0.142E-10     32.
 23  31  0.132E+03  0.485E-08 -0.999E+03  0.154E-43  0.129E+11  0.640E-05  0.573E-05  0.134E-02  0.122E-11     16.
 23  32  0.861E+02  0.241E-07 -0.999E+03  0.154E-43  0.138E+11  0.206E-05  0.186E-05  0.140E-02  0.221E-12      8.
 23  33  0.682E+02  0.894E-07 -0.999E+03  0.154E-43  0.165E+11  0.208E-05  0.104E-05  0.145E-02  0.866E-13      8.
 23  34  0.747E+02  0.230E-06 -0.999E+03  0.154E-43  0.201E+11  0.448E-05  0.670E-06  0.150E-02  0.407E-13      4.
 23  35  0.843E+02  0.420E-06 -0.999E+03  0.154E-43  0.235E+11  0.259E-04  0.336E-06  0.154E-02  0.136E-13      4.
 23  36  0.981E+02  0.521E-06 -0.999E+03  0.154E-43  0.265E+11  0.132E-03  0.139E-06  0.158E-02  0.345E-14      4.
 23  37  0.852E+02  0.509E-06 -0.999E+03  0.154E-43  0.306E+11  0.855E-04  0.659E-07  0.161E-02  0.106E-14      2.
 23  38  0.886E+02  0.436E-06 -0.999E+03  0.154E-43  0.378E+11  0.377E-03  0.444E-07  0.163E-02  0.534E-15      2.
 23  39  0.825E+02  0.335E-06 -0.999E+03  0.154E-43  0.498E+11  0.869E-03  0.425E-07  0.165E-02  0.438E-15      2.
 23  40  0.640E+02  0.238E-06 -0.999E+03  0.154E-43  0.687E+11  0.657E-03  0.524E-07  0.167E-02  0.511E-15      1.
 23  41  0.439E+02  0.161E-06 -0.999E+03  0.154E-43  0.967E+11  0.864E-03  0.719E-07  0.169E-02  0.693E-15      1.
 23  42  0.260E+02  0.105E-06 -0.999E+03  0.154E-43  0.135E+12  0.515E-02  0.939E-07  0.170E-02  0.876E-15      2.
 23  43  0.152E+02  0.676E-07 -0.999E+03  0.154E-43  0.184E+12  0.773E-02  0.109E-06  0.171E-02  0.940E-15      2.
 23  44  0.898E+01  0.425E-07 -0.999E+03  0.154E-43  0.248E+12  0.121E-01  0.117E-06  0.172E-02  0.910E-15      2.
 23  45  0.548E+01  0.261E-07 -0.999E+03  0.154E-43  0.330E+12  0.114E-01  0.120E-06  0.172E-02  0.815E-15      1.
 23  46  0.340E+01  0.157E-07 -0.999E+03  0.154E-43  0.432E+12  0.179E-01  0.112E-06  0.173E-02  0.646E-15      1.
 23  47  0.216E+01  0.908E-08 -0.999E+03  0.154E-43  0.558E+12  0.201E-01  0.963E-07  0.173E-02  0.457E-15      1.
 23  48  0.138E+01  0.504E-08 -0.999E+03  0.154E-43  0.716E+12  0.205E-01  0.805E-07  0.174E-02  0.310E-15      1.
 23  49  0.869E+00  0.266E-08 -0.999E+03  0.154E-43  0.925E+12  0.203E-01  0.696E-07  0.174E-02  0.221E-15      1.
 23  50  0.535E+00  0.131E-08 -0.999E+03  0.154E-43  0.121E+13  0.200E-01  0.651E-07  0.175E-02  0.176E-15      1.
 23  51  0.319E+00  0.604E-09 -0.999E+03  0.154E-43  0.160E+13  0.197E-01  0.639E-07  0.175E-02  0.149E-15      1.
 23  52  0.183E+00  0.256E-09 -0.999E+03  0.154E-43  0.210E+13  0.194E-01  0.596E-07  0.175E-02  0.118E-15      1.
 23  53  0.101E+00  0.100E-09 -0.999E+03  0.154E-43  0.267E+13  0.192E-01  0.474E-07  0.175E-02  0.747E-16      1.
 23  54  0.525E-01  0.361E-10 -0.999E+03  0.154E-43  0.330E+13  0.191E-01  0.323E-07  0.175E-02  0.381E-16      1.
 23  55  0.258E-01  0.121E-10 -0.999E+03  0.154E-43  0.408E+13  0.189E-01  0.222E-07  0.176E-02  0.197E-16      1.
 23  56  0.118E-01  0.381E-11 -0.999E+03  0.154E-43  0.517E+13  0.189E-01  0.175E-07  0.176E-02  0.123E-16      1.
 23  57  0.501E-02  0.115E-11 -0.999E+03  0.154E-43  0.688E+13  0.189E-01  0.179E-07  0.176E-02  0.111E-16      1.
 23  58  0.199E-02  0.305E-12 -0.999E+03  0.154E-43  0.929E+13  0.189E-01  0.196E-07  0.176E-02  0.110E-16      1.
 23  59  0.716E-03  0.702E-13 -0.999E+03  0.154E-43  0.135E+14  0.189E-01  0.314E-07  0.176E-02  0.185E-16      1.
 24   1  0.000E+00  0.000E+00 -0.999E+03  0.154E-43  0.178E+10  0.104E+00  0.155E+04  0.621E-01  0.430E+02      1.
 24   2  0.455E-30  0.000E+00 -0.999E+03  0.154E-43  0.220E+10  0.104E+00  0.177E+04  0.621E-01  0.452E+02      1.
 24   3  0.621E-29  0.000E+00 -0.999E+03  0.154E-43  0.333E+10  0.104E+00  0.279E+04  0.621E-01  0.743E+02      1.
 24   4  0.804E-28  0.000E+00 -0.999E+03  0.154E-43  0.466E+10  0.104E+00  0.387E+04  0.621E-01  0.102E+03      1.
 24   5  0.103E-26  0.000E+00 -0.999E+03  0.154E-43  0.614E+10  0.104E+00  0.489E+04  0.621E-01  0.123E+03      1.
 24   6  0.137E-25  0.000E+00 -0.999E+03  0.154E-43  0.786E+10  0.104E+00  0.586E+04  0.621E-01  0.139E+03      1.
 24   7  0.206E-24  0.000E+00 -0.999E+03  0.154E-43  0.985E+10  0.104E+00  0.677E+04  0.621E-01  0.148E+03      1.
 24   8  0.412E-23  0.000E+00 -0.999E+03  0.154E-43  0.121E+11  0.104E+00  0.754E+04  0.621E-01  0.150E+03      1.
 24   9  0.134E-21  0.000E+00 -0.999E+03  0.154E-43  0.149E+11  0.104E+00  0.835E+04  0.621E-01  0.150E+03      1.
 24  10  0.703E-20  0.000E+00 -0.999E+03  0.154E-43  0.188E+11  0.104E+00  0.964E+04  0.620E-01  0.160E+03      1.
 24  11  0.469E-18  0.000E+00 -0.999E+03  0.154E-43  0.244E+11  0.104E+00  0.116E+05  0.620E-01  0.181E+03      1.
 24  12  0.330E-16  0.000E+00 -0.999E+03  0.154E-43  0.308E+11  0.104E+00  0.132E+05  0.620E-01  0.189E+03      1.
 24  13  0.226E-14  0.000E+00 -0.999E+03  0.154E-43  0.363E+11  0.104E+00  0.132E+05  0.620E-01  0.165E+03      1.
 24  14  0.142E-12  0.000E+00 -0.999E+03  0.154E-43  0.407E+11  0.104E+00  0.117E+05  0.619E-01  0.121E+03      1.
 24  15  0.789E-11  0.196E-43 -0.999E+03  0.154E-43  0.449E+11  0.104E+00  0.985E+04  0.619E-01  0.831E+02      1.
 24  16  0.354E-09  0.192E-40 -0.999E+03  0.154E-43  0.479E+11  0.104E+00  0.746E+04  0.618E-01  0.492E+02      1.
 24  17  0.106E-07  0.218E-37 -0.999E+03  0.154E-43  0.471E+11  0.104E+00  0.448E+04  0.619E-01  0.211E+02      1.
 24  18  0.180E-06  0.282E-34 -0.999E+03  0.154E-43  0.442E+11  0.104E+00  0.223E+04  0.620E-01  0.696E+01      1.
 24  19  0.177E-05  0.354E-31 -0.999E+03  0.154E-43  0.417E+11  0.104E+00  0.104E+04  0.623E-01  0.208E+01      1.
 24  20  0.830E-04  0.436E-28 -0.999E+03  0.154E-43  0.398E+11  0.104E+00  0.455E+03  0.572E-01  0.574E+00      1.
 24  21  0.340E-02  0.569E-25 -0.999E+03  0.154E-43  0.381E+11  0.104E+00  0.184E+03  0.374E-01  0.142E+00      1.
 24  22  0.910E-01  0.854E-22 -0.999E+03  0.154E-43  0.369E+11  0.104E+00  0.706E+02  0.188E-01  0.325E-01      1.
 24  23  0.137E+01  0.142E-18 -0.999E+03  0.154E-43  0.347E+11  0.103E+00  0.219E+02  0.859E-02  0.556E-02      1.
 24  24  0.845E+01  0.136E-16 -0.999E+03  0.154E-43  0.310E+11  0.102E+00  0.501E+01  0.408E-02  0.617E-03      1.
 24  25  0.208E+02  0.113E-14 -0.999E+03  0.154E-43  0.270E+11  0.101E+00  0.896E+00  0.226E-02  0.489E-04      1.
 24  26  0.204E+02  0.406E-13 -0.999E+03  0.154E-43  0.225E+11  0.100E+00  0.116E+00  0.156E-02  0.246E-05      1.
 24  27  0.483E+03  0.104E-11 -0.999E+03  0.154E-43  0.184E+11  0.124E-01  0.118E-01  0.129E-02  0.888E-07     64.
 24  28  0.156E+04  0.251E-10 -0.999E+03  0.154E-43  0.157E+11  0.147E-02  0.133E-02  0.121E-02  0.369E-08     64.
 24  29  0.461E+03  0.378E-09 -0.999E+03  0.154E-43  0.142E+11  0.205E-03  0.191E-03  0.123E-02  0.215E-09     32.
 24  30  0.540E+03  0.346E-08 -0.999E+03  0.154E-43  0.133E+11  0.334E-04  0.301E-04  0.128E-02  0.142E-10     32.
 24  31  0.158E+03  0.190E-07 -0.999E+03  0.154E-43  0.129E+11  0.640E-05  0.573E-05  0.134E-02  0.122E-11     16.
 24  32  0.125E+03  0.836E-07 -0.999E+03  0.154E-43  0.138E+11  0.206E-05  0.186E-05  0.140E-02  0.221E-12      8.
 24  33  0.105E+03  0.266E-06 -0.999E+03  0.154E-43  0.165E+11  0.208E-05  0.104E-05  0.145E-02  0.866E-13      8.
 24  34  0.864E+02  0.579E-06 -0.999E+03  0.154E-43  0.201E+11  0.448E-05  0.670E-06  0.150E-02  0.407E-13      4.
 24  35  0.104E+03  0.887E-06 -0.999E+03  0.154E-43  0.235E+11  0.259E-04  0.336E-06  0.154E-02  0.136E-13      4.
 24  36  0.113E+03  0.101E-05 -0.999E+03  0.154E-43  0.265E+11  0.132E-03  0.139E-06  0.158E-02  0.345E-14      4.
 24  37  0.803E+02  0.912E-06 -0.999E+03  0.154E-43  0.306E+11  0.855E-04  0.659E-07  0.161E-02  0.106E-14      2.
 24  38  0.783E+02  0.723E-06 -0.999E+03  0.154E-43  0.378E+11  0.377E-03  0.444E-07  0.163E-02  0.534E-15      2.
 24  39  0.638E+02  0.527E-06 -0.999E+03  0.154E-43  0.498E+11  0.869E-03  0.425E-07  0.165E-02  0.438E-15      2.
 24  40  0.458E+02  0.362E-06 -0.999E+03  0.154E-43  0.687E+11  0.657E-03  0.524E-07  0.167E-02  0.511E-15      1.
 24  41  0.290E+02  0.240E-06 -0.999E+03  0.154E-43  0.967E+11  0.864E-03  0.719E-07  0.169E-02  0.693E-15      1.
 24  42  0.170E+02  0.155E-06 -0.999E+03  0.154E-43  0.135E+12  0.515E-02  0.939E-07  0.170E-02  0.876E-15      2.
 24  43  0.101E+02  0.979E-07 -0.999E+03  0.154E-43  0.184E+12  0.773E-02  0.109E-06  0.171E-02  0.940E-15      2.
 24  44  0.600E+01  0.603E-07 -0.999E+03  0.154E-43  0.248E+12  0.121E-01  0.117E-06  0.172E-02  0.910E-15      2.
 24  45  0.366E+01  0.361E-07 -0.999E+03  0.154E-43  0.330E+12  0.114E-01  0.120E-06  0.172E-02  0.815E-15      1.
 24  46  0.226E+01  0.208E-07 -0.999E+03  0.154E-43  0.432E+12  0.179E-01  0.112E-06  0.173E-02  0.646E-15      1.
 24  47  0.141E+01  0.115E-07 -0.999E+03  0.154E-43  0.558E+12  0.201E-01  0.963E-07  0.173E-02  0.457E-15      1.
 24  48  0.884E+00  0.602E-08 -0.999E+03  0.154E-43  0.716E+12  0.205E-01  0.805E-07  0.174E-02  0.310E-15      1.
 24  49  0.541E+00  0.295E-08 -0.999E+03  0.154E-43  0.925E+12  0.203E-01  0.696E-07  0.174E-02  0.221E-15      1.
 24  50  0.321E+00  0.134E-08 -0.999E+03  0.154E-43  0.121E+13  0.200E-01  0.651E-07  0.175E-02  0.176E-15      1.
 24  51  0.183E+00  0.561E-09 -0.999E+03  0.154E-43  0.160E+13  0.197E-01  0.639E-07  0.175E-02  0.149E-15      1.
 24  52  0.995E-01  0.214E-09 -0.999E+03  0.154E-43  0.210E+13  0.194E-01  0.596E-07  0.175E-02  0.118E-15      1.
 24  53  0.513E-01  0.752E-10 -0.999E+03  0.154E-43  0.267E+13  0.192E-01  0.474E-07  0.175E-02  0.747E-16      1.
 24  54  0.249E-01  0.243E-10 -0.999E+03  0.154E-43  0.330E+13  0.191E-01  0.323E-07  0.175E-02  0.381E-16      1.
 24  55  0.113E-01  0.740E-11 -0.999E+03  0.154E-43  0.408E+13  0.189E-01  0.222E-07  0.176E-02  0.197E-16      1.
 24  56  0.473E-02  0.215E-11 -0.999E+03  0.154E-43  0.517E+13  0.189E-01  0.175E-07  0.176E-02  0.123E-16      1.
 24  57  0.184E-02  0.564E-12 -0.999E+03  0.154E-43  0.688E+13  0.189E-01  0.179E-07  0.176E-02  0.111E-16      1.
 24  58  0.677E-03  0.129E-12 -0.999E+03  0.154E-43  0.929E+13  0.189E-01  0.196E-07  0.176E-02  0.110E-16      1.
 24  59  0.236E-03  0.252E-13 -0.999E+03  0.154E-43  0.135E+14  0.189E-01  0.314E-07  0.176E-02  0.185E-16      1.
 25   1  0.000E+00  0.000E+00 -0.999E+03  0.154E-43  0.178E+10  0.104E+00  0.155E+04  0.621E-01  0.430E+02      1.
 25   2  0.653E-30  0.000E+00 -0.999E+03  0.154E-43  0.220E+10  0.104E+00  0.177E+04  0.621E-01  0.452E+02      1.
 25   3  0.947E-29  0.000E+00 -0.999E+03  0.154E-43  0.333E+10  0.104E+00  0.279E+04  0.621E-01  0.743E+02      1.
 25   4  0.127E-27  0.000E+00 -0.999E+03  0.154E-43  0.466E+10  0.104E+00  0.387E+04  0.621E-01  0.102E+03      1.
 25   5  0.164E-26  0.000E+00 -0.999E+03  0.154E-43  0.614E+10  0.104E+00  0.489E+04  0.621E-01  0.123E+03      1.
 25   6  0.218E-25  0.000E+00 -0.999E+03  0.154E-43  0.786E+10  0.104E+00  0.586E+04  0.621E-01  0.139E+03      1.
 25   7  0.320E-24  0.000E+00 -0.999E+03  0.154E-43  0.985E+10  0.104E+00  0.677E+04  0.621E-01  0.148E+03      1.
 25   8  0.597E-23  0.000E+00 -0.999E+03  0.154E-43  0.121E+11  0.104E+00  0.754E+04  0.621E-01  0.150E+03      1.
 25   9  0.168E-21  0.000E+00 -0.999E+03  0.154E-43  0.149E+11  0.104E+00  0.835E+04  0.621E-01  0.150E+03      1.
 25  10  0.749E-20  0.000E+00 -0.999E+03  0.154E-43  0.188E+11  0.104E+00  0.964E+04  0.620E-01  0.160E+03      1.
 25  11  0.450E-18  0.000E+00 -0.999E+03  0.154E-43  0.244E+11  0.104E+00  0.116E+05  0.620E-01  0.181E+03      1.
 25  12  0.301E-16  0.000E+00 -0.999E+03  0.154E-43  0.308E+11  0.104E+00  0.132E+05  0.620E-01  0.189E+03      1.
 25  13  0.201E-14  0.000E+00 -0.999E+03  0.154E-43  0.363E+11  0.104E+00  0.132E+05  0.620E-01  0.165E+03      1.
 25  14  0.126E-12  0.000E+00 -0.999E+03  0.154E-43  0.407E+11  0.104E+00  0.117E+05  0.619E-01  0.121E+03      1.
 25  15  0.704E-11  0.297E-42 -0.999E+03  0.154E-43  0.449E+11  0.104E+00  0.985E+04  0.619E-01  0.831E+02      1.
 25  16  0.322E-09  0.281E-39 -0.999E+03  0.154E-43  0.479E+11  0.104E+00  0.746E+04  0.618E-01  0.492E+02      1.
 25  17  0.995E-08  0.319E-36 -0.999E+03  0.154E-43  0.471E+11  0.104E+00  0.448E+04  0.619E-01  0.211E+02      1.
 25  18  0.176E-06  0.413E-33 -0.999E+03  0.154E-43  0.442E+11  0.104E+00  0.223E+04  0.620E-01  0.696E+01      1.
 25  19  0.178E-05  0.519E-30 -0.999E+03  0.154E-43  0.417E+11  0.104E+00  0.104E+04  0.623E-01  0.208E+01      1.
 25  20  0.768E-04  0.642E-27 -0.999E+03  0.154E-43  0.398E+11  0.104E+00  0.455E+03  0.572E-01  0.574E+00      1.
 25  21  0.324E-02  0.845E-24 -0.999E+03  0.154E-43  0.381E+11  0.104E+00  0.184E+03  0.374E-01  0.142E+00      1.
 25  22  0.891E-01  0.129E-20 -0.999E+03  0.154E-43  0.369E+11  0.104E+00  0.706E+02  0.188E-01  0.325E-01      1.
 25  23  0.134E+01  0.147E-17 -0.999E+03  0.154E-43  0.347E+11  0.103E+00  0.219E+02  0.859E-02  0.556E-02      1.
 25  24  0.687E+01  0.126E-15 -0.999E+03  0.154E-43  0.310E+11  0.102E+00  0.501E+01  0.408E-02  0.617E-03      1.
 25  25  0.123E+02  0.455E-14 -0.999E+03  0.154E-43  0.270E+11  0.101E+00  0.896E+00  0.226E-02  0.489E-04      1.
 25  26  0.754E+01  0.177E-12 -0.999E+03  0.154E-43  0.225E+11  0.100E+00  0.116E+00  0.156E-02  0.246E-05      1.
 25  27  0.527E+03  0.513E-11 -0.999E+03  0.154E-43  0.184E+11  0.124E-01  0.118E-01  0.129E-02  0.888E-07     64.
 25  28  0.106E+04  0.115E-09 -0.999E+03  0.154E-43  0.157E+11  0.147E-02  0.133E-02  0.121E-02  0.369E-08     64.
 25  29  0.553E+03  0.151E-08 -0.999E+03  0.154E-43  0.142E+11  0.205E-03  0.191E-03  0.123E-02  0.215E-09     32.
 25  30  0.570E+03  0.118E-07 -0.999E+03  0.154E-43  0.133E+11  0.334E-04  0.301E-04  0.128E-02  0.142E-10     32.
 25  31  0.177E+03  0.566E-07 -0.999E+03  0.154E-43  0.129E+11  0.640E-05  0.573E-05  0.134E-02  0.122E-11     16.
 25  32  0.159E+03  0.230E-06 -0.999E+03  0.154E-43  0.138E+11  0.206E-05  0.186E-05  0.140E-02  0.221E-12      8.
 25  33  0.136E+03  0.634E-06 -0.999E+03  0.154E-43  0.165E+11  0.208E-05  0.104E-05  0.145E-02  0.866E-13      8.
 25  34  0.892E+02  0.117E-05 -0.999E+03  0.154E-43  0.201E+11  0.448E-05  0.670E-06  0.150E-02  0.407E-13      4.
 25  35  0.105E+03  0.163E-05 -0.999E+03  0.154E-43  0.235E+11  0.259E-04  0.336E-06  0.154E-02  0.136E-13      4.
 25  36  0.105E+03  0.170E-05 -0.999E+03  0.154E-43  0.265E+11  0.132E-03  0.139E-06  0.158E-02  0.345E-14      4.
 25  37  0.663E+02  0.144E-05 -0.999E+03  0.154E-43  0.306E+11  0.855E-04  0.659E-07  0.161E-02  0.106E-14      2.
 25  38  0.599E+02  0.109E-05 -0.999E+03  0.154E-43  0.378E+11  0.377E-03  0.444E-07  0.163E-02  0.534E-15      2.
 25  39  0.429E+02  0.767E-06 -0.999E+03  0.154E-43  0.498E+11  0.869E-03  0.425E-07  0.165E-02  0.438E-15      2.
 25  40  0.290E+02  0.516E-06 -0.999E+03  0.154E-43  0.687E+11  0.657E-03  0.524E-07  0.167E-02  0.511E-15      1.
 25  41  0.177E+02  0.336E-06 -0.999E+03  0.154E-43  0.967E+11  0.864E-03  0.719E-07  0.169E-02  0.693E-15      1.
 25  42  0.104E+02  0.213E-06 -0.999E+03  0.154E-43  0.135E+12  0.515E-02  0.939E-07  0.170E-02  0.876E-15      2.
 25  43  0.623E+01  0.132E-06 -0.999E+03  0.154E-43  0.184E+12  0.773E-02  0.109E-06  0.171E-02  0.940E-15      2.
 25  44  0.373E+01  0.786E-07 -0.999E+03  0.154E-43  0.248E+12  0.121E-01  0.117E-06  0.172E-02  0.910E-15      2.
 25  45  0.226E+01  0.452E-07 -0.999E+03  0.154E-43  0.330E+12  0.114E-01  0.120E-06  0.172E-02  0.815E-15      1.
 25  46  0.138E+01  0.248E-07 -0.999E+03  0.154E-43  0.432E+12  0.179E-01  0.112E-06  0.173E-02  0.646E-15      1.
 25  47  0.851E+00  0.129E-07 -0.999E+03  0.154E-43  0.558E+12  0.201E-01  0.963E-07  0.173E-02  0.457E-15      1.
 25  48  0.517E+00  0.627E-08 -0.999E+03  0.154E-43  0.716E+12  0.205E-01  0.805E-07  0.174E-02  0.310E-15      1.
 25  49  0.306E+00  0.282E-08 -0.999E+03  0.154E-43  0.925E+12  0.203E-01  0.696E-07  0.174E-02  0.221E-15      1.
 25  50  0.173E+00  0.116E-08 -0.999E+03  0.154E-43  0.121E+13  0.200E-01  0.651E-07  0.175E-02  0.176E-15      1.
 25  51  0.935E-01  0.434E-09 -0.999E+03  0.154E-43  0.160E+13  0.197E-01  0.639E-07  0.175E-02  0.149E-15      1.
 25  52  0.476E-01  0.148E-09 -0.999E+03  0.154E-43  0.210E+13  0.194E-01  0.596E-07  0.175E-02  0.118E-15      1.
 25  53  0.228E-01  0.464E-10 -0.999E+03  0.154E-43  0.267E+13  0.192E-01  0.474E-07  0.175E-02  0.747E-16      1.
 25  54  0.101E-01  0.136E-10 -0.999E+03  0.154E-43  0.330E+13  0.191E-01  0.323E-07  0.175E-02  0.381E-16      1.
 25  55  0.419E-02  0.376E-11 -0.999E+03  0.154E-43  0.408E+13  0.189E-01  0.222E-07  0.176E-02  0.197E-16      1.
 25  56  0.160E-02  0.979E-12 -0.999E+03  0.154E-43  0.517E+13  0.189E-01  0.175E-07  0.176E-02  0.123E-16      1.
 25  57  0.570E-03  0.221E-12 -0.999E+03  0.154E-43  0.688E+13  0.189E-01  0.179E-07  0.176E-02  0.111E-16      1.
 25  58  0.194E-03  0.429E-13 -0.999E+03  0.154E-43  0.929E+13  0.189E-01  0.196E-07  0.176E-02  0.110E-16      1.
 25  59  0.601E-04  0.707E-14 -0.999E+03  0.154E-43  0.135E+14  0.189E-01  0.314E-07  0.176E-02  0.185E-16      1.
 26   1  0.000E+00  0.000E+00 -0.999E+03  0.154E-43  0.178E+10  0.104E+00  0.155E+04  0.621E-01  0.430E+02      1.
 26   2  0.132E-29  0.000E+00 -0.999E+03  0.154E-43  0.220E+10  0.104E+00  0.177E+04  0.621E-01  0.452E+02      1.
 26   3  0.192E-28  0.000E+00 -0.999E+03  0.154E-43  0.333E+10  0.104E+00  0.279E+04  0.621E-01  0.743E+02      1.
 26   4  0.253E-27  0.000E+00 -0.999E+03  0.154E-43  0.466E+10  0.104E+00  0.387E+04  0.621E-01  0.102E+03      1.
 26   5  0.318E-26  0.000E+00 -0.999E+03  0.154E-43  0.614E+10  0.104E+00  0.489E+04  0.621E-01  0.123E+03      1.
 26   6  0.401E-25  0.000E+00 -0.999E+03  0.154E-43  0.786E+10  0.104E+00  0.586E+04  0.621E-01  0.139E+03      1.
 26   7  0.551E-24  0.000E+00 -0.999E+03  0.154E-43  0.985E+10  0.104E+00  0.677E+04  0.621E-01  0.148E+03      1.
 26   8  0.925E-23  0.000E+00 -0.999E+03  0.154E-43  0.121E+11  0.104E+00  0.754E+04  0.621E-01  0.150E+03      1.
 26   9  0.219E-21  0.000E+00 -0.999E+03  0.154E-43  0.149E+11  0.104E+00  0.835E+04  0.621E-01  0.150E+03      1.
 26  10  0.802E-20  0.000E+00 -0.999E+03  0.154E-43  0.188E+11  0.104E+00  0.964E+04  0.620E-01  0.160E+03      1.
 26  11  0.416E-18  0.000E+00 -0.999E+03  0.154E-43  0.244E+11  0.104E+00  0.116E+05  0.620E-01  0.181E+03      1.
 26  12  0.255E-16  0.000E+00 -0.999E+03  0.154E-43  0.308E+11  0.104E+00  0.132E+05  0.620E-01  0.189E+03      1.
 26  13  0.163E-14  0.000E+00 -0.999E+03  0.154E-43  0.363E+11  0.104E+00  0.132E+05  0.620E-01  0.165E+03      1.
 26  14  0.999E-13  0.140E-44 -0.999E+03  0.154E-43  0.407E+11  0.104E+00  0.117E+05  0.619E-01  0.121E+03      1.
 26  15  0.557E-11  0.105E-41 -0.999E+03  0.154E-43  0.449E+11  0.104E+00  0.985E+04  0.619E-01  0.831E+02      1.
 26  16  0.258E-09  0.992E-39 -0.999E+03  0.154E-43  0.479E+11  0.104E+00  0.746E+04  0.618E-01  0.492E+02      1.
 26  17  0.823E-08  0.113E-35 -0.999E+03  0.154E-43  0.471E+11  0.104E+00  0.448E+04  0.619E-01  0.211E+02      1.
 26  18  0.156E-06  0.146E-32 -0.999E+03  0.154E-43  0.442E+11  0.104E+00  0.223E+04  0.620E-01  0.696E+01      1.
 26  19  0.174E-05  0.184E-29 -0.999E+03  0.154E-43  0.417E+11  0.104E+00  0.104E+04  0.623E-01  0.208E+01      1.
 26  20  0.656E-04  0.229E-26 -0.999E+03  0.154E-43  0.398E+11  0.104E+00  0.455E+03  0.572E-01  0.574E+00      1.
 26  21  0.285E-02  0.304E-23 -0.999E+03  0.154E-43  0.381E+11  0.104E+00  0.184E+03  0.374E-01  0.142E+00      1.
 26  22  0.809E-01  0.476E-20 -0.999E+03  0.154E-43  0.369E+11  0.104E+00  0.706E+02  0.188E-01  0.325E-01      1.
 26  23  0.123E+01  0.552E-17 -0.999E+03  0.154E-43  0.347E+11  0.103E+00  0.219E+02  0.859E-02  0.556E-02      1.
 26  24  0.510E+01  0.566E-15 -0.999E+03  0.154E-43  0.310E+11  0.102E+00  0.501E+01  0.408E-02  0.617E-03      1.
 26  25  0.642E+01  0.148E-13 -0.999E+03  0.154E-43  0.270E+11  0.101E+00  0.896E+00  0.226E-02  0.489E-04      1.
 26  26  0.221E+01  0.581E-12 -0.999E+03  0.154E-43  0.225E+11  0.100E+00  0.116E+00  0.156E-02  0.246E-05      1.
 26  27  0.540E+03  0.175E-10 -0.999E+03  0.154E-43  0.184E+11  0.124E-01  0.118E-01  0.129E-02  0.888E-07     64.
 26  28  0.656E+03  0.345E-09 -0.999E+03  0.154E-43  0.157E+11  0.147E-02  0.133E-02  0.121E-02  0.369E-08     64.
 26  29  0.522E+03  0.390E-08 -0.999E+03  0.154E-43  0.142E+11  0.205E-03  0.191E-03  0.123E-02  0.215E-09     32.
 26  30  0.478E+03  0.280E-07 -0.999E+03  0.154E-43  0.133E+11  0.334E-04  0.301E-04  0.128E-02  0.142E-10     32.
 26  31  0.181E+03  0.135E-06 -0.999E+03  0.154E-43  0.129E+11  0.640E-05  0.573E-05  0.134E-02  0.122E-11     16.
 26  32  0.167E+03  0.504E-06 -0.999E+03  0.154E-43  0.138E+11  0.206E-05  0.186E-05  0.140E-02  0.221E-12      8.
 26  33  0.142E+03  0.125E-05 -0.999E+03  0.154E-43  0.165E+11  0.208E-05  0.104E-05  0.145E-02  0.866E-13      8.
 26  34  0.792E+02  0.209E-05 -0.999E+03  0.154E-43  0.201E+11  0.448E-05  0.670E-06  0.150E-02  0.407E-13      4.
 26  35  0.846E+02  0.258E-05 -0.999E+03  0.154E-43  0.235E+11  0.259E-04  0.336E-06  0.154E-02  0.136E-13      4.
 26  36  0.760E+02  0.248E-05 -0.999E+03  0.154E-43  0.265E+11  0.132E-03  0.139E-06  0.158E-02  0.345E-14      4.
 26  37  0.493E+02  0.201E-05 -0.999E+03  0.154E-43  0.306E+11  0.855E-04  0.659E-07  0.161E-02  0.106E-14      2.
 26  38  0.384E+02  0.148E-05 -0.999E+03  0.154E-43  0.378E+11  0.377E-03  0.444E-07  0.163E-02  0.534E-15      2.
 26  39  0.247E+02  0.102E-05 -0.999E+03  0.154E-43  0.498E+11  0.869E-03  0.425E-07  0.165E-02  0.438E-15      2.
 26  40  0.160E+02  0.673E-06 -0.999E+03  0.154E-43  0.687E+11  0.657E-03  0.524E-07  0.167E-02  0.511E-15      1.
 26  41  0.971E+01  0.430E-06 -0.999E+03  0.154E-43  0.967E+11  0.864E-03  0.719E-07  0.169E-02  0.693E-15      1.
 26  42  0.578E+01  0.266E-06 -0.999E+03  0.154E-43  0.135E+12  0.515E-02  0.939E-07  0.170E-02  0.876E-15      2.
 26  43  0.346E+01  0.159E-06 -0.999E+03  0.154E-43  0.184E+12  0.773E-02  0.109E-06  0.171E-02  0.940E-15      2.
 26  44  0.207E+01  0.911E-07 -0.999E+03  0.154E-43  0.248E+12  0.121E-01  0.117E-06  0.172E-02  0.910E-15      2.
 26  45  0.124E+01  0.497E-07 -0.999E+03  0.154E-43  0.330E+12  0.114E-01  0.120E-06  0.172E-02  0.815E-15      1.
 26  46  0.748E+00  0.256E-07 -0.999E+03  0.154E-43  0.432E+12  0.179E-01  0.112E-06  0.173E-02  0.646E-15      1.
 26  47  0.448E+00  0.123E-07 -0.999E+03  0.154E-43  0.558E+12  0.201E-01  0.963E-07  0.173E-02  0.457E-15      1.
 26  48  0.263E+00  0.547E-08 -0.999E+03  0.154E-43  0.716E+12  0.205E-01  0.805E-07  0.174E-02  0.310E-15      1.
 26  49  0.148E+00  0.222E-08 -0.999E+03  0.154E-43  0.925E+12  0.203E-01  0.696E-07  0.174E-02  0.221E-15      1.
 26  50  0.797E-01  0.814E-09 -0.999E+03  0.154E-43  0.121E+13  0.200E-01  0.651E-07  0.175E-02  0.176E-15      1.
 26  51  0.402E-01  0.271E-09 -0.999E+03  0.154E-43  0.160E+13  0.197E-01  0.639E-07  0.175E-02  0.149E-15      1.
 26  52  0.189E-01  0.822E-10 -0.999E+03  0.154E-43  0.210E+13  0.194E-01  0.596E-07  0.175E-02  0.118E-15      1.
 26  53  0.828E-02  0.230E-10 -0.999E+03  0.154E-43  0.267E+13  0.192E-01  0.474E-07  0.175E-02  0.747E-16      1.
 26  54  0.335E-02  0.609E-11 -0.999E+03  0.154E-43  0.330E+13  0.191E-01  0.323E-07  0.175E-02  0.381E-16      1.
 26  55  0.126E-02  0.156E-11 -0.999E+03  0.154E-43  0.408E+13  0.189E-01  0.222E-07  0.176E-02  0.197E-16      1.
 26  56  0.437E-03  0.350E-12 -0.999E+03  0.154E-43  0.517E+13  0.189E-01  0.175E-07  0.176E-02  0.123E-16      1.
 26  57  0.143E-03  0.670E-13 -0.999E+03  0.154E-43  0.688E+13  0.189E-01  0.179E-07  0.176E-02  0.111E-16      1.
 26  58  0.440E-04  0.109E-13 -0.999E+03  0.154E-43  0.929E+13  0.189E-01  0.196E-07  0.176E-02  0.110E-16      1.
 26  59  0.119E-04  0.150E-14 -0.999E+03  0.154E-43  0.135E+14  0.189E-01  0.314E-07  0.176E-02  0.185E-16      1.
 27   1  0.000E+00  0.000E+00 -0.999E+03  0.154E-43  0.178E+10  0.104E+00  0.155E+04  0.621E-01  0.430E+02      1.
 27   2  0.294E-29  0.208E-28 -0.999E+03  0.154E-43  0.220E+10  0.104E+00  0.177E+04  0.621E-01  0.452E+02      1.
 27   3  0.420E-28  0.279E-27 -0.999E+03  0.154E-43  0.333E+10  0.104E+00  0.279E+04  0.621E-01  0.743E+02      1.
 27   4  0.537E-27  0.328E-26 -0.999E+03  0.154E-43  0.466E+10  0.104E+00  0.387E+04  0.621E-01  0.102E+03      1.
 27   5  0.649E-26  0.358E-25 -0.999E+03  0.154E-43  0.614E+10  0.104E+00  0.489E+04  0.621E-01  0.123E+03      1.
 27   6  0.777E-25  0.376E-24 -0.999E+03  0.154E-43  0.786E+10  0.104E+00  0.586E+04  0.621E-01  0.139E+03      1.
 27   7  0.990E-24  0.402E-23 -0.999E+03  0.154E-43  0.985E+10  0.104E+00  0.677E+04  0.621E-01  0.148E+03      1.
 27   8  0.149E-22  0.471E-22 -0.999E+03  0.154E-43  0.121E+11  0.104E+00  0.754E+04  0.621E-01  0.150E+03      1.
 27   9  0.296E-21  0.649E-21 -0.999E+03  0.154E-43  0.149E+11  0.104E+00  0.835E+04  0.621E-01  0.150E+03      1.
 27  10  0.863E-20  0.112E-19 -0.999E+03  0.154E-43  0.188E+11  0.104E+00  0.964E+04  0.620E-01  0.160E+03      1.
 27  11  0.367E-18  0.253E-18 -0.999E+03  0.154E-43  0.244E+11  0.104E+00  0.116E+05  0.620E-01  0.181E+03      1.
 27  12  0.199E-16  0.795E-17 -0.999E+03  0.154E-43  0.308E+11  0.104E+00  0.132E+05  0.620E-01  0.189E+03      1.
 27  13  0.118E-14  0.337E-15 -0.999E+03  0.154E-43  0.363E+11  0.104E+00  0.132E+05  0.620E-01  0.165E+03      1.
 27  14  0.697E-13  0.171E-13 -0.999E+03  0.154E-43  0.407E+11  0.104E+00  0.117E+05  0.619E-01  0.121E+03      1.
 27  15  0.384E-11  0.945E-12 -0.999E+03  0.154E-43  0.449E+11  0.104E+00  0.985E+04  0.619E-01  0.831E+02      1.
 27  16  0.180E-09  0.513E-10 -0.999E+03  0.154E-43  0.479E+11  0.104E+00  0.746E+04  0.618E-01  0.492E+02      1.
 27  17  0.601E-08  0.233E-08 -0.999E+03  0.154E-43  0.471E+11  0.104E+00  0.448E+04  0.619E-01  0.211E+02      1.
 27  18  0.127E-06  0.795E-07 -0.999E+03  0.154E-43  0.442E+11  0.104E+00  0.223E+04  0.620E-01  0.696E+01      1.
 27  19  0.169E-05  0.149E-05 -0.999E+03  0.154E-43  0.417E+11  0.104E+00  0.104E+04  0.623E-01  0.208E+01      1.
 27  20  0.514E-04  0.326E-07 -0.999E+03  0.154E-43  0.398E+11  0.104E+00  0.455E+03  0.572E-01  0.574E+00      1.
 27  21  0.230E-02  0.452E-09 -0.999E+03  0.154E-43  0.381E+11  0.104E+00  0.184E+03  0.374E-01  0.142E+00      1.
 27  22  0.670E-01  0.517E-11 -0.999E+03  0.154E-43  0.369E+11  0.104E+00  0.706E+02  0.188E-01  0.325E-01      1.
 27  23  0.102E+01  0.136E-13 -0.999E+03  0.154E-43  0.347E+11  0.103E+00  0.219E+02  0.859E-02  0.556E-02      1.
 27  24  0.332E+01  0.241E-14 -0.999E+03  0.154E-43  0.310E+11  0.102E+00  0.501E+01  0.408E-02  0.617E-03      1.
 27  25  0.285E+01  0.424E-13 -0.999E+03  0.154E-43  0.270E+11  0.101E+00  0.896E+00  0.226E-02  0.489E-04      1.
 27  26  0.617E+00  0.160E-11 -0.999E+03  0.154E-43  0.225E+11  0.100E+00  0.116E+00  0.156E-02  0.246E-05      1.
 27  27  0.460E+03  0.454E-10 -0.999E+03  0.154E-43  0.184E+11  0.124E-01  0.118E-01  0.129E-02  0.888E-07     64.
 27  28  0.373E+03  0.803E-09 -0.999E+03  0.154E-43  0.157E+11  0.147E-02  0.133E-02  0.121E-02  0.369E-08     64.
 27  29  0.390E+03  0.867E-08 -0.999E+03  0.154E-43  0.142E+11  0.205E-03  0.191E-03  0.123E-02  0.215E-09     32.
 27  30  0.324E+03  0.613E-07 -0.999E+03  0.154E-43  0.133E+11  0.334E-04  0.301E-04  0.128E-02  0.142E-10     32.
 27  31  0.159E+03  0.296E-06 -0.999E+03  0.154E-43  0.129E+11  0.640E-05  0.573E-05  0.134E-02  0.122E-11     16.
 27  32  0.132E+03  0.985E-06 -0.999E+03  0.154E-43  0.138E+11  0.206E-05  0.186E-05  0.140E-02  0.221E-12      8.
 27  33  0.111E+03  0.216E-05 -0.999E+03  0.154E-43  0.165E+11  0.208E-05  0.104E-05  0.145E-02  0.866E-13      8.
 27  34  0.600E+02  0.322E-05 -0.999E+03  0.154E-43  0.201E+11  0.448E-05  0.670E-06  0.150E-02  0.407E-13      4.
 27  35  0.571E+02  0.357E-05 -0.999E+03  0.154E-43  0.235E+11  0.259E-04  0.336E-06  0.154E-02  0.136E-13      4.
 27  36  0.451E+02  0.320E-05 -0.999E+03  0.154E-43  0.265E+11  0.132E-03  0.139E-06  0.158E-02  0.345E-14      4.
 27  37  0.304E+02  0.251E-05 -0.999E+03  0.154E-43  0.306E+11  0.855E-04  0.659E-07  0.161E-02  0.106E-14      2.
 27  38  0.200E+02  0.180E-05 -0.999E+03  0.154E-43  0.378E+11  0.377E-03  0.444E-07  0.163E-02  0.534E-15      2.
 27  39  0.120E+02  0.122E-05 -0.999E+03  0.154E-43  0.498E+11  0.869E-03  0.425E-07  0.165E-02  0.438E-15      2.
 27  40  0.761E+01  0.793E-06 -0.999E+03  0.154E-43  0.687E+11  0.657E-03  0.524E-07  0.167E-02  0.511E-15      1.
 27  41  0.461E+01  0.493E-06 -0.999E+03  0.154E-43  0.967E+11  0.864E-03  0.719E-07  0.169E-02  0.693E-15      1.
 27  42  0.276E+01  0.295E-06 -0.999E+03  0.154E-43  0.135E+12  0.515E-02  0.939E-07  0.170E-02  0.876E-15      2.
 27  43  0.165E+01  0.169E-06 -0.999E+03  0.154E-43  0.184E+12  0.773E-02  0.109E-06  0.171E-02  0.940E-15      2.
 27  44  0.978E+00  0.917E-07 -0.999E+03  0.154E-43  0.248E+12  0.121E-01  0.117E-06  0.172E-02  0.910E-15      2.
 27  45  0.579E+00  0.468E-07 -0.999E+03  0.154E-43  0.330E+12  0.114E-01  0.120E-06  0.172E-02  0.815E-15      1.
 27  46  0.339E+00  0.223E-07 -0.999E+03  0.154E-43  0.432E+12  0.179E-01  0.112E-06  0.173E-02  0.646E-15      1.
 27  47  0.196E+00  0.976E-08 -0.999E+03  0.154E-43  0.558E+12  0.201E-01  0.963E-07  0.173E-02  0.457E-15      1.
 27  48  0.110E+00  0.389E-08 -0.999E+03  0.154E-43  0.716E+12  0.205E-01  0.805E-07  0.174E-02  0.310E-15      1.
 27  49  0.587E-01  0.140E-08 -0.999E+03  0.154E-43  0.925E+12  0.203E-01  0.696E-07  0.174E-02  0.221E-15      1.
 27  50  0.294E-01  0.456E-09 -0.999E+03  0.154E-43  0.121E+13  0.200E-01  0.651E-07  0.175E-02  0.176E-15      1.
 27  51  0.137E-01  0.135E-09 -0.999E+03  0.154E-43  0.160E+13  0.197E-01  0.639E-07  0.175E-02  0.149E-15      1.
 27  52  0.588E-02  0.362E-10 -0.999E+03  0.154E-43  0.210E+13  0.194E-01  0.596E-07  0.175E-02  0.118E-15      1.
 27  53  0.233E-02  0.910E-11 -0.999E+03  0.154E-43  0.267E+13  0.192E-01  0.474E-07  0.175E-02  0.747E-16      1.
 27  54  0.850E-03  0.221E-11 -0.999E+03  0.154E-43  0.330E+13  0.191E-01  0.323E-07  0.175E-02  0.381E-16      1.
 27  55  0.287E-03  0.486E-12 -0.999E+03  0.154E-43  0.408E+13  0.189E-01  0.222E-07  0.176E-02  0.197E-16      1.
 27  56  0.913E-04  0.922E-13 -0.999E+03  0.154E-43  0.517E+13  0.189E-01  0.175E-07  0.176E-02  0.123E-16      1.
 27  57  0.279E-04  0.149E-13 -0.999E+03  0.154E-43  0.688E+13  0.189E-01  0.179E-07  0.176E-02  0.111E-16      1.
 27  58  0.747E-05  0.202E-14 -0.999E+03  0.154E-43  0.929E+13  0.189E-01  0.196E-07  0.176E-02  0.110E-16      1.
 27  59  0.174E-05  0.229E-15 -0.999E+03  0.154E-43  0.135E+14  0.189E-01  0.314E-07  0.176E-02  0.185E-16      1.
 28   1  0.000E+00  0.000E+00 -0.999E+03  0.154E-43  0.178E+10  0.104E+00  0.155E+04  0.621E-01  0.430E+02      1.
 28   2  0.632E-29  0.344E-28 -0.999E+03  0.154E-43  0.220E+10  0.104E+00  0.177E+04  0.621E-01  0.452E+02      1.
 28   3  0.885E-28  0.450E-27 -0.999E+03  0.154E-43  0.333E+10  0.104E+00  0.279E+04  0.621E-01  0.743E+02      1.
 28   4  0.110E-26  0.512E-26 -0.999E+03  0.154E-43  0.466E+10  0.104E+00  0.387E+04  0.621E-01  0.102E+03      1.
 28   5  0.128E-25  0.540E-25 -0.999E+03  0.154E-43  0.614E+10  0.104E+00  0.489E+04  0.621E-01  0.123E+03      1.
 28   6  0.146E-24  0.542E-24 -0.999E+03  0.154E-43  0.786E+10  0.104E+00  0.586E+04  0.621E-01  0.139E+03      1.
 28   7  0.174E-23  0.545E-23 -0.999E+03  0.154E-43  0.985E+10  0.104E+00  0.677E+04  0.621E-01  0.148E+03      1.
 28   8  0.237E-22  0.590E-22 -0.999E+03  0.154E-43  0.121E+11  0.104E+00  0.754E+04  0.621E-01  0.150E+03      1.
 28   9  0.404E-21  0.737E-21 -0.999E+03  0.154E-43  0.149E+11  0.104E+00  0.835E+04  0.621E-01  0.150E+03      1.
 28  10  0.948E-20  0.112E-19 -0.999E+03  0.154E-43  0.188E+11  0.104E+00  0.964E+04  0.620E-01  0.160E+03      1.
 28  11  0.322E-18  0.215E-18 -0.999E+03  0.154E-43  0.244E+11  0.104E+00  0.116E+05  0.620E-01  0.181E+03      1.
 28  12  0.148E-16  0.563E-17 -0.999E+03  0.154E-43  0.308E+11  0.104E+00  0.132E+05  0.620E-01  0.189E+03      1.
 28  13  0.801E-15  0.208E-15 -0.999E+03  0.154E-43  0.363E+11  0.104E+00  0.132E+05  0.620E-01  0.165E+03      1.
 28  14  0.452E-13  0.101E-13 -0.999E+03  0.154E-43  0.407E+11  0.104E+00  0.117E+05  0.619E-01  0.121E+03      1.
 28  15  0.245E-11  0.588E-12 -0.999E+03  0.154E-43  0.449E+11  0.104E+00  0.985E+04  0.619E-01  0.831E+02      1.
 28  16  0.118E-09  0.360E-10 -0.999E+03  0.154E-43  0.479E+11  0.104E+00  0.746E+04  0.618E-01  0.492E+02      1.
 28  17  0.421E-08  0.192E-08 -0.999E+03  0.154E-43  0.471E+11  0.104E+00  0.448E+04  0.619E-01  0.211E+02      1.
 28  18  0.104E-06  0.758E-07 -0.999E+03  0.154E-43  0.442E+11  0.104E+00  0.223E+04  0.620E-01  0.696E+01      1.
 28  19  0.167E-05  0.160E-05 -0.999E+03  0.154E-43  0.417E+11  0.104E+00  0.104E+04  0.623E-01  0.208E+01      1.
 28  20  0.363E-04  0.353E-07 -0.999E+03  0.154E-43  0.398E+11  0.104E+00  0.455E+03  0.572E-01  0.574E+00      1.
 28  21  0.167E-02  0.494E-09 -0.999E+03  0.154E-43  0.381E+11  0.104E+00  0.184E+03  0.374E-01  0.142E+00      1.
 28  22  0.499E-01  0.567E-11 -0.999E+03  0.154E-43  0.369E+11  0.104E+00  0.706E+02  0.188E-01  0.325E-01      1.
 28  23  0.764E+00  0.310E-13 -0.999E+03  0.154E-43  0.347E+11  0.103E+00  0.219E+02  0.859E-02  0.556E-02      1.
 28  24  0.186E+01  0.101E-13 -0.999E+03  0.154E-43  0.310E+11  0.102E+00  0.501E+01  0.408E-02  0.617E-03      1.
 28  25  0.938E+00  0.121E-12 -0.999E+03  0.154E-43  0.270E+11  0.101E+00  0.896E+00  0.226E-02  0.489E-04      1.
 28  26  0.170E+00  0.413E-11 -0.999E+03  0.154E-43  0.225E+11  0.100E+00  0.116E+00  0.156E-02  0.246E-05      1.
 28  27  0.321E+03  0.108E-09 -0.999E+03  0.154E-43  0.184E+11  0.124E-01  0.118E-01  0.129E-02  0.888E-07     64.
 28  28  0.192E+03  0.185E-08 -0.999E+03  0.154E-43  0.157E+11  0.147E-02  0.133E-02  0.121E-02  0.369E-08     64.
 28  29  0.242E+03  0.200E-07 -0.999E+03  0.154E-43  0.142E+11  0.205E-03  0.191E-03  0.123E-02  0.215E-09     32.
 28  30  0.176E+03  0.137E-06 -0.999E+03  0.154E-43  0.133E+11  0.334E-04  0.301E-04  0.128E-02  0.142E-10     32.
 28  31  0.115E+03  0.607E-06 -0.999E+03  0.154E-43  0.129E+11  0.640E-05  0.573E-05  0.134E-02  0.122E-11     16.
 28  32  0.840E+02  0.175E-05 -0.999E+03  0.154E-43  0.138E+11  0.206E-05  0.186E-05  0.140E-02  0.221E-12      8.
 28  33  0.684E+02  0.332E-05 -0.999E+03  0.154E-43  0.165E+11  0.208E-05  0.104E-05  0.145E-02  0.866E-13      8.
 28  34  0.391E+02  0.438E-05 -0.999E+03  0.154E-43  0.201E+11  0.448E-05  0.670E-06  0.150E-02  0.407E-13      4.
 28  35  0.313E+02  0.443E-05 -0.999E+03  0.154E-43  0.235E+11  0.259E-04  0.336E-06  0.154E-02  0.136E-13      4.
 28  36  0.205E+02  0.375E-05 -0.999E+03  0.154E-43  0.265E+11  0.132E-03  0.139E-06  0.158E-02  0.345E-14      4.
 28  37  0.147E+02  0.285E-05 -0.999E+03  0.154E-43  0.306E+11  0.855E-04  0.659E-07  0.161E-02  0.106E-14      2.
 28  38  0.822E+01  0.201E-05 -0.999E+03  0.154E-43  0.378E+11  0.377E-03  0.444E-07  0.163E-02  0.534E-15      2.
 28  39  0.474E+01  0.133E-05 -0.999E+03  0.154E-43  0.498E+11  0.869E-03  0.425E-07  0.165E-02  0.438E-15      2.
 28  40  0.297E+01  0.840E-06 -0.999E+03  0.154E-43  0.687E+11  0.657E-03  0.524E-07  0.167E-02  0.511E-15      1.
 28  41  0.181E+01  0.505E-06 -0.999E+03  0.154E-43  0.967E+11  0.864E-03  0.719E-07  0.169E-02  0.693E-15      1.
 28  42  0.108E+01  0.288E-06 -0.999E+03  0.154E-43  0.135E+12  0.515E-02  0.939E-07  0.170E-02  0.876E-15      2.
 28  43  0.642E+00  0.156E-06 -0.999E+03  0.154E-43  0.184E+12  0.773E-02  0.109E-06  0.171E-02  0.940E-15      2.
 28  44  0.375E+00  0.791E-07 -0.999E+03  0.154E-43  0.248E+12  0.121E-01  0.117E-06  0.172E-02  0.910E-15      2.
 28  45  0.216E+00  0.372E-07 -0.999E+03  0.154E-43  0.330E+12  0.114E-01  0.120E-06  0.172E-02  0.815E-15      1.
 28  46  0.122E+00  0.161E-07 -0.999E+03  0.154E-43  0.432E+12  0.179E-01  0.112E-06  0.173E-02  0.646E-15      1.
 28  47  0.676E-01  0.631E-08 -0.999E+03  0.154E-43  0.558E+12  0.201E-01  0.963E-07  0.173E-02  0.457E-15      1.
 28  48  0.358E-01  0.223E-08 -0.999E+03  0.154E-43  0.716E+12  0.205E-01  0.805E-07  0.174E-02  0.310E-15      1.
 28  49  0.178E-01  0.708E-09 -0.999E+03  0.154E-43  0.925E+12  0.203E-01  0.696E-07  0.174E-02  0.221E-15      1.
 28  50  0.819E-02  0.203E-09 -0.999E+03  0.154E-43  0.121E+13  0.200E-01  0.651E-07  0.175E-02  0.176E-15      1.
 28  51  0.347E-02  0.527E-10 -0.999E+03  0.154E-43  0.160E+13  0.197E-01  0.639E-07  0.175E-02  0.149E-15      1.
 28  52  0.134E-02  0.126E-10 -0.999E+03  0.154E-43  0.210E+13  0.194E-01  0.596E-07  0.175E-02  0.118E-15      1.
 28  53  0.476E-03  0.288E-11 -0.999E+03  0.154E-43  0.267E+13  0.192E-01  0.474E-07  0.175E-02  0.747E-16      1.
 28  54  0.156E-03  0.621E-12 -0.999E+03  0.154E-43  0.330E+13  0.191E-01  0.323E-07  0.175E-02  0.381E-16      1.
 28  55  0.479E-04  0.116E-12 -0.999E+03  0.154E-43  0.408E+13  0.189E-01  0.222E-07  0.176E-02  0.197E-16      1.
 28  56  0.140E-04  0.185E-13 -0.999E+03  0.154E-43  0.517E+13  0.189E-01  0.175E-07  0.176E-02  0.123E-16      1.
 28  57  0.373E-05  0.248E-14 -0.999E+03  0.154E-43  0.688E+13  0.189E-01  0.179E-07  0.176E-02  0.111E-16      1.
 28  58  0.861E-06  0.278E-15 -0.999E+03  0.154E-43  0.929E+13  0.189E-01  0.196E-07  0.176E-02  0.110E-16      1.
 28  59  0.171E-06  0.259E-16 -0.999E+03  0.154E-43  0.135E+14  0.189E-01  0.314E-07  0.176E-02  0.185E-16      1.
 29   1  0.000E+00  0.000E+00 -0.999E+03  0.154E-43  0.178E+10  0.104E+00  0.155E+04  0.621E-01  0.430E+02      1.
 29   2  0.101E-28  0.505E-28 -0.999E+03  0.154E-43  0.220E+10  0.104E+00  0.177E+04  0.621E-01  0.452E+02      1.
 29   3  0.139E-27  0.645E-27 -0.999E+03  0.154E-43  0.333E+10  0.104E+00  0.279E+04  0.621E-01  0.743E+02      1.
 29   4  0.168E-26  0.715E-26 -0.999E+03  0.154E-43  0.466E+10  0.104E+00  0.387E+04  0.621E-01  0.102E+03      1.
 29   5  0.190E-25  0.728E-25 -0.999E+03  0.154E-43  0.614E+10  0.104E+00  0.489E+04  0.621E-01  0.123E+03      1.
 29   6  0.209E-24  0.700E-24 -0.999E+03  0.154E-43  0.786E+10  0.104E+00  0.586E+04  0.621E-01  0.139E+03      1.
 29   7  0.237E-23  0.666E-23 -0.999E+03  0.154E-43  0.985E+10  0.104E+00  0.677E+04  0.621E-01  0.148E+03      1.
 29   8  0.299E-22  0.671E-22 -0.999E+03  0.154E-43  0.121E+11  0.104E+00  0.754E+04  0.621E-01  0.150E+03      1.
 29   9  0.457E-21  0.769E-21 -0.999E+03  0.154E-43  0.149E+11  0.104E+00  0.835E+04  0.621E-01  0.150E+03      1.
 29  10  0.912E-20  0.105E-19 -0.999E+03  0.154E-43  0.188E+11  0.104E+00  0.964E+04  0.620E-01  0.160E+03      1.
 29  11  0.253E-18  0.176E-18 -0.999E+03  0.154E-43  0.244E+11  0.104E+00  0.116E+05  0.620E-01  0.181E+03      1.
 29  12  0.982E-17  0.395E-17 -0.999E+03  0.154E-43  0.308E+11  0.104E+00  0.132E+05  0.620E-01  0.189E+03      1.
 29  13  0.478E-15  0.129E-15 -0.999E+03  0.154E-43  0.363E+11  0.104E+00  0.132E+05  0.620E-01  0.165E+03      1.
 29  14  0.258E-13  0.617E-14 -0.999E+03  0.154E-43  0.407E+11  0.104E+00  0.117E+05  0.619E-01  0.121E+03      1.
 29  15  0.140E-11  0.389E-12 -0.999E+03  0.154E-43  0.449E+11  0.104E+00  0.985E+04  0.619E-01  0.831E+02      1.
 29  16  0.702E-10  0.272E-10 -0.999E+03  0.154E-43  0.479E+11  0.104E+00  0.746E+04  0.618E-01  0.492E+02      1.
 29  17  0.278E-08  0.164E-08 -0.999E+03  0.154E-43  0.471E+11  0.104E+00  0.448E+04  0.619E-01  0.211E+02      1.
 29  18  0.811E-07  0.715E-07 -0.999E+03  0.154E-43  0.442E+11  0.104E+00  0.223E+04  0.620E-01  0.696E+01      1.
 29  19  0.153E-05  0.160E-05 -0.999E+03  0.154E-43  0.417E+11  0.104E+00  0.104E+04  0.623E-01  0.208E+01      1.
 29  20  0.231E-04  0.362E-07 -0.999E+03  0.154E-43  0.398E+11  0.104E+00  0.455E+03  0.572E-01  0.574E+00      1.
 29  21  0.109E-02  0.514E-09 -0.999E+03  0.154E-43  0.381E+11  0.104E+00  0.184E+03  0.374E-01  0.142E+00      1.
 29  22  0.333E-01  0.599E-11 -0.999E+03  0.154E-43  0.369E+11  0.104E+00  0.706E+02  0.188E-01  0.325E-01      1.
 29  23  0.512E+00  0.579E-13 -0.999E+03  0.154E-43  0.347E+11  0.103E+00  0.219E+02  0.859E-02  0.556E-02      1.
 29  24  0.862E+00  0.432E-13 -0.999E+03  0.154E-43  0.310E+11  0.102E+00  0.501E+01  0.408E-02  0.617E-03      1.
 29  25  0.240E+00  0.426E-12 -0.999E+03  0.154E-43  0.270E+11  0.101E+00  0.896E+00  0.226E-02  0.489E-04      1.
 29  26  0.430E-01  0.133E-10 -0.999E+03  0.154E-43  0.225E+11  0.100E+00  0.116E+00  0.156E-02  0.246E-05      1.
 29  27  0.180E+03  0.329E-09 -0.999E+03  0.154E-43  0.184E+11  0.124E-01  0.118E-01  0.129E-02  0.888E-07     64.
 29  28  0.903E+02  0.528E-08 -0.999E+03  0.154E-43  0.157E+11  0.147E-02  0.133E-02  0.121E-02  0.369E-08     64.
 29  29  0.117E+03  0.514E-07 -0.999E+03  0.154E-43  0.142E+11  0.205E-03  0.191E-03  0.123E-02  0.215E-09     32.
 29  30  0.718E+02  0.308E-06 -0.999E+03  0.154E-43  0.133E+11  0.334E-04  0.301E-04  0.128E-02  0.142E-10     32.
 29  31  0.677E+02  0.117E-05 -0.999E+03  0.154E-43  0.129E+11  0.640E-05  0.573E-05  0.134E-02  0.122E-11     16.
 29  32  0.455E+02  0.284E-05 -0.999E+03  0.154E-43  0.138E+11  0.206E-05  0.186E-05  0.140E-02  0.221E-12      8.
 29  33  0.323E+02  0.460E-05 -0.999E+03  0.154E-43  0.165E+11  0.208E-05  0.104E-05  0.145E-02  0.866E-13      8.
 29  34  0.216E+02  0.539E-05 -0.999E+03  0.154E-43  0.201E+11  0.448E-05  0.670E-06  0.150E-02  0.407E-13      4.
 29  35  0.132E+02  0.503E-05 -0.999E+03  0.154E-43  0.235E+11  0.259E-04  0.336E-06  0.154E-02  0.136E-13      4.
 29  36  0.702E+01  0.408E-05 -0.999E+03  0.154E-43  0.265E+11  0.132E-03  0.139E-06  0.158E-02  0.345E-14      4.
 29  37  0.524E+01  0.301E-05 -0.999E+03  0.154E-43  0.306E+11  0.855E-04  0.659E-07  0.161E-02  0.106E-14      2.
 29  38  0.257E+01  0.206E-05 -0.999E+03  0.154E-43  0.378E+11  0.377E-03  0.444E-07  0.163E-02  0.534E-15      2.
 29  39  0.146E+01  0.132E-05 -0.999E+03  0.154E-43  0.498E+11  0.869E-03  0.425E-07  0.165E-02  0.438E-15      2.
 29  40  0.904E+00  0.802E-06 -0.999E+03  0.154E-43  0.687E+11  0.657E-03  0.524E-07  0.167E-02  0.511E-15      1.
 29  41  0.551E+00  0.458E-06 -0.999E+03  0.154E-43  0.967E+11  0.864E-03  0.719E-07  0.169E-02  0.693E-15      1.
 29  42  0.327E+00  0.247E-06 -0.999E+03  0.154E-43  0.135E+12  0.515E-02  0.939E-07  0.170E-02  0.876E-15      2.
 29  43  0.191E+00  0.124E-06 -0.999E+03  0.154E-43  0.184E+12  0.773E-02  0.109E-06  0.171E-02  0.940E-15      2.
 29  44  0.109E+00  0.579E-07 -0.999E+03  0.154E-43  0.248E+12  0.121E-01  0.117E-06  0.172E-02  0.910E-15      2.
 29  45  0.606E-01  0.247E-07 -0.999E+03  0.154E-43  0.330E+12  0.114E-01  0.120E-06  0.172E-02  0.815E-15      1.
 29  46  0.327E-01  0.953E-08 -0.999E+03  0.154E-43  0.432E+12  0.179E-01  0.112E-06  0.173E-02  0.646E-15      1.
 29  47  0.170E-01  0.330E-08 -0.999E+03  0.154E-43  0.558E+12  0.201E-01  0.963E-07  0.173E-02  0.457E-15      1.
 29  48  0.838E-02  0.103E-08 -0.999E+03  0.154E-43  0.716E+12  0.205E-01  0.805E-07  0.174E-02  0.310E-15      1.
 29  49  0.383E-02  0.287E-09 -0.999E+03  0.154E-43  0.925E+12  0.203E-01  0.696E-07  0.174E-02  0.221E-15      1.
 29  50  0.160E-02  0.715E-10 -0.999E+03  0.154E-43  0.121E+13  0.200E-01  0.651E-07  0.175E-02  0.176E-15      1.
 29  51  0.609E-03  0.163E-10 -0.999E+03  0.154E-43  0.160E+13  0.197E-01  0.639E-07  0.175E-02  0.149E-15      1.
 29  52  0.211E-03  0.351E-11 -0.999E+03  0.154E-43  0.210E+13  0.194E-01  0.596E-07  0.175E-02  0.118E-15      1.
 29  53  0.669E-04  0.741E-12 -0.999E+03  0.154E-43  0.267E+13  0.192E-01  0.474E-07  0.175E-02  0.747E-16      1.
 29  54  0.198E-04  0.135E-12 -0.999E+03  0.154E-43  0.330E+13  0.191E-01  0.323E-07  0.175E-02  0.381E-16      1.
 29  55  0.554E-05  0.211E-13 -0.999E+03  0.154E-43  0.408E+13  0.189E-01  0.222E-07  0.176E-02  0.197E-16      1.
 29  56  0.146E-05  0.281E-14 -0.999E+03  0.154E-43  0.517E+13  0.189E-01  0.175E-07  0.176E-02  0.123E-16      1.
 29  57  0.335E-06  0.311E-15 -0.999E+03  0.154E-43  0.688E+13  0.189E-01  0.179E-07  0.176E-02  0.111E-16      1.
 29  58  0.657E-07  0.286E-16 -0.999E+03  0.154E-43  0.929E+13  0.189E-01  0.196E-07  0.176E-02  0.110E-16      1.
 29  59  0.110E-07  0.218E-17 -0.999E+03  0.154E-43  0.135E+14  0.189E-01  0.314E-07  0.176E-02  0.185E-16      1.
 30   1  0.000E+00  0.000E+00 -0.999E+03  0.154E-43  0.178E+10  0.104E+00  0.155E+04  0.621E-01  0.430E+02      1.
 30   2  0.000E+00  0.641E-28 -0.999E+03  0.154E-43  0.220E+10  0.104E+00  0.177E+04  0.621E-01  0.452E+02      1.
 30   3  0.294E-43  0.798E-27 -0.999E+03  0.154E-43  0.333E+10  0.104E+00  0.279E+04  0.621E-01  0.743E+02      1.
 30   4  0.792E-41  0.860E-26 -0.999E+03  0.154E-43  0.466E+10  0.104E+00  0.387E+04  0.621E-01  0.102E+03      1.
 30   5  0.206E-38  0.849E-25 -0.999E+03  0.154E-43  0.614E+10  0.104E+00  0.489E+04  0.621E-01  0.123E+03      1.
 30   6  0.527E-36  0.786E-24 -0.999E+03  0.154E-43  0.786E+10  0.104E+00  0.586E+04  0.621E-01  0.139E+03      1.
 30   7  0.132E-33  0.713E-23 -0.999E+03  0.154E-43  0.985E+10  0.104E+00  0.677E+04  0.621E-01  0.148E+03      1.
 30   8  0.325E-31  0.678E-22 -0.999E+03  0.154E-43  0.121E+11  0.104E+00  0.754E+04  0.621E-01  0.150E+03      1.
 30   9  0.779E-29  0.723E-21 -0.999E+03  0.154E-43  0.149E+11  0.104E+00  0.835E+04  0.621E-01  0.150E+03      1.
 30  10  0.182E-26  0.905E-20 -0.999E+03  0.154E-43  0.188E+11  0.104E+00  0.964E+04  0.620E-01  0.160E+03      1.
 30  11  0.410E-24  0.137E-18 -0.999E+03  0.154E-43  0.244E+11  0.104E+00  0.116E+05  0.620E-01  0.181E+03      1.
 30  12  0.897E-22  0.269E-17 -0.999E+03  0.154E-43  0.308E+11  0.104E+00  0.132E+05  0.620E-01  0.189E+03      1.
 30  13  0.189E-19  0.803E-16 -0.999E+03  0.154E-43  0.363E+11  0.104E+00  0.132E+05  0.620E-01  0.165E+03      1.
 30  14  0.384E-17  0.394E-14 -0.999E+03  0.154E-43  0.407E+11  0.104E+00  0.117E+05  0.619E-01  0.121E+03      1.
 30  15  0.740E-15  0.277E-12 -0.999E+03  0.154E-43  0.449E+11  0.104E+00  0.985E+04  0.619E-01  0.831E+02      1.
 30  16  0.131E-12  0.217E-10 -0.999E+03  0.154E-43  0.479E+11  0.104E+00  0.746E+04  0.618E-01  0.492E+02      1.
 30  17  0.188E-10  0.142E-08 -0.999E+03  0.154E-43  0.471E+11  0.104E+00  0.448E+04  0.619E-01  0.211E+02      1.
 30  18  0.216E-08  0.651E-07 -0.999E+03  0.154E-43  0.442E+11  0.104E+00  0.223E+04  0.620E-01  0.696E+01      1.
 30  19  0.194E-06  0.150E-05 -0.999E+03  0.154E-43  0.417E+11  0.104E+00  0.104E+04  0.623E-01  0.208E+01      1.
 30  20  0.132E-04  0.348E-07 -0.999E+03  0.154E-43  0.398E+11  0.104E+00  0.455E+03  0.572E-01  0.574E+00      1.
 30  21  0.639E-03  0.507E-09 -0.999E+03  0.154E-43  0.381E+11  0.104E+00  0.184E+03  0.374E-01  0.142E+00      1.
 30  22  0.199E-01  0.606E-11 -0.999E+03  0.154E-43  0.369E+11  0.104E+00  0.706E+02  0.188E-01  0.325E-01      1.
 30  23  0.304E+00  0.122E-12 -0.999E+03  0.154E-43  0.347E+11  0.103E+00  0.219E+02  0.859E-02  0.556E-02      1.
 30  24  0.310E+00  0.190E-12 -0.999E+03  0.154E-43  0.310E+11  0.102E+00  0.501E+01  0.408E-02  0.617E-03      1.
 30  25  0.564E-01  0.189E-11 -0.999E+03  0.154E-43  0.270E+11  0.101E+00  0.896E+00  0.226E-02  0.489E-04      1.
 30  26  0.104E-01  0.549E-10 -0.999E+03  0.154E-43  0.225E+11  0.100E+00  0.116E+00  0.156E-02  0.246E-05      1.
 30  27  0.794E+02  0.122E-08 -0.999E+03  0.154E-43  0.184E+11  0.124E-01  0.118E-01  0.129E-02  0.888E-07     64.
 30  28  0.410E+02  0.167E-07 -0.999E+03  0.154E-43  0.157E+11  0.147E-02  0.133E-02  0.121E-02  0.369E-08     64.
 30  29  0.392E+02  0.136E-06 -0.999E+03  0.154E-43  0.142E+11  0.205E-03  0.191E-03  0.123E-02  0.215E-09     32.
 30  30  0.213E+02  0.682E-06 -0.999E+03  0.154E-43  0.133E+11  0.334E-04  0.301E-04  0.128E-02  0.142E-10     32.
 30  31  0.295E+02  0.209E-05 -0.999E+03  0.154E-43  0.129E+11  0.640E-05  0.573E-05  0.134E-02  0.122E-11     16.
 30  32  0.188E+02  0.421E-05 -0.999E+03  0.154E-43  0.138E+11  0.206E-05  0.186E-05  0.140E-02  0.221E-12      8.
 30  33  0.107E+02  0.582E-05 -0.999E+03  0.154E-43  0.165E+11  0.208E-05  0.104E-05  0.145E-02  0.866E-13      8.
 30  34  0.929E+01  0.613E-05 -0.999E+03  0.154E-43  0.201E+11  0.448E-05  0.670E-06  0.150E-02  0.407E-13      4.
 30  35  0.416E+01  0.536E-05 -0.999E+03  0.154E-43  0.235E+11  0.259E-04  0.336E-06  0.154E-02  0.136E-13      4.
 30  36  0.178E+01  0.417E-05 -0.999E+03  0.154E-43  0.265E+11  0.132E-03  0.139E-06  0.158E-02  0.345E-14      4.
 30  37  0.129E+01  0.296E-05 -0.999E+03  0.154E-43  0.306E+11  0.855E-04  0.659E-07  0.161E-02  0.106E-14      2.
 30  38  0.568E+00  0.194E-05 -0.999E+03  0.154E-43  0.378E+11  0.377E-03  0.444E-07  0.163E-02  0.534E-15      2.
 30  39  0.316E+00  0.119E-05 -0.999E+03  0.154E-43  0.498E+11  0.869E-03  0.425E-07  0.165E-02  0.438E-15      2.
 30  40  0.194E+00  0.683E-06 -0.999E+03  0.154E-43  0.687E+11  0.657E-03  0.524E-07  0.167E-02  0.511E-15      1.
 30  41  0.118E+00  0.367E-06 -0.999E+03  0.154E-43  0.967E+11  0.864E-03  0.719E-07  0.169E-02  0.693E-15      1.
 30  42  0.695E-01  0.184E-06 -0.999E+03  0.154E-43  0.135E+12  0.515E-02  0.939E-07  0.170E-02  0.876E-15      2.
 30  43  0.399E-01  0.849E-07 -0.999E+03  0.154E-43  0.184E+12  0.773E-02  0.109E-06  0.171E-02  0.940E-15      2.
 30  44  0.221E-01  0.358E-07 -0.999E+03  0.154E-43  0.248E+12  0.121E-01  0.117E-06  0.172E-02  0.910E-15      2.
 30  45  0.118E-01  0.136E-07 -0.999E+03  0.154E-43  0.330E+12  0.114E-01  0.120E-06  0.172E-02  0.815E-15      1.
 30  46  0.608E-02  0.462E-08 -0.999E+03  0.154E-43  0.432E+12  0.179E-01  0.112E-06  0.173E-02  0.646E-15      1.
 30  47  0.296E-02  0.141E-08 -0.999E+03  0.154E-43  0.558E+12  0.201E-01  0.963E-07  0.173E-02  0.457E-15      1.
 30  48  0.134E-02  0.381E-09 -0.999E+03  0.154E-43  0.716E+12  0.205E-01  0.805E-07  0.174E-02  0.310E-15      1.
 30  49  0.555E-03  0.917E-10 -0.999E+03  0.154E-43  0.925E+12  0.203E-01  0.696E-07  0.174E-02  0.221E-15      1.
 30  50  0.208E-03  0.199E-10 -0.999E+03  0.154E-43  0.121E+13  0.200E-01  0.651E-07  0.175E-02  0.176E-15      1.
 30  51  0.703E-04  0.406E-11 -0.999E+03  0.154E-43  0.160E+13  0.197E-01  0.639E-07  0.175E-02  0.149E-15      1.
 30  52  0.217E-04  0.806E-12 -0.999E+03  0.154E-43  0.210E+13  0.194E-01  0.596E-07  0.175E-02  0.118E-15      1.
 30  53  0.616E-05  0.144E-12 -0.999E+03  0.154E-43  0.267E+13  0.192E-01  0.474E-07  0.175E-02  0.747E-16      1.
 30  54  0.165E-05  0.220E-13 -0.999E+03  0.154E-43  0.330E+13  0.191E-01  0.323E-07  0.175E-02  0.381E-16      1.
 30  55  0.428E-06  0.286E-14 -0.999E+03  0.154E-43  0.408E+13  0.189E-01  0.222E-07  0.176E-02  0.197E-16      1.
 30  56  0.970E-07  0.313E-15 -0.999E+03  0.154E-43  0.517E+13  0.189E-01  0.175E-07  0.176E-02  0.123E-16      1.
 30  57  0.189E-07  0.284E-16 -0.999E+03  0.154E-43  0.688E+13  0.189E-01  0.179E-07  0.176E-02  0.111E-16      1.
 30  58  0.312E-08  0.214E-17 -0.999E+03  0.154E-43  0.929E+13  0.189E-01  0.196E-07  0.176E-02  0.110E-16      1.
 30  59  0.435E-09  0.132E-18 -0.999E+03  0.154E-43  0.135E+14  0.189E-01  0.314E-07  0.176E-02  0.185E-16      1.
 31   1  0.000E+00  0.000E+00 -0.999E+03  0.154E-43  0.178E+10  0.104E+00  0.155E+04  0.621E-01  0.430E+02      1.
 31   2  0.000E+00  0.697E-28 -0.999E+03  0.154E-43  0.220E+10  0.104E+00  0.177E+04  0.621E-01  0.452E+02      1.
 31   3  0.112E-43  0.846E-27 -0.999E+03  0.154E-43  0.333E+10  0.104E+00  0.279E+04  0.621E-01  0.743E+02      1.
 31   4  0.292E-41  0.889E-26 -0.999E+03  0.154E-43  0.466E+10  0.104E+00  0.387E+04  0.621E-01  0.102E+03      1.
 31   5  0.775E-39  0.856E-25 -0.999E+03  0.154E-43  0.614E+10  0.104E+00  0.489E+04  0.621E-01  0.123E+03      1.
 31   6  0.202E-36  0.768E-24 -0.999E+03  0.154E-43  0.786E+10  0.104E+00  0.586E+04  0.621E-01  0.139E+03      1.
 31   7  0.517E-34  0.670E-23 -0.999E+03  0.154E-43  0.985E+10  0.104E+00  0.677E+04  0.621E-01  0.148E+03      1.
 31   8  0.129E-31  0.607E-22 -0.999E+03  0.154E-43  0.121E+11  0.104E+00  0.754E+04  0.621E-01  0.150E+03      1.
 31   9  0.317E-29  0.610E-21 -0.999E+03  0.154E-43  0.149E+11  0.104E+00  0.835E+04  0.621E-01  0.150E+03      1.
 31  10  0.754E-27  0.713E-20 -0.999E+03  0.154E-43  0.188E+11  0.104E+00  0.964E+04  0.620E-01  0.160E+03      1.
 31  11  0.174E-24  0.994E-19 -0.999E+03  0.154E-43  0.244E+11  0.104E+00  0.116E+05  0.620E-01  0.181E+03      1.
 31  12  0.388E-22  0.179E-17 -0.999E+03  0.154E-43  0.308E+11  0.104E+00  0.132E+05  0.620E-01  0.189E+03      1.
 31  13  0.837E-20  0.509E-16 -0.999E+03  0.154E-43  0.363E+11  0.104E+00  0.132E+05  0.620E-01  0.165E+03      1.
 31  14  0.173E-17  0.267E-14 -0.999E+03  0.154E-43  0.407E+11  0.104E+00  0.117E+05  0.619E-01  0.121E+03      1.
 31  15  0.342E-15  0.210E-12 -0.999E+03  0.154E-43  0.449E+11  0.104E+00  0.985E+04  0.619E-01  0.831E+02      1.
 31  16  0.618E-13  0.178E-10 -0.999E+03  0.154E-43  0.479E+11  0.104E+00  0.746E+04  0.618E-01  0.492E+02      1.
 31  17  0.909E-11  0.121E-08 -0.999E+03  0.154E-43  0.471E+11  0.104E+00  0.448E+04  0.619E-01  0.211E+02      1.
 31  18  0.107E-08  0.561E-07 -0.999E+03  0.154E-43  0.442E+11  0.104E+00  0.223E+04  0.620E-01  0.696E+01      1.
 31  19  0.984E-07  0.129E-05 -0.999E+03  0.154E-43  0.417E+11  0.104E+00  0.104E+04  0.623E-01  0.208E+01      1.
 31  20  0.683E-05  0.316E-07 -0.999E+03  0.154E-43  0.398E+11  0.104E+00  0.455E+03  0.572E-01  0.574E+00      1.
 31  21  0.338E-03  0.479E-09 -0.999E+03  0.154E-43  0.381E+11  0.104E+00  0.184E+03  0.374E-01  0.142E+00      1.
 31  22  0.107E-01  0.601E-11 -0.999E+03  0.154E-43  0.369E+11  0.104E+00  0.706E+02  0.188E-01  0.325E-01      1.
 31  23  0.164E+00  0.352E-12 -0.999E+03  0.154E-43  0.347E+11  0.103E+00  0.219E+02  0.859E-02  0.556E-02      1.
 31  24  0.822E-01  0.828E-12 -0.999E+03  0.154E-43  0.310E+11  0.102E+00  0.501E+01  0.408E-02  0.617E-03      1.
 31  25  0.118E-01  0.885E-11 -0.999E+03  0.154E-43  0.270E+11  0.101E+00  0.896E+00  0.226E-02  0.489E-04      1.
 31  26  0.246E-02  0.235E-09 -0.999E+03  0.154E-43  0.225E+11  0.100E+00  0.116E+00  0.156E-02  0.246E-05      1.
 31  27  0.271E+02  0.449E-08 -0.999E+03  0.154E-43  0.184E+11  0.124E-01  0.118E-01  0.129E-02  0.888E-07     64.
 31  28  0.178E+02  0.508E-07 -0.999E+03  0.154E-43  0.157E+11  0.147E-02  0.133E-02  0.121E-02  0.369E-08     64.
 31  29  0.833E+01  0.336E-06 -0.999E+03  0.154E-43  0.142E+11  0.205E-03  0.191E-03  0.123E-02  0.215E-09     32.
 31  30  0.443E+01  0.135E-05 -0.999E+03  0.154E-43  0.133E+11  0.334E-04  0.301E-04  0.128E-02  0.142E-10     32.
 31  31  0.839E+01  0.342E-05 -0.999E+03  0.154E-43  0.129E+11  0.640E-05  0.573E-05  0.134E-02  0.122E-11     16.
 31  32  0.524E+01  0.574E-05 -0.999E+03  0.154E-43  0.138E+11  0.206E-05  0.186E-05  0.140E-02  0.221E-12      8.
 31  33  0.237E+01  0.689E-05 -0.999E+03  0.154E-43  0.165E+11  0.208E-05  0.104E-05  0.145E-02  0.866E-13      8.
 31  34  0.287E+01  0.660E-05 -0.999E+03  0.154E-43  0.201E+11  0.448E-05  0.670E-06  0.150E-02  0.407E-13      4.
 31  35  0.936E+00  0.541E-05 -0.999E+03  0.154E-43  0.235E+11  0.259E-04  0.336E-06  0.154E-02  0.136E-13      4.
 31  36  0.317E+00  0.398E-05 -0.999E+03  0.154E-43  0.265E+11  0.132E-03  0.139E-06  0.158E-02  0.345E-14      4.
 31  37  0.199E+00  0.268E-05 -0.999E+03  0.154E-43  0.306E+11  0.855E-04  0.659E-07  0.161E-02  0.106E-14      2.
 31  38  0.865E-01  0.168E-05 -0.999E+03  0.154E-43  0.378E+11  0.377E-03  0.444E-07  0.163E-02  0.534E-15      2.
 31  39  0.508E-01  0.974E-06 -0.999E+03  0.154E-43  0.498E+11  0.869E-03  0.425E-07  0.165E-02  0.438E-15      2.
 31  40  0.317E-01  0.525E-06 -0.999E+03  0.154E-43  0.687E+11  0.657E-03  0.524E-07  0.167E-02  0.511E-15      1.
 31  41  0.198E-01  0.262E-06 -0.999E+03  0.154E-43  0.967E+11  0.864E-03  0.719E-07  0.169E-02  0.693E-15      1.
 31  42  0.117E-01  0.120E-06 -0.999E+03  0.154E-43  0.135E+12  0.515E-02  0.939E-07  0.170E-02  0.876E-15      2.
 31  43  0.667E-02  0.501E-07 -0.999E+03  0.154E-43  0.184E+12  0.773E-02  0.109E-06  0.171E-02  0.940E-15      2.
 31  44  0.359E-02  0.188E-07 -0.999E+03  0.154E-43  0.248E+12  0.121E-01  0.117E-06  0.172E-02  0.910E-15      2.
 31  45  0.183E-02  0.625E-08 -0.999E+03  0.154E-43  0.330E+12  0.114E-01  0.120E-06  0.172E-02  0.815E-15      1.
 31  46  0.881E-03  0.186E-08 -0.999E+03  0.154E-43  0.432E+12  0.179E-01  0.112E-06  0.173E-02  0.646E-15      1.
 31  47  0.393E-03  0.490E-09 -0.999E+03  0.154E-43  0.558E+12  0.201E-01  0.963E-07  0.173E-02  0.457E-15      1.
 31  48  0.161E-03  0.114E-09 -0.999E+03  0.154E-43  0.716E+12  0.205E-01  0.805E-07  0.174E-02  0.310E-15      1.
 31  49  0.592E-04  0.236E-10 -0.999E+03  0.154E-43  0.925E+12  0.203E-01  0.696E-07  0.174E-02  0.221E-15      1.
 31  50  0.196E-04  0.453E-11 -0.999E+03  0.154E-43  0.121E+13  0.200E-01  0.651E-07  0.175E-02  0.176E-15      1.
 31  51  0.588E-05  0.840E-12 -0.999E+03  0.154E-43  0.160E+13  0.197E-01  0.639E-07  0.175E-02  0.149E-15      1.
 31  52  0.161E-05  0.147E-12 -0.999E+03  0.154E-43  0.210E+13  0.194E-01  0.596E-07  0.175E-02  0.118E-15      1.
 31  53  0.409E-06  0.219E-13 -0.999E+03  0.154E-43  0.267E+13  0.192E-01  0.474E-07  0.175E-02  0.747E-16      1.
 31  54  0.100E-06  0.278E-14 -0.999E+03  0.154E-43  0.330E+13  0.191E-01  0.323E-07  0.175E-02  0.381E-16      1.
 31  55  0.224E-07  0.298E-15 -0.999E+03  0.154E-43  0.408E+13  0.189E-01  0.222E-07  0.176E-02  0.197E-16      1.
 31  56  0.431E-08  0.268E-16 -0.999E+03  0.154E-43  0.517E+13  0.189E-01  0.175E-07  0.176E-02  0.123E-16      1.
 31  57  0.705E-09  0.198E-17 -0.999E+03  0.154E-43  0.688E+13  0.189E-01  0.179E-07  0.176E-02  0.111E-16      1.
 31  58  0.971E-10  0.121E-18 -0.999E+03  0.154E-43  0.929E+13  0.189E-01  0.196E-07  0.176E-02  0.110E-16      1.
 31  59  0.112E-10  0.604E-20 -0.999E+03  0.154E-43  0.135E+14  0.189E-01  0.314E-07  0.176E-02  0.185E-16      1.
 32   1  0.000E+00  0.000E+00 -0.999E+03  0.154E-43  0.178E+10  0.104E+00  0.155E+04  0.621E-01  0.430E+02      1.
 32   2  0.000E+00  0.648E-28 -0.999E+03  0.154E-43  0.220E+10  0.104E+00  0.177E+04  0.621E-01  0.452E+02      1.
 32   3  0.420E-44  0.767E-27 -0.999E+03  0.154E-43  0.333E+10  0.104E+00  0.279E+04  0.621E-01  0.743E+02      1.
 32   4  0.968E-42  0.787E-26 -0.999E+03  0.154E-43  0.466E+10  0.104E+00  0.387E+04  0.621E-01  0.102E+03      1.
 32   5  0.261E-39  0.742E-25 -0.999E+03  0.154E-43  0.614E+10  0.104E+00  0.489E+04  0.621E-01  0.123E+03      1.
 32   6  0.694E-37  0.649E-24 -0.999E+03  0.154E-43  0.786E+10  0.104E+00  0.586E+04  0.621E-01  0.139E+03      1.
 32   7  0.181E-34  0.548E-23 -0.999E+03  0.154E-43  0.985E+10  0.104E+00  0.677E+04  0.621E-01  0.148E+03      1.
 32   8  0.462E-32  0.475E-22 -0.999E+03  0.154E-43  0.121E+11  0.104E+00  0.754E+04  0.621E-01  0.150E+03      1.
 32   9  0.115E-29  0.454E-21 -0.999E+03  0.154E-43  0.149E+11  0.104E+00  0.835E+04  0.621E-01  0.150E+03      1.
 32  10  0.280E-27  0.502E-20 -0.999E+03  0.154E-43  0.188E+11  0.104E+00  0.964E+04  0.620E-01  0.160E+03      1.
 32  11  0.660E-25  0.662E-19 -0.999E+03  0.154E-43  0.244E+11  0.104E+00  0.116E+05  0.620E-01  0.181E+03      1.
 32  12  0.151E-22  0.114E-17 -0.999E+03  0.154E-43  0.308E+11  0.104E+00  0.132E+05  0.620E-01  0.189E+03      1.
 32  13  0.332E-20  0.333E-16 -0.999E+03  0.154E-43  0.363E+11  0.104E+00  0.132E+05  0.620E-01  0.165E+03      1.
 32  14  0.704E-18  0.196E-14 -0.999E+03  0.154E-43  0.407E+11  0.104E+00  0.117E+05  0.619E-01  0.121E+03      1.
 32  15  0.142E-15  0.168E-12 -0.999E+03  0.154E-43  0.449E+11  0.104E+00  0.985E+04  0.619E-01  0.831E+02      1.
 32  16  0.263E-13  0.147E-10 -0.999E+03  0.154E-43  0.479E+11  0.104E+00  0.746E+04  0.618E-01  0.492E+02      1.
 32  17  0.396E-11  0.100E-08 -0.999E+03  0.154E-43  0.471E+11  0.104E+00  0.448E+04  0.619E-01  0.211E+02      1.
 32  18  0.478E-09  0.460E-07 -0.999E+03  0.154E-43  0.442E+11  0.104E+00  0.223E+04  0.620E-01  0.696E+01      1.
 32  19  0.450E-07  0.104E-05 -0.999E+03  0.154E-43  0.417E+11  0.104E+00  0.104E+04  0.623E-01  0.208E+01      1.
 32  20  0.320E-05  0.276E-07 -0.999E+03  0.154E-43  0.398E+11  0.104E+00  0.455E+03  0.572E-01  0.574E+00      1.
 32  21  0.162E-03  0.444E-09 -0.999E+03  0.154E-43  0.381E+11  0.104E+00  0.184E+03  0.374E-01  0.142E+00      1.
 32  22  0.525E-02  0.617E-11 -0.999E+03  0.154E-43  0.369E+11  0.104E+00  0.706E+02  0.188E-01  0.325E-01      1.
 32  23  0.818E-01  0.127E-11 -0.999E+03  0.154E-43  0.347E+11  0.103E+00  0.219E+02  0.859E-02  0.556E-02      1.
 32  24  0.188E-01  0.350E-11 -0.999E+03  0.154E-43  0.310E+11  0.102E+00  0.501E+01  0.408E-02  0.617E-03      1.
 32  25  0.211E-02  0.411E-10 -0.999E+03  0.154E-43  0.270E+11  0.101E+00  0.896E+00  0.226E-02  0.489E-04      1.
 32  26  0.537E-03  0.975E-09 -0.999E+03  0.154E-43  0.225E+11  0.100E+00  0.116E+00  0.156E-02  0.246E-05      1.
 32  27  0.687E+01  0.157E-07 -0.999E+03  0.154E-43  0.184E+11  0.124E-01  0.118E-01  0.129E-02  0.888E-07     64.
 32  28  0.616E+01  0.144E-06 -0.999E+03  0.154E-43  0.157E+11  0.147E-02  0.133E-02  0.121E-02  0.369E-08     64.
 32  29  0.110E+01  0.769E-06 -0.999E+03  0.154E-43  0.142E+11  0.205E-03  0.191E-03  0.123E-02  0.215E-09     32.
 32  30  0.556E+00  0.247E-05 -0.999E+03  0.154E-43  0.133E+11  0.334E-04  0.301E-04  0.128E-02  0.142E-10     32.
 32  31  0.138E+01  0.512E-05 -0.999E+03  0.154E-43  0.129E+11  0.640E-05  0.573E-05  0.134E-02  0.122E-11     16.
 32  32  0.905E+00  0.727E-05 -0.999E+03  0.154E-43  0.138E+11  0.206E-05  0.186E-05  0.140E-02  0.221E-12      8.
 32  33  0.322E+00  0.772E-05 -0.999E+03  0.154E-43  0.165E+11  0.208E-05  0.104E-05  0.145E-02  0.866E-13      8.
 32  34  0.575E+00  0.675E-05 -0.999E+03  0.154E-43  0.201E+11  0.448E-05  0.670E-06  0.150E-02  0.407E-13      4.
 32  35  0.137E+00  0.517E-05 -0.999E+03  0.154E-43  0.235E+11  0.259E-04  0.336E-06  0.154E-02  0.136E-13      4.
 32  36  0.413E-01  0.360E-05 -0.999E+03  0.154E-43  0.265E+11  0.132E-03  0.139E-06  0.158E-02  0.345E-14      4.
 32  37  0.232E-01  0.230E-05 -0.999E+03  0.154E-43  0.306E+11  0.855E-04  0.659E-07  0.161E-02  0.106E-14      2.
 32  38  0.113E-01  0.136E-05 -0.999E+03  0.154E-43  0.378E+11  0.377E-03  0.444E-07  0.163E-02  0.534E-15      2.
 32  39  0.713E-02  0.735E-06 -0.999E+03  0.154E-43  0.498E+11  0.869E-03  0.425E-07  0.165E-02  0.438E-15      2.
 32  40  0.455E-02  0.366E-06 -0.999E+03  0.154E-43  0.687E+11  0.657E-03  0.524E-07  0.167E-02  0.511E-15      1.
 32  41  0.285E-02  0.166E-06 -0.999E+03  0.154E-43  0.967E+11  0.864E-03  0.719E-07  0.169E-02  0.693E-15      1.
 32  42  0.167E-02  0.684E-07 -0.999E+03  0.154E-43  0.135E+12  0.515E-02  0.939E-07  0.170E-02  0.876E-15      2.
 32  43  0.918E-03  0.252E-07 -0.999E+03  0.154E-43  0.184E+12  0.773E-02  0.109E-06  0.171E-02  0.940E-15      2.
 32  44  0.470E-03  0.824E-08 -0.999E+03  0.154E-43  0.248E+12  0.121E-01  0.117E-06  0.172E-02  0.910E-15      2.
 32  45  0.224E-03  0.240E-08 -0.999E+03  0.154E-43  0.330E+12  0.114E-01  0.120E-06  0.172E-02  0.815E-15      1.
 32  46  0.985E-04  0.613E-09 -0.999E+03  0.154E-43  0.432E+12  0.179E-01  0.112E-06  0.173E-02  0.646E-15      1.
 32  47  0.395E-04  0.137E-09 -0.999E+03  0.154E-43  0.558E+12  0.201E-01  0.963E-07  0.173E-02  0.457E-15      1.
 32  48  0.143E-04  0.270E-10 -0.999E+03  0.154E-43  0.716E+12  0.205E-01  0.805E-07  0.174E-02  0.310E-15      1.
 32  49  0.463E-05  0.490E-11 -0.999E+03  0.154E-43  0.925E+12  0.203E-01  0.696E-07  0.174E-02  0.221E-15      1.
 32  50  0.135E-05  0.850E-12 -0.999E+03  0.154E-43  0.121E+13  0.200E-01  0.651E-07  0.175E-02  0.176E-15      1.
 32  51  0.357E-06  0.145E-12 -0.999E+03  0.154E-43  0.160E+13  0.197E-01  0.639E-07  0.175E-02  0.149E-15      1.
 32  52  0.865E-07  0.212E-13 -0.999E+03  0.154E-43  0.210E+13  0.194E-01  0.596E-07  0.175E-02  0.118E-15      1.
 32  53  0.200E-07  0.263E-14 -0.999E+03  0.154E-43  0.267E+13  0.192E-01  0.474E-07  0.175E-02  0.747E-16      1.
 32  54  0.438E-08  0.275E-15 -0.999E+03  0.154E-43  0.330E+13  0.191E-01  0.323E-07  0.175E-02  0.381E-16      1.
 32  55  0.829E-09  0.242E-16 -0.999E+03  0.154E-43  0.408E+13  0.189E-01  0.222E-07  0.176E-02  0.197E-16      1.
 32  56  0.134E-09  0.177E-17 -0.999E+03  0.154E-43  0.517E+13  0.189E-01  0.175E-07  0.176E-02  0.123E-16      1.
 32  57  0.183E-10  0.106E-18 -0.999E+03  0.154E-43  0.688E+13  0.189E-01  0.179E-07  0.176E-02  0.111E-16      1.
 32  58  0.208E-11  0.523E-20 -0.999E+03  0.154E-43  0.929E+13  0.189E-01  0.196E-07  0.176E-02  0.110E-16      1.
 32  59  0.197E-12  0.210E-21 -0.999E+03  0.154E-43  0.135E+14  0.189E-01  0.314E-07  0.176E-02  0.185E-16      1.
 33   1  0.000E+00  0.000E+00 -0.999E+03  0.154E-43  0.178E+10  0.104E+00  0.155E+04  0.621E-01  0.430E+02      1.
 33   2  0.000E+00  0.524E-28 -0.999E+03  0.154E-43  0.220E+10  0.104E+00  0.177E+04  0.621E-01  0.452E+02      1.
 33   3  0.140E-44  0.604E-27 -0.999E+03  0.154E-43  0.333E+10  0.104E+00  0.279E+04  0.621E-01  0.743E+02      1.
 33   4  0.277E-42  0.609E-26 -0.999E+03  0.154E-43  0.466E+10  0.104E+00  0.387E+04  0.621E-01  0.102E+03      1.
 33   5  0.763E-40  0.563E-25 -0.999E+03  0.154E-43  0.614E+10  0.104E+00  0.489E+04  0.621E-01  0.123E+03      1.
 33   6  0.206E-37  0.483E-24 -0.999E+03  0.154E-43  0.786E+10  0.104E+00  0.586E+04  0.621E-01  0.139E+03      1.
 33   7  0.547E-35  0.395E-23 -0.999E+03  0.154E-43  0.985E+10  0.104E+00  0.677E+04  0.621E-01  0.148E+03      1.
 33   8  0.142E-32  0.330E-22 -0.999E+03  0.154E-43  0.121E+11  0.104E+00  0.754E+04  0.621E-01  0.150E+03      1.
 33   9  0.362E-30  0.301E-21 -0.999E+03  0.154E-43  0.149E+11  0.104E+00  0.835E+04  0.621E-01  0.150E+03      1.
 33  10  0.897E-28  0.319E-20 -0.999E+03  0.154E-43  0.188E+11  0.104E+00  0.964E+04  0.620E-01  0.160E+03      1.
 33  11  0.216E-25  0.407E-19 -0.999E+03  0.154E-43  0.244E+11  0.104E+00  0.116E+05  0.620E-01  0.181E+03      1.
 33  12  0.502E-23  0.709E-18 -0.999E+03  0.154E-43  0.308E+11  0.104E+00  0.132E+05  0.620E-01  0.189E+03      1.
 33  13  0.113E-20  0.234E-16 -0.999E+03  0.154E-43  0.363E+11  0.104E+00  0.132E+05  0.620E-01  0.165E+03      1.
 33  14  0.245E-18  0.158E-14 -0.999E+03  0.154E-43  0.407E+11  0.104E+00  0.117E+05  0.619E-01  0.121E+03      1.
 33  15  0.507E-16  0.143E-12 -0.999E+03  0.154E-43  0.449E+11  0.104E+00  0.985E+04  0.619E-01  0.831E+02      1.
 33  16  0.960E-14  0.125E-10 -0.999E+03  0.154E-43  0.479E+11  0.104E+00  0.746E+04  0.618E-01  0.492E+02      1.
 33  17  0.148E-11  0.831E-09 -0.999E+03  0.154E-43  0.471E+11  0.104E+00  0.448E+04  0.619E-01  0.211E+02      1.
 33  18  0.184E-09  0.367E-07 -0.999E+03  0.154E-43  0.442E+11  0.104E+00  0.223E+04  0.620E-01  0.696E+01      1.
 33  19  0.178E-07  0.790E-06 -0.999E+03  0.154E-43  0.417E+11  0.104E+00  0.104E+04  0.623E-01  0.208E+01      1.
 33  20  0.130E-05  0.239E-07 -0.999E+03  0.154E-43  0.398E+11  0.104E+00  0.455E+03  0.572E-01  0.574E+00      1.
 33  21  0.677E-04  0.417E-09 -0.999E+03  0.154E-43  0.381E+11  0.104E+00  0.184E+03  0.374E-01  0.142E+00      1.
 33  22  0.225E-02  0.738E-11 -0.999E+03  0.154E-43  0.369E+11  0.104E+00  0.706E+02  0.188E-01  0.325E-01      1.
 33  23  0.360E-01  0.469E-11 -0.999E+03  0.154E-43  0.347E+11  0.103E+00  0.219E+02  0.859E-02  0.556E-02      1.
 33  24  0.488E-02  0.147E-10 -0.999E+03  0.154E-43  0.310E+11  0.102E+00  0.501E+01  0.408E-02  0.617E-03      1.
 33  25  0.405E-03  0.189E-09 -0.999E+03  0.154E-43  0.270E+11  0.101E+00  0.896E+00  0.226E-02  0.489E-04      1.
 33  26  0.105E-03  0.392E-08 -0.999E+03  0.154E-43  0.225E+11  0.100E+00  0.116E+00  0.156E-02  0.246E-05      1.
 33  27  0.118E+01  0.518E-07 -0.999E+03  0.154E-43  0.184E+11  0.124E-01  0.118E-01  0.129E-02  0.888E-07     64.
 33  28  0.146E+01  0.380E-06 -0.999E+03  0.154E-43  0.157E+11  0.147E-02  0.133E-02  0.121E-02  0.369E-08     64.
 33  29  0.110E+00  0.160E-05 -0.999E+03  0.154E-43  0.142E+11  0.205E-03  0.191E-03  0.123E-02  0.215E-09     32.
 33  30  0.479E-01  0.415E-05 -0.999E+03  0.154E-43  0.133E+11  0.334E-04  0.301E-04  0.128E-02  0.142E-10     32.
 33  31  0.148E+00  0.712E-05 -0.999E+03  0.154E-43  0.129E+11  0.640E-05  0.573E-05  0.134E-02  0.122E-11     16.
 33  32  0.103E+00  0.866E-05 -0.999E+03  0.154E-43  0.138E+11  0.206E-05  0.186E-05  0.140E-02  0.221E-12      8.
 33  33  0.323E-01  0.826E-05 -0.999E+03  0.154E-43  0.165E+11  0.208E-05  0.104E-05  0.145E-02  0.866E-13      8.
 33  34  0.680E-01  0.663E-05 -0.999E+03  0.154E-43  0.201E+11  0.448E-05  0.670E-06  0.150E-02  0.407E-13      4.
 33  35  0.144E-01  0.475E-05 -0.999E+03  0.154E-43  0.235E+11  0.259E-04  0.336E-06  0.154E-02  0.136E-13      4.
 33  36  0.439E-02  0.310E-05 -0.999E+03  0.154E-43  0.265E+11  0.132E-03  0.139E-06  0.158E-02  0.345E-14      4.
 33  37  0.233E-02  0.185E-05 -0.999E+03  0.154E-43  0.306E+11  0.855E-04  0.659E-07  0.161E-02  0.106E-14      2.
 33  38  0.130E-02  0.101E-05 -0.999E+03  0.154E-43  0.378E+11  0.377E-03  0.444E-07  0.163E-02  0.534E-15      2.
 33  39  0.869E-03  0.503E-06 -0.999E+03  0.154E-43  0.498E+11  0.869E-03  0.425E-07  0.165E-02  0.438E-15      2.
 33  40  0.559E-03  0.227E-06 -0.999E+03  0.154E-43  0.687E+11  0.657E-03  0.524E-07  0.167E-02  0.511E-15      1.
 33  41  0.346E-03  0.920E-07 -0.999E+03  0.154E-43  0.967E+11  0.864E-03  0.719E-07  0.169E-02  0.693E-15      1.
 33  42  0.196E-03  0.333E-07 -0.999E+03  0.154E-43  0.135E+12  0.515E-02  0.939E-07  0.170E-02  0.876E-15      2.
 33  43  0.102E-03  0.107E-07 -0.999E+03  0.154E-43  0.184E+12  0.773E-02  0.109E-06  0.171E-02  0.940E-15      2.
 33  44  0.486E-04  0.305E-08 -0.999E+03  0.154E-43  0.248E+12  0.121E-01  0.117E-06  0.172E-02  0.910E-15      2.
 33  45  0.212E-04  0.755E-09 -0.999E+03  0.154E-43  0.330E+12  0.114E-01  0.120E-06  0.172E-02  0.815E-15      1.
 33  46  0.833E-05  0.162E-09 -0.999E+03  0.154E-43  0.432E+12  0.179E-01  0.112E-06  0.173E-02  0.646E-15      1.
 33  47  0.295E-05  0.304E-10 -0.999E+03  0.154E-43  0.558E+12  0.201E-01  0.963E-07  0.173E-02  0.457E-15      1.
 33  48  0.934E-06  0.519E-11 -0.999E+03  0.154E-43  0.716E+12  0.205E-01  0.805E-07  0.174E-02  0.310E-15      1.
 33  49  0.267E-06  0.840E-12 -0.999E+03  0.154E-43  0.925E+12  0.203E-01  0.696E-07  0.174E-02  0.221E-15      1.
 33  50  0.678E-07  0.135E-12 -0.999E+03  0.154E-43  0.121E+13  0.200E-01  0.651E-07  0.175E-02  0.176E-15      1.
 33  51  0.157E-07  0.193E-13 -0.999E+03  0.154E-43  0.160E+13  0.197E-01  0.639E-07  0.175E-02  0.149E-15      1.
 33  52  0.342E-08  0.234E-14 -0.999E+03  0.154E-43  0.210E+13  0.194E-01  0.596E-07  0.175E-02  0.118E-15      1.
 33  53  0.734E-09  0.238E-15 -0.999E+03  0.154E-43  0.267E+13  0.192E-01  0.474E-07  0.175E-02  0.747E-16      1.
 33  54  0.136E-09  0.204E-16 -0.999E+03  0.154E-43  0.330E+13  0.191E-01  0.323E-07  0.175E-02  0.381E-16      1.
 33  55  0.216E-10  0.146E-17 -0.999E+03  0.154E-43  0.408E+13  0.189E-01  0.222E-07  0.176E-02  0.197E-16      1.
 33  56  0.290E-11  0.864E-19 -0.999E+03  0.154E-43  0.517E+13  0.189E-01  0.175E-07  0.176E-02  0.123E-16      1.
 33  57  0.327E-12  0.420E-20 -0.999E+03  0.154E-43  0.688E+13  0.189E-01  0.179E-07  0.176E-02  0.111E-16      1.
 33  58  0.305E-13  0.166E-21 -0.999E+03  0.154E-43  0.929E+13  0.189E-01  0.196E-07  0.176E-02  0.110E-16      1.
 33  59  0.236E-14  0.537E-23 -0.999E+03  0.154E-43  0.135E+14  0.189E-01  0.314E-07  0.176E-02  0.185E-16      1.
 34   1  0.000E+00  0.000E+00 -0.999E+03  0.154E-43  0.178E+10  0.104E+00  0.155E+04  0.621E-01  0.430E+02      1.
 34   2  0.000E+00  0.372E-28 -0.999E+03  0.154E-43  0.220E+10  0.104E+00  0.177E+04  0.621E-01  0.452E+02      1.
 34   3  0.000E+00  0.419E-27 -0.999E+03  0.154E-43  0.333E+10  0.104E+00  0.279E+04  0.621E-01  0.743E+02      1.
 34   4  0.659E-43  0.415E-26 -0.999E+03  0.154E-43  0.466E+10  0.104E+00  0.387E+04  0.621E-01  0.102E+03      1.
 34   5  0.182E-40  0.379E-25 -0.999E+03  0.154E-43  0.614E+10  0.104E+00  0.489E+04  0.621E-01  0.123E+03      1.
 34   6  0.498E-38  0.320E-24 -0.999E+03  0.154E-43  0.786E+10  0.104E+00  0.586E+04  0.621E-01  0.139E+03      1.
 34   7  0.134E-35  0.256E-23 -0.999E+03  0.154E-43  0.985E+10  0.104E+00  0.677E+04  0.621E-01  0.148E+03      1.
 34   8  0.354E-33  0.207E-22 -0.999E+03  0.154E-43  0.121E+11  0.104E+00  0.754E+04  0.621E-01  0.150E+03      1.
 34   9  0.916E-31  0.182E-21 -0.999E+03  0.154E-43  0.149E+11  0.104E+00  0.835E+04  0.621E-01  0.150E+03      1.
 34  10  0.231E-28  0.187E-20 -0.999E+03  0.154E-43  0.188E+11  0.104E+00  0.964E+04  0.620E-01  0.160E+03      1.
 34  11  0.564E-26  0.238E-19 -0.999E+03  0.154E-43  0.244E+11  0.104E+00  0.116E+05  0.620E-01  0.181E+03      1.
 34  12  0.134E-23  0.447E-18 -0.999E+03  0.154E-43  0.308E+11  0.104E+00  0.132E+05  0.620E-01  0.189E+03      1.
 34  13  0.307E-21  0.178E-16 -0.999E+03  0.154E-43  0.363E+11  0.104E+00  0.132E+05  0.620E-01  0.165E+03      1.
 34  14  0.678E-19  0.136E-14 -0.999E+03  0.154E-43  0.407E+11  0.104E+00  0.117E+05  0.619E-01  0.121E+03      1.
 34  15  0.143E-16  0.126E-12 -0.999E+03  0.154E-43  0.449E+11  0.104E+00  0.985E+04  0.619E-01  0.831E+02      1.
 34  16  0.277E-14  0.109E-10 -0.999E+03  0.154E-43  0.479E+11  0.104E+00  0.746E+04  0.618E-01  0.492E+02      1.
 34  17  0.437E-12  0.695E-09 -0.999E+03  0.154E-43  0.471E+11  0.104E+00  0.448E+04  0.619E-01  0.211E+02      1.
 34  18  0.554E-10  0.291E-07 -0.999E+03  0.154E-43  0.442E+11  0.104E+00  0.223E+04  0.620E-01  0.696E+01      1.
 34  19  0.550E-08  0.579E-06 -0.999E+03  0.154E-43  0.417E+11  0.104E+00  0.104E+04  0.623E-01  0.208E+01      1.
 34  20  0.413E-06  0.214E-07 -0.999E+03  0.154E-43  0.398E+11  0.104E+00  0.455E+03  0.572E-01  0.574E+00      1.
 34  21  0.222E-04  0.410E-09 -0.999E+03  0.154E-43  0.381E+11  0.104E+00  0.184E+03  0.374E-01  0.142E+00      1.
 34  22  0.759E-03  0.123E-10 -0.999E+03  0.154E-43  0.369E+11  0.104E+00  0.706E+02  0.188E-01  0.325E-01      1.
 34  23  0.125E-01  0.173E-10 -0.999E+03  0.154E-43  0.347E+11  0.103E+00  0.219E+02  0.859E-02  0.556E-02      1.
 34  24  0.150E-02  0.614E-10 -0.999E+03  0.154E-43  0.310E+11  0.102E+00  0.501E+01  0.408E-02  0.617E-03      1.
 34  25  0.103E-03  0.826E-09 -0.999E+03  0.154E-43  0.270E+11  0.101E+00  0.896E+00  0.226E-02  0.489E-04      1.
 34  26  0.196E-04  0.147E-07 -0.999E+03  0.154E-43  0.225E+11  0.100E+00  0.116E+00  0.156E-02  0.246E-05      1.
 34  27  0.126E+00  0.157E-06 -0.999E+03  0.154E-43  0.184E+11  0.124E-01  0.118E-01  0.129E-02  0.888E-07     64.
 34  28  0.235E+00  0.908E-06 -0.999E+03  0.154E-43  0.157E+11  0.147E-02  0.133E-02  0.121E-02  0.369E-08     64.
 34  29  0.865E-02  0.305E-05 -0.999E+03  0.154E-43  0.142E+11  0.205E-03  0.191E-03  0.123E-02  0.215E-09     32.
 34  30  0.300E-02  0.640E-05 -0.999E+03  0.154E-43  0.133E+11  0.334E-04  0.301E-04  0.128E-02  0.142E-10     32.
 34  31  0.117E-01  0.918E-05 -0.999E+03  0.154E-43  0.129E+11  0.640E-05  0.573E-05  0.134E-02  0.122E-11     16.
 34  32  0.858E-02  0.978E-05 -0.999E+03  0.154E-43  0.138E+11  0.206E-05  0.186E-05  0.140E-02  0.221E-12      8.
 34  33  0.251E-02  0.840E-05 -0.999E+03  0.154E-43  0.165E+11  0.208E-05  0.104E-05  0.145E-02  0.866E-13      8.
 34  34  0.572E-02  0.620E-05 -0.999E+03  0.154E-43  0.201E+11  0.448E-05  0.670E-06  0.150E-02  0.407E-13      4.
 34  35  0.116E-02  0.412E-05 -0.999E+03  0.154E-43  0.235E+11  0.259E-04  0.336E-06  0.154E-02  0.136E-13      4.
 34  36  0.388E-03  0.249E-05 -0.999E+03  0.154E-43  0.265E+11  0.132E-03  0.139E-06  0.158E-02  0.345E-14      4.
 34  37  0.206E-03  0.137E-05 -0.999E+03  0.154E-43  0.306E+11  0.855E-04  0.659E-07  0.161E-02  0.106E-14      2.
 34  38  0.131E-03  0.684E-06 -0.999E+03  0.154E-43  0.378E+11  0.377E-03  0.444E-07  0.163E-02  0.534E-15      2.
 34  39  0.908E-04  0.307E-06 -0.999E+03  0.154E-43  0.498E+11  0.869E-03  0.425E-07  0.165E-02  0.438E-15      2.
 34  40  0.580E-04  0.123E-06 -0.999E+03  0.154E-43  0.687E+11  0.657E-03  0.524E-07  0.167E-02  0.511E-15      1.
 34  41  0.345E-04  0.437E-07 -0.999E+03  0.154E-43  0.967E+11  0.864E-03  0.719E-07  0.169E-02  0.693E-15      1.
 34  42  0.185E-04  0.137E-07 -0.999E+03  0.154E-43  0.135E+12  0.515E-02  0.939E-07  0.170E-02  0.876E-15      2.
 34  43  0.892E-05  0.383E-08 -0.999E+03  0.154E-43  0.184E+12  0.773E-02  0.109E-06  0.171E-02  0.940E-15      2.
 34  44  0.387E-05  0.921E-09 -0.999E+03  0.154E-43  0.248E+12  0.121E-01  0.117E-06  0.172E-02  0.910E-15      2.
 34  45  0.151E-05  0.190E-09 -0.999E+03  0.154E-43  0.330E+12  0.114E-01  0.120E-06  0.172E-02  0.815E-15      1.
 34  46  0.523E-06  0.339E-10 -0.999E+03  0.154E-43  0.432E+12  0.179E-01  0.112E-06  0.173E-02  0.646E-15      1.
 34  47  0.162E-06  0.544E-11 -0.999E+03  0.154E-43  0.558E+12  0.201E-01  0.963E-07  0.173E-02  0.457E-15      1.
 34  48  0.448E-07  0.820E-12 -0.999E+03  0.154E-43  0.716E+12  0.205E-01  0.805E-07  0.174E-02  0.310E-15      1.
 34  49  0.110E-07  0.122E-12 -0.999E+03  0.154E-43  0.925E+12  0.203E-01  0.696E-07  0.174E-02  0.221E-15      1.
 34  50  0.243E-08  0.171E-13 -0.999E+03  0.154E-43  0.121E+13  0.200E-01  0.651E-07  0.175E-02  0.176E-15      1.
 34  51  0.501E-09  0.202E-14 -0.999E+03  0.154E-43  0.160E+13  0.197E-01  0.639E-07  0.175E-02  0.149E-15      1.
 34  52  0.100E-09  0.201E-15 -0.999E+03  0.154E-43  0.210E+13  0.194E-01  0.596E-07  0.175E-02  0.118E-15      1.
 34  53  0.182E-10  0.168E-16 -0.999E+03  0.154E-43  0.267E+13  0.192E-01  0.474E-07  0.175E-02  0.747E-16      1.
 34  54  0.282E-11  0.117E-17 -0.999E+03  0.154E-43  0.330E+13  0.191E-01  0.323E-07  0.175E-02  0.381E-16      1.
 34  55  0.372E-12  0.677E-19 -0.999E+03  0.154E-43  0.408E+13  0.189E-01  0.222E-07  0.176E-02  0.197E-16      1.
 34  56  0.414E-13  0.324E-20 -0.999E+03  0.154E-43  0.517E+13  0.189E-01  0.175E-07  0.176E-02  0.123E-16      1.
 34  57  0.382E-14  0.127E-21 -0.999E+03  0.154E-43  0.688E+13  0.189E-01  0.179E-07  0.176E-02  0.111E-16      1.
 34  58  0.291E-15  0.403E-23 -0.999E+03  0.154E-43  0.929E+13  0.189E-01  0.196E-07  0.176E-02  0.110E-16      1.
 34  59  0.182E-16  0.104E-24 -0.999E+03  0.154E-43  0.135E+14  0.189E-01  0.314E-07  0.176E-02  0.185E-16      1.
 35   1  0.000E+00  0.000E+00 -0.999E+03  0.154E-43  0.178E+10  0.104E+00  0.155E+04  0.621E-01  0.430E+02      1.
 35   2  0.000E+00  0.236E-28 -0.999E+03  0.154E-43  0.220E+10  0.104E+00  0.177E+04  0.621E-01  0.452E+02      1.
 35   3  0.000E+00  0.259E-27 -0.999E+03  0.154E-43  0.333E+10  0.104E+00  0.279E+04  0.621E-01  0.743E+02      1.
 35   4  0.126E-43  0.253E-26 -0.999E+03  0.154E-43  0.466E+10  0.104E+00  0.387E+04  0.621E-01  0.102E+03      1.
 35   5  0.341E-41  0.228E-25 -0.999E+03  0.154E-43  0.614E+10  0.104E+00  0.489E+04  0.621E-01  0.123E+03      1.
 35   6  0.945E-39  0.191E-24 -0.999E+03  0.154E-43  0.786E+10  0.104E+00  0.586E+04  0.621E-01  0.139E+03      1.
 35   7  0.257E-36  0.151E-23 -0.999E+03  0.154E-43  0.985E+10  0.104E+00  0.677E+04  0.621E-01  0.148E+03      1.
 35   8  0.687E-34  0.120E-22 -0.999E+03  0.154E-43  0.121E+11  0.104E+00  0.754E+04  0.621E-01  0.150E+03      1.
 35   9  0.180E-31  0.103E-21 -0.999E+03  0.154E-43  0.149E+11  0.104E+00  0.835E+04  0.621E-01  0.150E+03      1.
 35  10  0.458E-29  0.105E-20 -0.999E+03  0.154E-43  0.188E+11  0.104E+00  0.964E+04  0.620E-01  0.160E+03      1.
 35  11  0.113E-26  0.140E-19 -0.999E+03  0.154E-43  0.244E+11  0.104E+00  0.116E+05  0.620E-01  0.181E+03      1.
 35  12  0.272E-24  0.307E-18 -0.999E+03  0.154E-43  0.308E+11  0.104E+00  0.132E+05  0.620E-01  0.189E+03      1.
 35  13  0.634E-22  0.152E-16 -0.999E+03  0.154E-43  0.363E+11  0.104E+00  0.132E+05  0.620E-01  0.165E+03      1.
 35  14  0.142E-19  0.129E-14 -0.999E+03  0.154E-43  0.407E+11  0.104E+00  0.117E+05  0.619E-01  0.121E+03      1.
 35  15  0.305E-17  0.122E-12 -0.999E+03  0.154E-43  0.449E+11  0.104E+00  0.985E+04  0.619E-01  0.831E+02      1.
 35  16  0.600E-15  0.104E-10 -0.999E+03  0.154E-43  0.479E+11  0.104E+00  0.746E+04  0.618E-01  0.492E+02      1.
 35  17  0.966E-13  0.641E-09 -0.999E+03  0.154E-43  0.471E+11  0.104E+00  0.448E+04  0.619E-01  0.211E+02      1.
 35  18  0.125E-10  0.251E-07 -0.999E+03  0.154E-43  0.442E+11  0.104E+00  0.223E+04  0.620E-01  0.696E+01      1.
 35  19  0.127E-08  0.443E-06 -0.999E+03  0.154E-43  0.417E+11  0.104E+00  0.104E+04  0.623E-01  0.208E+01      1.
 35  20  0.975E-07  0.209E-07 -0.999E+03  0.154E-43  0.398E+11  0.104E+00  0.455E+03  0.572E-01  0.574E+00      1.
 35  21  0.536E-05  0.438E-09 -0.999E+03  0.154E-43  0.381E+11  0.104E+00  0.184E+03  0.374E-01  0.142E+00      1.
 35  22  0.189E-03  0.294E-10 -0.999E+03  0.154E-43  0.369E+11  0.104E+00  0.706E+02  0.188E-01  0.325E-01      1.
 35  23  0.318E-02  0.619E-10 -0.999E+03  0.154E-43  0.347E+11  0.103E+00  0.219E+02  0.859E-02  0.556E-02      1.
 35  24  0.411E-03  0.254E-09 -0.999E+03  0.154E-43  0.310E+11  0.102E+00  0.501E+01  0.408E-02  0.617E-03      1.
 35  25  0.281E-04  0.350E-08 -0.999E+03  0.154E-43  0.270E+11  0.101E+00  0.896E+00  0.226E-02  0.489E-04      1.
 35  26  0.391E-05  0.526E-07 -0.999E+03  0.154E-43  0.225E+11  0.100E+00  0.116E+00  0.156E-02  0.246E-05      1.
 35  27  0.916E-02  0.446E-06 -0.999E+03  0.154E-43  0.184E+11  0.124E-01  0.118E-01  0.129E-02  0.888E-07     64.
 35  28  0.283E-01  0.203E-05 -0.999E+03  0.154E-43  0.157E+11  0.147E-02  0.133E-02  0.121E-02  0.369E-08     64.
 35  29  0.575E-03  0.529E-05 -0.999E+03  0.154E-43  0.142E+11  0.205E-03  0.191E-03  0.123E-02  0.215E-09     32.
 35  30  0.142E-03  0.908E-05 -0.999E+03  0.154E-43  0.133E+11  0.334E-04  0.301E-04  0.128E-02  0.142E-10     32.
 35  31  0.693E-03  0.110E-04 -0.999E+03  0.154E-43  0.129E+11  0.640E-05  0.573E-05  0.134E-02  0.122E-11     16.
 35  32  0.522E-03  0.104E-04 -0.999E+03  0.154E-43  0.138E+11  0.206E-05  0.186E-05  0.140E-02  0.221E-12      8.
 35  33  0.154E-03  0.808E-05 -0.999E+03  0.154E-43  0.165E+11  0.208E-05  0.104E-05  0.145E-02  0.866E-13      8.
 35  34  0.349E-03  0.549E-05 -0.999E+03  0.154E-43  0.201E+11  0.448E-05  0.670E-06  0.150E-02  0.407E-13      4.
 35  35  0.744E-04  0.335E-05 -0.999E+03  0.154E-43  0.235E+11  0.259E-04  0.336E-06  0.154E-02  0.136E-13      4.
 35  36  0.287E-04  0.186E-05 -0.999E+03  0.154E-43  0.265E+11  0.132E-03  0.139E-06  0.158E-02  0.345E-14      4.
 35  37  0.162E-04  0.930E-06 -0.999E+03  0.154E-43  0.306E+11  0.855E-04  0.659E-07  0.161E-02  0.106E-14      2.
 35  38  0.114E-04  0.416E-06 -0.999E+03  0.154E-43  0.378E+11  0.377E-03  0.444E-07  0.163E-02  0.534E-15      2.
 35  39  0.802E-05  0.165E-06 -0.999E+03  0.154E-43  0.498E+11  0.869E-03  0.425E-07  0.165E-02  0.438E-15      2.
 35  40  0.496E-05  0.577E-07 -0.999E+03  0.154E-43  0.687E+11  0.657E-03  0.524E-07  0.167E-02  0.511E-15      1.
 35  41  0.278E-05  0.178E-07 -0.999E+03  0.154E-43  0.967E+11  0.864E-03  0.719E-07  0.169E-02  0.693E-15      1.
 35  42  0.137E-05  0.484E-08 -0.999E+03  0.154E-43  0.135E+12  0.515E-02  0.939E-07  0.170E-02  0.876E-15      2.
 35  43  0.601E-06  0.113E-08 -0.999E+03  0.154E-43  0.184E+12  0.773E-02  0.109E-06  0.171E-02  0.940E-15      2.
 35  44  0.232E-06  0.223E-09 -0.999E+03  0.154E-43  0.248E+12  0.121E-01  0.117E-06  0.172E-02  0.910E-15      2.
 35  45  0.795E-07  0.380E-10 -0.999E+03  0.154E-43  0.330E+12  0.114E-01  0.120E-06  0.172E-02  0.815E-15      1.
 35  46  0.240E-07  0.572E-11 -0.999E+03  0.154E-43  0.432E+12  0.179E-01  0.112E-06  0.173E-02  0.646E-15      1.
 35  47  0.646E-08  0.799E-12 -0.999E+03  0.154E-43  0.558E+12  0.201E-01  0.963E-07  0.173E-02  0.457E-15      1.
 35  48  0.153E-08  0.110E-12 -0.999E+03  0.154E-43  0.716E+12  0.205E-01  0.805E-07  0.174E-02  0.310E-15      1.
 35  49  0.322E-09  0.151E-13 -0.999E+03  0.154E-43  0.925E+12  0.203E-01  0.696E-07  0.174E-02  0.221E-15      1.
 35  50  0.627E-10  0.175E-14 -0.999E+03  0.154E-43  0.121E+13  0.200E-01  0.651E-07  0.175E-02  0.176E-15      1.
 35  51  0.117E-10  0.170E-15 -0.999E+03  0.154E-43  0.160E+13  0.197E-01  0.639E-07  0.175E-02  0.149E-15      1.
 35  52  0.208E-11  0.138E-16 -0.999E+03  0.154E-43  0.210E+13  0.194E-01  0.596E-07  0.175E-02  0.118E-15      1.
 35  53  0.316E-12  0.937E-18 -0.999E+03  0.154E-43  0.267E+13  0.192E-01  0.474E-07  0.175E-02  0.747E-16      1.
 35  54  0.407E-13  0.528E-19 -0.999E+03  0.154E-43  0.330E+13  0.191E-01  0.323E-07  0.175E-02  0.381E-16      1.
 35  55  0.443E-14  0.247E-20 -0.999E+03  0.154E-43  0.408E+13  0.189E-01  0.222E-07  0.176E-02  0.197E-16      1.
 35  56  0.403E-15  0.952E-22 -0.999E+03  0.154E-43  0.517E+13  0.189E-01  0.175E-07  0.176E-02  0.123E-16      1.
 35  57  0.303E-16  0.299E-23 -0.999E+03  0.154E-43  0.688E+13  0.189E-01  0.179E-07  0.176E-02  0.111E-16      1.
 35  58  0.187E-17  0.762E-25 -0.999E+03  0.154E-43  0.929E+13  0.189E-01  0.196E-07  0.176E-02  0.110E-16      1.
 35  59  0.951E-19  0.158E-26 -0.999E+03  0.154E-43  0.135E+14  0.189E-01  0.314E-07  0.176E-02  0.185E-16      1.
 36   1  0.000E+00  0.000E+00 -0.999E+03  0.154E-43  0.178E+10  0.104E+00  0.155E+04  0.621E-01  0.430E+02      1.
 36   2  0.000E+00  0.135E-28 -0.999E+03  0.154E-43  0.220E+10  0.104E+00  0.177E+04  0.621E-01  0.452E+02      1.
 36   3  0.000E+00  0.145E-27 -0.999E+03  0.154E-43  0.333E+10  0.104E+00  0.279E+04  0.621E-01  0.743E+02      1.
 36   4  0.140E-44  0.140E-26 -0.999E+03  0.154E-43  0.466E+10  0.104E+00  0.387E+04  0.621E-01  0.102E+03      1.
 36   5  0.531E-42  0.125E-25 -0.999E+03  0.154E-43  0.614E+10  0.104E+00  0.489E+04  0.621E-01  0.123E+03      1.
 36   6  0.148E-39  0.105E-24 -0.999E+03  0.154E-43  0.786E+10  0.104E+00  0.586E+04  0.621E-01  0.139E+03      1.
 36   7  0.405E-37  0.829E-24 -0.999E+03  0.154E-43  0.985E+10  0.104E+00  0.677E+04  0.621E-01  0.148E+03      1.
 36   8  0.109E-34  0.662E-23 -0.999E+03  0.154E-43  0.121E+11  0.104E+00  0.754E+04  0.621E-01  0.150E+03      1.
 36   9  0.287E-32  0.581E-22 -0.999E+03  0.154E-43  0.149E+11  0.104E+00  0.835E+04  0.621E-01  0.150E+03      1.
 36  10  0.738E-30  0.622E-21 -0.999E+03  0.154E-43  0.188E+11  0.104E+00  0.964E+04  0.620E-01  0.160E+03      1.
 36  11  0.184E-27  0.916E-20 -0.999E+03  0.154E-43  0.244E+11  0.104E+00  0.116E+05  0.620E-01  0.181E+03      1.
 36  12  0.448E-25  0.245E-18 -0.999E+03  0.154E-43  0.308E+11  0.104E+00  0.132E+05  0.620E-01  0.189E+03      1.
 36  13  0.105E-22  0.144E-16 -0.999E+03  0.154E-43  0.363E+11  0.104E+00  0.132E+05  0.620E-01  0.165E+03      1.
 36  14  0.239E-20  0.131E-14 -0.999E+03  0.154E-43  0.407E+11  0.104E+00  0.117E+05  0.619E-01  0.121E+03      1.
 36  15  0.518E-18  0.125E-12 -0.999E+03  0.154E-43  0.449E+11  0.104E+00  0.985E+04  0.619E-01  0.831E+02      1.
 36  16  0.103E-15  0.106E-10 -0.999E+03  0.154E-43  0.479E+11  0.104E+00  0.746E+04  0.618E-01  0.492E+02      1.
 36  17  0.169E-13  0.648E-09 -0.999E+03  0.154E-43  0.471E+11  0.104E+00  0.448E+04  0.619E-01  0.211E+02      1.
 36  18  0.222E-11  0.244E-07 -0.999E+03  0.154E-43  0.442E+11  0.104E+00  0.223E+04  0.620E-01  0.696E+01      1.
 36  19  0.228E-09  0.385E-06 -0.999E+03  0.154E-43  0.417E+11  0.104E+00  0.104E+04  0.623E-01  0.208E+01      1.
 36  20  0.179E-07  0.233E-07 -0.999E+03  0.154E-43  0.398E+11  0.104E+00  0.455E+03  0.572E-01  0.574E+00      1.
 36  21  0.100E-05  0.532E-09 -0.999E+03  0.154E-43  0.381E+11  0.104E+00  0.184E+03  0.374E-01  0.142E+00      1.
 36  22  0.359E-04  0.862E-10 -0.999E+03  0.154E-43  0.369E+11  0.104E+00  0.706E+02  0.188E-01  0.325E-01      1.
 36  23  0.613E-03  0.214E-09 -0.999E+03  0.154E-43  0.347E+11  0.103E+00  0.219E+02  0.859E-02  0.556E-02      1.
 36  24  0.844E-04  0.102E-08 -0.999E+03  0.154E-43  0.310E+11  0.102E+00  0.501E+01  0.408E-02  0.617E-03      1.
 36  25  0.618E-05  0.137E-07 -0.999E+03  0.154E-43  0.270E+11  0.101E+00  0.896E+00  0.226E-02  0.489E-04      1.
 36  26  0.873E-06  0.169E-06 -0.999E+03  0.154E-43  0.225E+11  0.100E+00  0.116E+00  0.156E-02  0.246E-05      1.
 36  27  0.485E-03  0.111E-05 -0.999E+03  0.154E-43  0.184E+11  0.124E-01  0.118E-01  0.129E-02  0.888E-07     64.
 36  28  0.256E-02  0.394E-05 -0.999E+03  0.154E-43  0.157E+11  0.147E-02  0.133E-02  0.121E-02  0.369E-08     64.
 36  29  0.340E-04  0.832E-05 -0.999E+03  0.154E-43  0.142E+11  0.205E-03  0.191E-03  0.123E-02  0.215E-09     32.
 36  30  0.526E-05  0.118E-04 -0.999E+03  0.154E-43  0.133E+11  0.334E-04  0.301E-04  0.128E-02  0.142E-10     32.
 36  31  0.307E-04  0.124E-04 -0.999E+03  0.154E-43  0.129E+11  0.640E-05  0.573E-05  0.134E-02  0.122E-11     16.
 36  32  0.236E-04  0.103E-04 -0.999E+03  0.154E-43  0.138E+11  0.206E-05  0.186E-05  0.140E-02  0.221E-12      8.
 36  33  0.762E-05  0.724E-05 -0.999E+03  0.154E-43  0.165E+11  0.208E-05  0.104E-05  0.145E-02  0.866E-13      8.
 36  34  0.160E-04  0.448E-05 -0.999E+03  0.154E-43  0.201E+11  0.448E-05  0.670E-06  0.150E-02  0.407E-13      4.
 36  35  0.389E-05  0.249E-05 -0.999E+03  0.154E-43  0.235E+11  0.259E-04  0.336E-06  0.154E-02  0.136E-13      4.
 36  36  0.180E-05  0.125E-05 -0.999E+03  0.154E-43  0.265E+11  0.132E-03  0.139E-06  0.158E-02  0.345E-14      4.
 36  37  0.113E-05  0.556E-06 -0.999E+03  0.154E-43  0.306E+11  0.855E-04  0.659E-07  0.161E-02  0.106E-14      2.
 36  38  0.852E-06  0.219E-06 -0.999E+03  0.154E-43  0.378E+11  0.377E-03  0.444E-07  0.163E-02  0.534E-15      2.
 36  39  0.588E-06  0.754E-07 -0.999E+03  0.154E-43  0.498E+11  0.869E-03  0.425E-07  0.165E-02  0.438E-15      2.
 36  40  0.343E-06  0.228E-07 -0.999E+03  0.154E-43  0.687E+11  0.657E-03  0.524E-07  0.167E-02  0.511E-15      1.
 36  41  0.177E-06  0.605E-08 -0.999E+03  0.154E-43  0.967E+11  0.864E-03  0.719E-07  0.169E-02  0.693E-15      1.
 36  42  0.786E-07  0.136E-08 -0.999E+03  0.154E-43  0.135E+12  0.515E-02  0.939E-07  0.170E-02  0.876E-15      2.
 36  43  0.305E-07  0.260E-09 -0.999E+03  0.154E-43  0.184E+12  0.773E-02  0.109E-06  0.171E-02  0.940E-15      2.
 36  44  0.103E-07  0.420E-10 -0.999E+03  0.154E-43  0.248E+12  0.121E-01  0.117E-06  0.172E-02  0.910E-15      2.
 36  45  0.307E-08  0.593E-11 -0.999E+03  0.154E-43  0.330E+12  0.114E-01  0.120E-06  0.172E-02  0.815E-15      1.
 36  46  0.802E-09  0.771E-12 -0.999E+03  0.154E-43  0.432E+12  0.179E-01  0.112E-06  0.173E-02  0.646E-15      1.
 36  47  0.182E-09  0.976E-13 -0.999E+03  0.154E-43  0.558E+12  0.201E-01  0.963E-07  0.173E-02  0.457E-15      1.
 36  48  0.367E-10  0.125E-13 -0.999E+03  0.154E-43  0.716E+12  0.205E-01  0.805E-07  0.174E-02  0.310E-15      1.
 36  49  0.674E-11  0.142E-14 -0.999E+03  0.154E-43  0.925E+12  0.203E-01  0.696E-07  0.174E-02  0.221E-15      1.
 36  50  0.118E-11  0.135E-15 -0.999E+03  0.154E-43  0.121E+13  0.200E-01  0.651E-07  0.175E-02  0.176E-15      1.
 36  51  0.205E-12  0.108E-16 -0.999E+03  0.154E-43  0.160E+13  0.197E-01  0.639E-07  0.175E-02  0.149E-15      1.
 36  52  0.304E-13  0.711E-18 -0.999E+03  0.154E-43  0.210E+13  0.194E-01  0.596E-07  0.175E-02  0.118E-15      1.
 36  53  0.382E-14  0.390E-19 -0.999E+03  0.154E-43  0.267E+13  0.192E-01  0.474E-07  0.175E-02  0.747E-16      1.
 36  54  0.406E-15  0.178E-20 -0.999E+03  0.154E-43  0.330E+13  0.191E-01  0.323E-07  0.175E-02  0.381E-16      1.
 36  55  0.361E-16  0.668E-22 -0.999E+03  0.154E-43  0.408E+13  0.189E-01  0.222E-07  0.176E-02  0.197E-16      1.
 36  56  0.268E-17  0.207E-23 -0.999E+03  0.154E-43  0.517E+13  0.189E-01  0.175E-07  0.176E-02  0.123E-16      1.
 36  57  0.164E-18  0.520E-25 -0.999E+03  0.154E-43  0.688E+13  0.189E-01  0.179E-07  0.176E-02  0.111E-16      1.
 36  58  0.818E-20  0.106E-26 -0.999E+03  0.154E-43  0.929E+13  0.189E-01  0.196E-07  0.176E-02  0.110E-16      1.
 36  59  0.334E-21  0.175E-28 -0.999E+03  0.154E-43  0.135E+14  0.189E-01  0.314E-07  0.176E-02  0.185E-16      1.
 37   1  0.000E+00  0.000E+00 -0.999E+03  0.154E-43  0.178E+10  0.104E+00  0.155E+04  0.621E-01  0.430E+02      1.
 37   2  0.000E+00  0.717E-29 -0.999E+03  0.154E-43  0.220E+10  0.104E+00  0.177E+04  0.621E-01  0.452E+02      1.
 37   3  0.000E+00  0.758E-28 -0.999E+03  0.154E-43  0.333E+10  0.104E+00  0.279E+04  0.621E-01  0.743E+02      1.
 37   4  0.000E+00  0.729E-27 -0.999E+03  0.154E-43  0.466E+10  0.104E+00  0.387E+04  0.621E-01  0.102E+03      1.
 37   5  0.701E-43  0.660E-26 -0.999E+03  0.154E-43  0.614E+10  0.104E+00  0.489E+04  0.621E-01  0.123E+03      1.
 37   6  0.195E-40  0.561E-25 -0.999E+03  0.154E-43  0.786E+10  0.104E+00  0.586E+04  0.621E-01  0.139E+03      1.
 37   7  0.538E-38  0.459E-24 -0.999E+03  0.154E-43  0.985E+10  0.104E+00  0.677E+04  0.621E-01  0.148E+03      1.
 37   8  0.145E-35  0.383E-23 -0.999E+03  0.154E-43  0.121E+11  0.104E+00  0.754E+04  0.621E-01  0.150E+03      1.
 37   9  0.385E-33  0.358E-22 -0.999E+03  0.154E-43  0.149E+11  0.104E+00  0.835E+04  0.621E-01  0.150E+03      1.
 37  10  0.995E-31  0.417E-21 -0.999E+03  0.154E-43  0.188E+11  0.104E+00  0.964E+04  0.620E-01  0.160E+03      1.
 37  11  0.250E-28  0.698E-20 -0.999E+03  0.154E-43  0.244E+11  0.104E+00  0.116E+05  0.620E-01  0.181E+03      1.
 37  12  0.612E-26  0.223E-18 -0.999E+03  0.154E-43  0.308E+11  0.104E+00  0.132E+05  0.620E-01  0.189E+03      1.
 37  13  0.145E-23  0.148E-16 -0.999E+03  0.154E-43  0.363E+11  0.104E+00  0.132E+05  0.620E-01  0.165E+03      1.
 37  14  0.332E-21  0.139E-14 -0.999E+03  0.154E-43  0.407E+11  0.104E+00  0.117E+05  0.619E-01  0.121E+03      1.
 37  15  0.726E-19  0.136E-12 -0.999E+03  0.154E-43  0.449E+11  0.104E+00  0.985E+04  0.619E-01  0.831E+02      1.
 37  16  0.146E-16  0.117E-10 -0.999E+03  0.154E-43  0.479E+11  0.104E+00  0.746E+04  0.618E-01  0.492E+02      1.
 37  17  0.241E-14  0.724E-09 -0.999E+03  0.154E-43  0.471E+11  0.104E+00  0.448E+04  0.619E-01  0.211E+02      1.
 37  18  0.321E-12  0.274E-07 -0.999E+03  0.154E-43  0.442E+11  0.104E+00  0.223E+04  0.620E-01  0.696E+01      1.
 37  19  0.335E-10  0.413E-06 -0.999E+03  0.154E-43  0.417E+11  0.104E+00  0.104E+04  0.623E-01  0.208E+01      1.
 37  20  0.266E-08  0.326E-07 -0.999E+03  0.154E-43  0.398E+11  0.104E+00  0.455E+03  0.572E-01  0.574E+00      1.
 37  21  0.151E-06  0.811E-09 -0.999E+03  0.154E-43  0.381E+11  0.104E+00  0.184E+03  0.374E-01  0.142E+00      1.
 37  22  0.550E-05  0.264E-09 -0.999E+03  0.154E-43  0.369E+11  0.104E+00  0.706E+02  0.188E-01  0.325E-01      1.
 37  23  0.945E-04  0.703E-09 -0.999E+03  0.154E-43  0.347E+11  0.103E+00  0.219E+02  0.859E-02  0.556E-02      1.
 37  24  0.136E-04  0.394E-08 -0.999E+03  0.154E-43  0.310E+11  0.102E+00  0.501E+01  0.408E-02  0.617E-03      1.
 37  25  0.109E-05  0.507E-07 -0.999E+03  0.154E-43  0.270E+11  0.101E+00  0.896E+00  0.226E-02  0.489E-04      1.
 37  26  0.193E-06  0.506E-06 -0.999E+03  0.154E-43  0.225E+11  0.100E+00  0.116E+00  0.156E-02  0.246E-05      1.
 37  27  0.198E-04  0.259E-05 -0.999E+03  0.154E-43  0.184E+11  0.124E-01  0.118E-01  0.129E-02  0.888E-07     64.
 37  28  0.176E-03  0.693E-05 -0.999E+03  0.154E-43  0.157E+11  0.147E-02  0.133E-02  0.121E-02  0.369E-08     64.
 37  29  0.182E-05  0.118E-04 -0.999E+03  0.154E-43  0.142E+11  0.205E-03  0.191E-03  0.123E-02  0.215E-09     32.
 37  30  0.163E-06  0.140E-04 -0.999E+03  0.154E-43  0.133E+11  0.334E-04  0.301E-04  0.128E-02  0.142E-10     32.
 37  31  0.103E-05  0.128E-04 -0.999E+03  0.154E-43  0.129E+11  0.640E-05  0.573E-05  0.134E-02  0.122E-11     16.
 37  32  0.812E-06  0.946E-05 -0.999E+03  0.154E-43  0.138E+11  0.206E-05  0.186E-05  0.140E-02  0.221E-12      8.
 37  33  0.304E-06  0.601E-05 -0.999E+03  0.154E-43  0.165E+11  0.208E-05  0.104E-05  0.145E-02  0.866E-13      8.
 37  34  0.568E-06  0.336E-05 -0.999E+03  0.154E-43  0.201E+11  0.448E-05  0.670E-06  0.150E-02  0.407E-13      4.
 37  35  0.172E-06  0.167E-05 -0.999E+03  0.154E-43  0.235E+11  0.259E-04  0.336E-06  0.154E-02  0.136E-13      4.
 37  36  0.983E-07  0.742E-06 -0.999E+03  0.154E-43  0.265E+11  0.132E-03  0.139E-06  0.158E-02  0.345E-14      4.
 37  37  0.688E-07  0.290E-06 -0.999E+03  0.154E-43  0.306E+11  0.855E-04  0.659E-07  0.161E-02  0.106E-14      2.
 37  38  0.536E-07  0.989E-07 -0.999E+03  0.154E-43  0.378E+11  0.377E-03  0.444E-07  0.163E-02  0.534E-15      2.
 37  39  0.352E-07  0.295E-07 -0.999E+03  0.154E-43  0.498E+11  0.869E-03  0.425E-07  0.165E-02  0.438E-15      2.
 37  40  0.188E-07  0.762E-08 -0.999E+03  0.154E-43  0.687E+11  0.657E-03  0.524E-07  0.167E-02  0.511E-15      1.
 37  41  0.867E-08  0.166E-08 -0.999E+03  0.154E-43  0.967E+11  0.864E-03  0.719E-07  0.169E-02  0.693E-15      1.
 37  42  0.339E-08  0.303E-09 -0.999E+03  0.154E-43  0.135E+12  0.515E-02  0.939E-07  0.170E-02  0.876E-15      2.
 37  43  0.115E-08  0.466E-10 -0.999E+03  0.154E-43  0.184E+12  0.773E-02  0.109E-06  0.171E-02  0.940E-15      2.
 37  44  0.337E-09  0.617E-11 -0.999E+03  0.154E-43  0.248E+12  0.121E-01  0.117E-06  0.172E-02  0.910E-15      2.
 37  45  0.861E-10  0.753E-12 -0.999E+03  0.154E-43  0.330E+12  0.114E-01  0.120E-06  0.172E-02  0.815E-15      1.
 37  46  0.189E-10  0.881E-13 -0.999E+03  0.154E-43  0.432E+12  0.179E-01  0.112E-06  0.173E-02  0.646E-15      1.
 37  47  0.361E-11  0.103E-13 -0.999E+03  0.154E-43  0.558E+12  0.201E-01  0.963E-07  0.173E-02  0.457E-15      1.
 37  48  0.625E-12  0.115E-14 -0.999E+03  0.154E-43  0.716E+12  0.205E-01  0.805E-07  0.174E-02  0.310E-15      1.
 37  49  0.102E-12  0.107E-15 -0.999E+03  0.154E-43  0.925E+12  0.203E-01  0.696E-07  0.174E-02  0.221E-15      1.
 37  50  0.165E-13  0.833E-17 -0.999E+03  0.154E-43  0.121E+13  0.200E-01  0.651E-07  0.175E-02  0.176E-15      1.
 37  51  0.239E-14  0.538E-18 -0.999E+03  0.154E-43  0.160E+13  0.197E-01  0.639E-07  0.175E-02  0.149E-15      1.
 37  52  0.294E-15  0.288E-19 -0.999E+03  0.154E-43  0.210E+13  0.194E-01  0.596E-07  0.175E-02  0.118E-15      1.
 37  53  0.304E-16  0.127E-20 -0.999E+03  0.154E-43  0.267E+13  0.192E-01  0.474E-07  0.175E-02  0.747E-16      1.
 37  54  0.264E-17  0.466E-22 -0.999E+03  0.154E-43  0.330E+13  0.191E-01  0.323E-07  0.175E-02  0.381E-16      1.
 37  55  0.192E-18  0.141E-23 -0.999E+03  0.154E-43  0.408E+13  0.189E-01  0.222E-07  0.176E-02  0.197E-16      1.
 37  56  0.115E-19  0.348E-25 -0.999E+03  0.154E-43  0.517E+13  0.189E-01  0.175E-07  0.176E-02  0.123E-16      1.
 37  57  0.569E-21  0.700E-27 -0.999E+03  0.154E-43  0.688E+13  0.189E-01  0.179E-07  0.176E-02  0.111E-16      1.
 37  58  0.229E-22  0.114E-28 -0.999E+03  0.154E-43  0.929E+13  0.189E-01  0.196E-07  0.176E-02  0.110E-16      1.
 37  59  0.750E-24  0.150E-30 -0.999E+03  0.154E-43  0.135E+14  0.189E-01  0.314E-07  0.176E-02  0.185E-16      1.
 38   1  0.000E+00  0.000E+00 -0.999E+03  0.154E-43  0.178E+10  0.104E+00  0.155E+04  0.621E-01  0.430E+02      1.
 38   2  0.000E+00  0.361E-29 -0.999E+03  0.154E-43  0.220E+10  0.104E+00  0.177E+04  0.621E-01  0.452E+02      1.
 38   3  0.000E+00  0.381E-28 -0.999E+03  0.154E-43  0.333E+10  0.104E+00  0.279E+04  0.621E-01  0.743E+02      1.
 38   4  0.000E+00  0.371E-27 -0.999E+03  0.154E-43  0.466E+10  0.104E+00  0.387E+04  0.621E-01  0.102E+03      1.
 38   5  0.841E-44  0.343E-26 -0.999E+03  0.154E-43  0.614E+10  0.104E+00  0.489E+04  0.621E-01  0.123E+03      1.
 38   6  0.218E-41  0.302E-25 -0.999E+03  0.154E-43  0.786E+10  0.104E+00  0.586E+04  0.621E-01  0.139E+03      1.
 38   7  0.600E-39  0.260E-24 -0.999E+03  0.154E-43  0.985E+10  0.104E+00  0.677E+04  0.621E-01  0.148E+03      1.
 38   8  0.162E-36  0.232E-23 -0.999E+03  0.154E-43  0.121E+11  0.104E+00  0.754E+04  0.621E-01  0.150E+03      1.
 38   9  0.431E-34  0.238E-22 -0.999E+03  0.154E-43  0.149E+11  0.104E+00  0.835E+04  0.621E-01  0.150E+03      1.
 38  10  0.112E-31  0.310E-21 -0.999E+03  0.154E-43  0.188E+11  0.104E+00  0.964E+04  0.620E-01  0.160E+03      1.
 38  11  0.282E-29  0.600E-20 -0.999E+03  0.154E-43  0.244E+11  0.104E+00  0.116E+05  0.620E-01  0.181E+03      1.
 38  12  0.693E-27  0.223E-18 -0.999E+03  0.154E-43  0.308E+11  0.104E+00  0.132E+05  0.620E-01  0.189E+03      1.
 38  13  0.165E-24  0.159E-16 -0.999E+03  0.154E-43  0.363E+11  0.104E+00  0.132E+05  0.620E-01  0.165E+03      1.
 38  14  0.380E-22  0.153E-14 -0.999E+03  0.154E-43  0.407E+11  0.104E+00  0.117E+05  0.619E-01  0.121E+03      1.
 38  15  0.838E-20  0.152E-12 -0.999E+03  0.154E-43  0.449E+11  0.104E+00  0.985E+04  0.619E-01  0.831E+02      1.
 38  16  0.170E-17  0.135E-10 -0.999E+03  0.154E-43  0.479E+11  0.104E+00  0.746E+04  0.618E-01  0.492E+02      1.
 38  17  0.283E-15  0.869E-09 -0.999E+03  0.154E-43  0.471E+11  0.104E+00  0.448E+04  0.619E-01  0.211E+02      1.
 38  18  0.380E-13  0.346E-07 -0.999E+03  0.154E-43  0.442E+11  0.104E+00  0.223E+04  0.620E-01  0.696E+01      1.
 38  19  0.402E-11  0.533E-06 -0.999E+03  0.154E-43  0.417E+11  0.104E+00  0.104E+04  0.623E-01  0.208E+01      1.
 38  20  0.322E-09  0.783E-07 -0.999E+03  0.154E-43  0.398E+11  0.104E+00  0.455E+03  0.572E-01  0.574E+00      1.
 38  21  0.185E-07  0.215E-08 -0.999E+03  0.154E-43  0.381E+11  0.104E+00  0.184E+03  0.374E-01  0.142E+00      1.
 38  22  0.681E-06  0.783E-09 -0.999E+03  0.154E-43  0.369E+11  0.104E+00  0.706E+02  0.188E-01  0.325E-01      1.
 38  23  0.117E-04  0.222E-08 -0.999E+03  0.154E-43  0.347E+11  0.103E+00  0.219E+02  0.859E-02  0.556E-02      1.
 38  24  0.178E-05  0.143E-07 -0.999E+03  0.154E-43  0.310E+11  0.102E+00  0.501E+01  0.408E-02  0.617E-03      1.
 38  25  0.157E-06  0.167E-06 -0.999E+03  0.154E-43  0.270E+11  0.101E+00  0.896E+00  0.226E-02  0.489E-04      1.
 38  26  0.378E-07  0.130E-05 -0.999E+03  0.154E-43  0.225E+11  0.100E+00  0.116E+00  0.156E-02  0.246E-05      1.
 38  27  0.667E-06  0.507E-05 -0.999E+03  0.154E-43  0.184E+11  0.124E-01  0.118E-01  0.129E-02  0.888E-07     64.
 38  28  0.944E-05  0.109E-04 -0.999E+03  0.154E-43  0.157E+11  0.147E-02  0.133E-02  0.121E-02  0.369E-08     64.
 38  29  0.863E-07  0.150E-04 -0.999E+03  0.154E-43  0.142E+11  0.205E-03  0.191E-03  0.123E-02  0.215E-09     32.
 38  30  0.464E-08  0.152E-04 -0.999E+03  0.154E-43  0.133E+11  0.334E-04  0.301E-04  0.128E-02  0.142E-10     32.
 38  31  0.270E-07  0.120E-04 -0.999E+03  0.154E-43  0.129E+11  0.640E-05  0.573E-05  0.134E-02  0.122E-11     16.
 38  32  0.219E-07  0.790E-05 -0.999E+03  0.154E-43  0.138E+11  0.206E-05  0.186E-05  0.140E-02  0.221E-12      8.
 38  33  0.998E-08  0.447E-05 -0.999E+03  0.154E-43  0.165E+11  0.208E-05  0.104E-05  0.145E-02  0.866E-13      8.
 38  34  0.165E-07  0.222E-05 -0.999E+03  0.154E-43  0.201E+11  0.448E-05  0.670E-06  0.150E-02  0.407E-13      4.
 38  35  0.679E-08  0.973E-06 -0.999E+03  0.154E-43  0.235E+11  0.259E-04  0.336E-06  0.154E-02  0.136E-13      4.
 38  36  0.483E-08  0.376E-06 -0.999E+03  0.154E-43  0.265E+11  0.132E-03  0.139E-06  0.158E-02  0.345E-14      4.
 38  37  0.368E-08  0.127E-06 -0.999E+03  0.154E-43  0.306E+11  0.855E-04  0.659E-07  0.161E-02  0.106E-14      2.
 38  38  0.280E-08  0.372E-07 -0.999E+03  0.154E-43  0.378E+11  0.377E-03  0.444E-07  0.163E-02  0.534E-15      2.
 38  39  0.168E-08  0.939E-08 -0.999E+03  0.154E-43  0.498E+11  0.869E-03  0.425E-07  0.165E-02  0.438E-15      2.
 38  40  0.795E-09  0.198E-08 -0.999E+03  0.154E-43  0.687E+11  0.657E-03  0.524E-07  0.167E-02  0.511E-15      1.
 38  41  0.321E-09  0.347E-09 -0.999E+03  0.154E-43  0.967E+11  0.864E-03  0.719E-07  0.169E-02  0.693E-15      1.
 38  42  0.108E-09  0.506E-10 -0.999E+03  0.154E-43  0.135E+12  0.515E-02  0.939E-07  0.170E-02  0.876E-15      2.
 38  43  0.316E-10  0.637E-11 -0.999E+03  0.154E-43  0.184E+12  0.773E-02  0.109E-06  0.171E-02  0.940E-15      2.
 38  44  0.793E-11  0.731E-12 -0.999E+03  0.154E-43  0.248E+12  0.121E-01  0.117E-06  0.172E-02  0.910E-15      2.
 38  45  0.169E-11  0.794E-13 -0.999E+03  0.154E-43  0.330E+12  0.114E-01  0.120E-06  0.172E-02  0.815E-15      1.
 38  46  0.309E-12  0.855E-14 -0.999E+03  0.154E-43  0.432E+12  0.179E-01  0.112E-06  0.173E-02  0.646E-15      1.
 38  47  0.502E-13  0.929E-15 -0.999E+03  0.154E-43  0.558E+12  0.201E-01  0.963E-07  0.173E-02  0.457E-15      1.
 38  48  0.763E-14  0.846E-16 -0.999E+03  0.154E-43  0.716E+12  0.205E-01  0.805E-07  0.174E-02  0.310E-15      1.
 38  49  0.114E-14  0.643E-17 -0.999E+03  0.154E-43  0.925E+12  0.203E-01  0.696E-07  0.174E-02  0.221E-15      1.
 38  50  0.162E-15  0.406E-18 -0.999E+03  0.154E-43  0.121E+13  0.200E-01  0.651E-07  0.175E-02  0.176E-15      1.
 38  51  0.194E-16  0.212E-19 -0.999E+03  0.154E-43  0.160E+13  0.197E-01  0.639E-07  0.175E-02  0.149E-15      1.
 38  52  0.196E-17  0.915E-21 -0.999E+03  0.154E-43  0.210E+13  0.194E-01  0.596E-07  0.175E-02  0.118E-15      1.
 38  53  0.166E-18  0.325E-22 -0.999E+03  0.154E-43  0.267E+13  0.192E-01  0.474E-07  0.175E-02  0.747E-16      1.
 38  54  0.117E-19  0.955E-24 -0.999E+03  0.154E-43  0.330E+13  0.191E-01  0.323E-07  0.175E-02  0.381E-16      1.
 38  55  0.689E-21  0.231E-25 -0.999E+03  0.154E-43  0.408E+13  0.189E-01  0.222E-07  0.176E-02  0.197E-16      1.
 38  56  0.335E-22  0.457E-27 -0.999E+03  0.154E-43  0.517E+13  0.189E-01  0.175E-07  0.176E-02  0.123E-16      1.
 38  57  0.133E-23  0.733E-29 -0.999E+03  0.154E-43  0.688E+13  0.189E-01  0.179E-07  0.176E-02  0.111E-16      1.
 38  58  0.429E-25  0.951E-31 -0.999E+03  0.154E-43  0.929E+13  0.189E-01  0.196E-07  0.176E-02  0.110E-16      1.
 38  59  0.113E-26  0.999E-33 -0.999E+03  0.154E-43  0.135E+14  0.189E-01  0.314E-07  0.176E-02  0.185E-16      1.
 39   1  0.000E+00  0.000E+00 -0.999E+03  0.154E-43  0.178E+10  0.104E+00  0.155E+04  0.621E-01  0.430E+02      1.
 39   2  0.000E+00  0.179E-29 -0.999E+03  0.154E-43  0.220E+10  0.104E+00  0.177E+04  0.621E-01  0.452E+02      1.
 39   3  0.000E+00  0.191E-28 -0.999E+03  0.154E-43  0.333E+10  0.104E+00  0.279E+04  0.621E-01  0.743E+02      1.
 39   4  0.000E+00  0.191E-27 -0.999E+03  0.154E-43  0.466E+10  0.104E+00  0.387E+04  0.621E-01  0.102E+03      1.
 39   5  0.140E-44  0.183E-26 -0.999E+03  0.154E-43  0.614E+10  0.104E+00  0.489E+04  0.621E-01  0.123E+03      1.
 39   6  0.206E-42  0.169E-25 -0.999E+03  0.154E-43  0.786E+10  0.104E+00  0.586E+04  0.621E-01  0.139E+03      1.
 39   7  0.564E-40  0.155E-24 -0.999E+03  0.154E-43  0.985E+10  0.104E+00  0.677E+04  0.621E-01  0.148E+03      1.
 39   8  0.152E-37  0.151E-23 -0.999E+03  0.154E-43  0.121E+11  0.104E+00  0.754E+04  0.621E-01  0.150E+03      1.
 39   9  0.404E-35  0.173E-22 -0.999E+03  0.154E-43  0.149E+11  0.104E+00  0.835E+04  0.621E-01  0.150E+03      1.
 39  10  0.104E-32  0.256E-21 -0.999E+03  0.154E-43  0.188E+11  0.104E+00  0.964E+04  0.620E-01  0.160E+03      1.
 39  11  0.264E-30  0.578E-20 -0.999E+03  0.154E-43  0.244E+11  0.104E+00  0.116E+05  0.620E-01  0.181E+03      1.
 39  12  0.647E-28  0.245E-18 -0.999E+03  0.154E-43  0.308E+11  0.104E+00  0.132E+05  0.620E-01  0.189E+03      1.
 39  13  0.154E-25  0.183E-16 -0.999E+03  0.154E-43  0.363E+11  0.104E+00  0.132E+05  0.620E-01  0.165E+03      1.
 39  14  0.356E-23  0.175E-14 -0.999E+03  0.154E-43  0.407E+11  0.104E+00  0.117E+05  0.619E-01  0.121E+03      1.
 39  15  0.786E-21  0.175E-12 -0.999E+03  0.154E-43  0.449E+11  0.104E+00  0.985E+04  0.619E-01  0.831E+02      1.
 39  16  0.160E-18  0.159E-10 -0.999E+03  0.154E-43  0.479E+11  0.104E+00  0.746E+04  0.618E-01  0.492E+02      1.
 39  17  0.268E-16  0.106E-08 -0.999E+03  0.154E-43  0.471E+11  0.104E+00  0.448E+04  0.619E-01  0.211E+02      1.
 39  18  0.363E-14  0.453E-07 -0.999E+03  0.154E-43  0.442E+11  0.104E+00  0.223E+04  0.620E-01  0.696E+01      1.
 39  19  0.386E-12  0.763E-06 -0.999E+03  0.154E-43  0.417E+11  0.104E+00  0.104E+04  0.623E-01  0.208E+01      1.
 39  20  0.312E-10  0.291E-06 -0.999E+03  0.154E-43  0.398E+11  0.104E+00  0.455E+03  0.572E-01  0.574E+00      1.
 39  21  0.181E-08  0.866E-08 -0.999E+03  0.154E-43  0.381E+11  0.104E+00  0.184E+03  0.374E-01  0.142E+00      1.
 39  22  0.671E-07  0.230E-08 -0.999E+03  0.154E-43  0.369E+11  0.104E+00  0.706E+02  0.188E-01  0.325E-01      1.
 39  23  0.114E-05  0.690E-08 -0.999E+03  0.154E-43  0.347E+11  0.103E+00  0.219E+02  0.859E-02  0.556E-02      1.
 39  24  0.185E-06  0.501E-07 -0.999E+03  0.154E-43  0.310E+11  0.102E+00  0.501E+01  0.408E-02  0.617E-03      1.
 39  25  0.187E-07  0.518E-06 -0.999E+03  0.154E-43  0.270E+11  0.101E+00  0.896E+00  0.226E-02  0.489E-04      1.
 39  26  0.588E-08  0.313E-05 -0.999E+03  0.154E-43  0.225E+11  0.100E+00  0.116E+00  0.156E-02  0.246E-05      1.
 39  27  0.206E-07  0.895E-05 -0.999E+03  0.154E-43  0.184E+11  0.124E-01  0.118E-01  0.129E-02  0.888E-07     64.
 39  28  0.403E-06  0.152E-04 -0.999E+03  0.154E-43  0.157E+11  0.147E-02  0.133E-02  0.121E-02  0.369E-08     64.
 39  29  0.354E-08  0.172E-04 -0.999E+03  0.154E-43  0.142E+11  0.205E-03  0.191E-03  0.123E-02  0.215E-09     32.
 39  30  0.148E-09  0.148E-04 -0.999E+03  0.154E-43  0.133E+11  0.334E-04  0.301E-04  0.128E-02  0.142E-10     32.
 39  31  0.570E-09  0.102E-04 -0.999E+03  0.154E-43  0.129E+11  0.640E-05  0.573E-05  0.134E-02  0.122E-11     16.
 39  32  0.483E-09  0.591E-05 -0.999E+03  0.154E-43  0.138E+11  0.206E-05  0.186E-05  0.140E-02  0.221E-12      8.
 39  33  0.284E-09  0.295E-05 -0.999E+03  0.154E-43  0.165E+11  0.208E-05  0.104E-05  0.145E-02  0.866E-13      8.
 39  34  0.425E-09  0.128E-05 -0.999E+03  0.154E-43  0.201E+11  0.448E-05  0.670E-06  0.150E-02  0.407E-13      4.
 39  35  0.255E-09  0.487E-06 -0.999E+03  0.154E-43  0.235E+11  0.259E-04  0.336E-06  0.154E-02  0.136E-13      4.
 39  36  0.217E-09  0.162E-06 -0.999E+03  0.154E-43  0.265E+11  0.132E-03  0.139E-06  0.158E-02  0.345E-14      4.
 39  37  0.168E-09  0.469E-07 -0.999E+03  0.154E-43  0.306E+11  0.855E-04  0.659E-07  0.161E-02  0.106E-14      2.
 39  38  0.118E-09  0.116E-07 -0.999E+03  0.154E-43  0.378E+11  0.377E-03  0.444E-07  0.163E-02  0.534E-15      2.
 39  39  0.620E-10  0.237E-08 -0.999E+03  0.154E-43  0.498E+11  0.869E-03  0.425E-07  0.165E-02  0.438E-15      2.
 39  40  0.253E-10  0.398E-09 -0.999E+03  0.154E-43  0.687E+11  0.657E-03  0.524E-07  0.167E-02  0.511E-15      1.
 39  41  0.873E-11  0.549E-10 -0.999E+03  0.154E-43  0.967E+11  0.864E-03  0.719E-07  0.169E-02  0.693E-15      1.
 39  42  0.253E-11  0.658E-11 -0.999E+03  0.154E-43  0.135E+12  0.515E-02  0.939E-07  0.170E-02  0.876E-15      2.
 39  43  0.628E-12  0.713E-12 -0.999E+03  0.154E-43  0.184E+12  0.773E-02  0.109E-06  0.171E-02  0.940E-15      2.
 39  44  0.130E-12  0.722E-13 -0.999E+03  0.154E-43  0.248E+12  0.121E-01  0.117E-06  0.172E-02  0.910E-15      2.
 39  45  0.229E-13  0.714E-14 -0.999E+03  0.154E-43  0.330E+12  0.114E-01  0.120E-06  0.172E-02  0.815E-15      1.
 39  46  0.351E-14  0.722E-15 -0.999E+03  0.154E-43  0.432E+12  0.179E-01  0.112E-06  0.173E-02  0.646E-15      1.
 39  47  0.494E-15  0.643E-16 -0.999E+03  0.154E-43  0.558E+12  0.201E-01  0.963E-07  0.173E-02  0.457E-15      1.
 39  48  0.679E-16  0.477E-17 -0.999E+03  0.154E-43  0.716E+12  0.205E-01  0.805E-07  0.174E-02  0.310E-15      1.
 39  49  0.942E-17  0.294E-18 -0.999E+03  0.154E-43  0.925E+12  0.203E-01  0.696E-07  0.174E-02  0.221E-15      1.
 39  50  0.111E-17  0.150E-19 -0.999E+03  0.154E-43  0.121E+13  0.200E-01  0.651E-07  0.175E-02  0.176E-15      1.
 39  51  0.109E-18  0.632E-21 -0.999E+03  0.154E-43  0.160E+13  0.197E-01  0.639E-07  0.175E-02  0.149E-15      1.
 39  52  0.901E-20  0.219E-22 -0.999E+03  0.154E-43  0.210E+13  0.194E-01  0.596E-07  0.175E-02  0.118E-15      1.
 39  53  0.620E-21  0.625E-24 -0.999E+03  0.154E-43  0.267E+13  0.192E-01  0.474E-07  0.175E-02  0.747E-16      1.
 39  54  0.355E-22  0.147E-25 -0.999E+03  0.154E-43  0.330E+13  0.191E-01  0.323E-07  0.175E-02  0.381E-16      1.
 39  55  0.168E-23  0.284E-27 -0.999E+03  0.154E-43  0.408E+13  0.189E-01  0.222E-07  0.176E-02  0.197E-16      1.
 39  56  0.658E-25  0.448E-29 -0.999E+03  0.154E-43  0.517E+13  0.189E-01  0.175E-07  0.176E-02  0.123E-16      1.
 39  57  0.210E-26  0.574E-31 -0.999E+03  0.154E-43  0.688E+13  0.189E-01  0.179E-07  0.176E-02  0.111E-16      1.
 39  58  0.542E-28  0.593E-33 -0.999E+03  0.154E-43  0.929E+13  0.189E-01  0.196E-07  0.176E-02  0.110E-16      1.
 39  59  0.114E-29  0.496E-35 -0.999E+03  0.154E-43  0.135E+14  0.189E-01  0.314E-07  0.176E-02  0.185E-16      1.
 40   1  0.000E+00  0.000E+00 -0.999E+03  0.154E-43  0.178E+10  0.104E+00  0.155E+04  0.621E-01  0.430E+02      1.
 40   2  0.000E+00  0.902E-30 -0.999E+03  0.154E-43  0.220E+10  0.104E+00  0.177E+04  0.621E-01  0.452E+02      1.
 40   3  0.000E+00  0.994E-29 -0.999E+03  0.154E-43  0.333E+10  0.104E+00  0.279E+04  0.621E-01  0.743E+02      1.
 40   4  0.000E+00  0.103E-27 -0.999E+03  0.154E-43  0.466E+10  0.104E+00  0.387E+04  0.621E-01  0.102E+03      1.
 40   5  0.000E+00  0.104E-26 -0.999E+03  0.154E-43  0.614E+10  0.104E+00  0.489E+04  0.621E-01  0.123E+03      1.
 40   6  0.168E-43  0.101E-25 -0.999E+03  0.154E-43  0.786E+10  0.104E+00  0.586E+04  0.621E-01  0.139E+03      1.
 40   7  0.457E-41  0.101E-24 -0.999E+03  0.154E-43  0.985E+10  0.104E+00  0.677E+04  0.621E-01  0.148E+03      1.
 40   8  0.122E-38  0.109E-23 -0.999E+03  0.154E-43  0.121E+11  0.104E+00  0.754E+04  0.621E-01  0.150E+03      1.
 40   9  0.320E-36  0.141E-22 -0.999E+03  0.154E-43  0.149E+11  0.104E+00  0.835E+04  0.621E-01  0.150E+03      1.
 40  10  0.821E-34  0.238E-21 -0.999E+03  0.154E-43  0.188E+11  0.104E+00  0.964E+04  0.620E-01  0.160E+03      1.
 40  11  0.205E-31  0.613E-20 -0.999E+03  0.154E-43  0.244E+11  0.104E+00  0.116E+05  0.620E-01  0.181E+03      1.
 40  12  0.501E-29  0.281E-18 -0.999E+03  0.154E-43  0.308E+11  0.104E+00  0.132E+05  0.620E-01  0.189E+03      1.
 40  13  0.119E-26  0.210E-16 -0.999E+03  0.154E-43  0.363E+11  0.104E+00  0.132E+05  0.620E-01  0.165E+03      1.
 40  14  0.273E-24  0.198E-14 -0.999E+03  0.154E-43  0.407E+11  0.104E+00  0.117E+05  0.619E-01  0.121E+03      1.
 40  15  0.602E-22  0.196E-12 -0.999E+03  0.154E-43  0.449E+11  0.104E+00  0.985E+04  0.619E-01  0.831E+02      1.
 40  16  0.123E-19  0.179E-10 -0.999E+03  0.154E-43  0.479E+11  0.104E+00  0.746E+04  0.618E-01  0.492E+02      1.
 40  17  0.205E-17  0.125E-08 -0.999E+03  0.154E-43  0.471E+11  0.104E+00  0.448E+04  0.619E-01  0.211E+02      1.
 40  18  0.278E-15  0.570E-07 -0.999E+03  0.154E-43  0.442E+11  0.104E+00  0.223E+04  0.620E-01  0.696E+01      1.
 40  19  0.297E-13  0.111E-05 -0.999E+03  0.154E-43  0.417E+11  0.104E+00  0.104E+04  0.623E-01  0.208E+01      1.
 40  20  0.242E-11  0.105E-05 -0.999E+03  0.154E-43  0.398E+11  0.104E+00  0.455E+03  0.572E-01  0.574E+00      1.
 40  21  0.141E-09  0.342E-07 -0.999E+03  0.154E-43  0.381E+11  0.104E+00  0.184E+03  0.374E-01  0.142E+00      1.
 40  22  0.525E-08  0.660E-08 -0.999E+03  0.154E-43  0.369E+11  0.104E+00  0.706E+02  0.188E-01  0.325E-01      1.
 40  23  0.881E-07  0.209E-07 -0.999E+03  0.154E-43  0.347E+11  0.103E+00  0.219E+02  0.859E-02  0.556E-02      1.
 40  24  0.154E-07  0.159E-06 -0.999E+03  0.154E-43  0.310E+11  0.102E+00  0.501E+01  0.408E-02  0.617E-03      1.
 40  25  0.184E-08  0.136E-05 -0.999E+03  0.154E-43  0.270E+11  0.101E+00  0.896E+00  0.226E-02  0.489E-04      1.
 40  26  0.779E-09  0.617E-05 -0.999E+03  0.154E-43  0.225E+11  0.100E+00  0.116E+00  0.156E-02  0.246E-05      1.
 40  27  0.728E-09  0.139E-04 -0.999E+03  0.154E-43  0.184E+11  0.124E-01  0.118E-01  0.129E-02  0.888E-07     64.
 40  28  0.136E-07  0.186E-04 -0.999E+03  0.154E-43  0.157E+11  0.147E-02  0.133E-02  0.121E-02  0.369E-08     64.
 40  29  0.125E-09  0.176E-04 -0.999E+03  0.154E-43  0.142E+11  0.205E-03  0.191E-03  0.123E-02  0.215E-09     32.
 40  30  0.710E-11  0.127E-04 -0.999E+03  0.154E-43  0.133E+11  0.334E-04  0.301E-04  0.128E-02  0.142E-10     32.
 40  31  0.108E-10  0.757E-05 -0.999E+03  0.154E-43  0.129E+11  0.640E-05  0.573E-05  0.134E-02  0.122E-11     16.
 40  32  0.933E-11  0.383E-05 -0.999E+03  0.154E-43  0.138E+11  0.206E-05  0.186E-05  0.140E-02  0.221E-12      8.
 40  33  0.767E-11  0.166E-05 -0.999E+03  0.154E-43  0.165E+11  0.208E-05  0.104E-05  0.145E-02  0.866E-13      8.
 40  34  0.110E-10  0.618E-06 -0.999E+03  0.154E-43  0.201E+11  0.448E-05  0.670E-06  0.150E-02  0.407E-13      4.
 40  35  0.941E-11  0.201E-06 -0.999E+03  0.154E-43  0.235E+11  0.259E-04  0.336E-06  0.154E-02  0.136E-13      4.
 40  36  0.867E-11  0.574E-07 -0.999E+03  0.154E-43  0.265E+11  0.132E-03  0.139E-06  0.158E-02  0.345E-14      4.
 40  37  0.629E-11  0.138E-07 -0.999E+03  0.154E-43  0.306E+11  0.855E-04  0.659E-07  0.161E-02  0.106E-14      2.
 40  38  0.385E-11  0.274E-08 -0.999E+03  0.154E-43  0.378E+11  0.377E-03  0.444E-07  0.163E-02  0.534E-15      2.
 40  39  0.172E-11  0.443E-09 -0.999E+03  0.154E-43  0.498E+11  0.869E-03  0.425E-07  0.165E-02  0.438E-15      2.
 40  40  0.592E-12  0.579E-10 -0.999E+03  0.154E-43  0.687E+11  0.657E-03  0.524E-07  0.167E-02  0.511E-15      1.
 40  41  0.174E-12  0.662E-11 -0.999E+03  0.154E-43  0.967E+11  0.864E-03  0.719E-07  0.169E-02  0.693E-15      1.
 40  42  0.426E-13  0.679E-12 -0.999E+03  0.154E-43  0.135E+12  0.515E-02  0.939E-07  0.170E-02  0.876E-15      2.
 40  43  0.867E-14  0.642E-13 -0.999E+03  0.154E-43  0.184E+12  0.773E-02  0.109E-06  0.171E-02  0.940E-15      2.
 40  44  0.147E-14  0.585E-14 -0.999E+03  0.154E-43  0.248E+12  0.121E-01  0.117E-06  0.172E-02  0.910E-15      2.
 40  45  0.213E-15  0.538E-15 -0.999E+03  0.154E-43  0.330E+12  0.114E-01  0.120E-06  0.172E-02  0.815E-15      1.
 40  46  0.278E-16  0.468E-16 -0.999E+03  0.154E-43  0.432E+12  0.179E-01  0.112E-06  0.173E-02  0.646E-15      1.
 40  47  0.352E-17  0.339E-17 -0.999E+03  0.154E-43  0.558E+12  0.201E-01  0.963E-07  0.173E-02  0.457E-15      1.
 40  48  0.449E-18  0.204E-18 -0.999E+03  0.154E-43  0.716E+12  0.205E-01  0.805E-07  0.174E-02  0.310E-15      1.
 40  49  0.516E-19  0.102E-19 -0.999E+03  0.154E-43  0.925E+12  0.203E-01  0.696E-07  0.174E-02  0.221E-15      1.
 40  50  0.497E-20  0.418E-21 -0.999E+03  0.154E-43  0.121E+13  0.200E-01  0.651E-07  0.175E-02  0.176E-15      1.
 40  51  0.400E-21  0.142E-22 -0.999E+03  0.154E-43  0.160E+13  0.197E-01  0.639E-07  0.175E-02  0.149E-15      1.
 40  52  0.268E-22  0.393E-24 -0.999E+03  0.154E-43  0.210E+13  0.194E-01  0.596E-07  0.175E-02  0.118E-15      1.
 40  53  0.149E-23  0.898E-26 -0.999E+03  0.154E-43  0.267E+13  0.192E-01  0.474E-07  0.175E-02  0.747E-16      1.
 40  54  0.688E-25  0.169E-27 -0.999E+03  0.154E-43  0.330E+13  0.191E-01  0.323E-07  0.175E-02  0.381E-16      1.
 40  55  0.263E-26  0.260E-29 -0.999E+03  0.154E-43  0.408E+13  0.189E-01  0.222E-07  0.176E-02  0.197E-16      1.
 40  56  0.824E-28  0.327E-31 -0.999E+03  0.154E-43  0.517E+13  0.189E-01  0.175E-07  0.176E-02  0.123E-16      1.
 40  57  0.210E-29  0.334E-33 -0.999E+03  0.154E-43  0.688E+13  0.189E-01  0.179E-07  0.176E-02  0.111E-16      1.
 40  58  0.435E-31  0.275E-35 -0.999E+03  0.154E-43  0.929E+13  0.189E-01  0.196E-07  0.176E-02  0.110E-16      1.
 40  59  0.730E-33  0.183E-37 -0.999E+03  0.154E-43  0.135E+14  0.189E-01  0.314E-07  0.176E-02  0.185E-16      1.
 41   1  0.000E+00  0.000E+00 -0.999E+03  0.154E-43  0.178E+10  0.104E+00  0.155E+04  0.621E-01  0.430E+02      1.
 41   2  0.000E+00  0.481E-30 -0.999E+03  0.154E-43  0.220E+10  0.104E+00  0.177E+04  0.621E-01  0.452E+02      1.
 41   3  0.000E+00  0.558E-29 -0.999E+03  0.154E-43  0.333E+10  0.104E+00  0.279E+04  0.621E-01  0.743E+02      1.
 41   4  0.000E+00  0.611E-28 -0.999E+03  0.154E-43  0.466E+10  0.104E+00  0.387E+04  0.621E-01  0.102E+03      1.
 41   5  0.000E+00  0.651E-27 -0.999E+03  0.154E-43  0.614E+10  0.104E+00  0.489E+04  0.621E-01  0.123E+03      1.
 41   6  0.140E-44  0.684E-26 -0.999E+03  0.154E-43  0.786E+10  0.104E+00  0.586E+04  0.621E-01  0.139E+03      1.
 41   7  0.331E-42  0.745E-25 -0.999E+03  0.154E-43  0.985E+10  0.104E+00  0.677E+04  0.621E-01  0.148E+03      1.
 41   8  0.860E-40  0.901E-24 -0.999E+03  0.154E-43  0.121E+11  0.104E+00  0.754E+04  0.621E-01  0.150E+03      1.
 41   9  0.221E-37  0.132E-22 -0.999E+03  0.154E-43  0.149E+11  0.104E+00  0.835E+04  0.621E-01  0.150E+03      1.
 41  10  0.555E-35  0.252E-21 -0.999E+03  0.154E-43  0.188E+11  0.104E+00  0.964E+04  0.620E-01  0.160E+03      1.
 41  11  0.136E-32  0.714E-20 -0.999E+03  0.154E-43  0.244E+11  0.104E+00  0.116E+05  0.620E-01  0.181E+03      1.
 41  12  0.327E-30  0.334E-18 -0.999E+03  0.154E-43  0.308E+11  0.104E+00  0.132E+05  0.620E-01  0.189E+03      1.
 41  13  0.766E-28  0.239E-16 -0.999E+03  0.154E-43  0.363E+11  0.104E+00  0.132E+05  0.620E-01  0.165E+03      1.
 41  14  0.174E-25  0.214E-14 -0.999E+03  0.154E-43  0.407E+11  0.104E+00  0.117E+05  0.619E-01  0.121E+03      1.
 41  15  0.379E-23  0.206E-12 -0.999E+03  0.154E-43  0.449E+11  0.104E+00  0.985E+04  0.619E-01  0.831E+02      1.
 41  16  0.767E-21  0.189E-10 -0.999E+03  0.154E-43  0.479E+11  0.104E+00  0.746E+04  0.618E-01  0.492E+02      1.
 41  17  0.128E-18  0.134E-08 -0.999E+03  0.154E-43  0.471E+11  0.104E+00  0.448E+04  0.619E-01  0.211E+02      1.
 41  18  0.173E-16  0.650E-07 -0.999E+03  0.154E-43  0.442E+11  0.104E+00  0.223E+04  0.620E-01  0.696E+01      1.
 41  19  0.184E-14  0.153E-05 -0.999E+03  0.154E-43  0.417E+11  0.104E+00  0.104E+04  0.623E-01  0.208E+01      1.
 41  20  0.150E-12  0.311E-05 -0.999E+03  0.154E-43  0.398E+11  0.104E+00  0.455E+03  0.572E-01  0.574E+00      1.
 41  21  0.879E-11  0.115E-06 -0.999E+03  0.154E-43  0.381E+11  0.104E+00  0.184E+03  0.374E-01  0.142E+00      1.
 41  22  0.327E-09  0.182E-07 -0.999E+03  0.154E-43  0.369E+11  0.104E+00  0.706E+02  0.188E-01  0.325E-01      1.
 41  23  0.535E-08  0.618E-07 -0.999E+03  0.154E-43  0.347E+11  0.103E+00  0.219E+02  0.859E-02  0.556E-02      1.
 41  24  0.102E-08  0.490E-06 -0.999E+03  0.154E-43  0.310E+11  0.102E+00  0.501E+01  0.408E-02  0.617E-03      1.
 41  25  0.152E-09  0.342E-05 -0.999E+03  0.154E-43  0.270E+11  0.101E+00  0.896E+00  0.226E-02  0.489E-04      1.
 41  26  0.887E-10  0.109E-04 -0.999E+03  0.154E-43  0.225E+11  0.100E+00  0.116E+00  0.156E-02  0.246E-05      1.
 41  27  0.449E-10  0.186E-04 -0.999E+03  0.154E-43  0.184E+11  0.124E-01  0.118E-01  0.129E-02  0.888E-07     64.
 41  28  0.362E-09  0.199E-04 -0.999E+03  0.154E-43  0.157E+11  0.147E-02  0.133E-02  0.121E-02  0.369E-08     64.
 41  29  0.538E-11  0.153E-04 -0.999E+03  0.154E-43  0.142E+11  0.205E-03  0.191E-03  0.123E-02  0.215E-09     32.
 41  30  0.684E-12  0.934E-05 -0.999E+03  0.154E-43  0.133E+11  0.334E-04  0.301E-04  0.128E-02  0.142E-10     32.
 41  31  0.275E-12  0.480E-05 -0.999E+03  0.154E-43  0.129E+11  0.640E-05  0.573E-05  0.134E-02  0.122E-11     16.
 41  32  0.190E-12  0.209E-05 -0.999E+03  0.154E-43  0.138E+11  0.206E-05  0.186E-05  0.140E-02  0.221E-12      8.
 41  33  0.221E-12  0.771E-06 -0.999E+03  0.154E-43  0.165E+11  0.208E-05  0.104E-05  0.145E-02  0.866E-13      8.
 41  34  0.313E-12  0.245E-06 -0.999E+03  0.154E-43  0.201E+11  0.448E-05  0.670E-06  0.150E-02  0.407E-13      4.
 41  35  0.329E-12  0.684E-07 -0.999E+03  0.154E-43  0.235E+11  0.259E-04  0.336E-06  0.154E-02  0.136E-13      4.
 41  36  0.290E-12  0.161E-07 -0.999E+03  0.154E-43  0.265E+11  0.132E-03  0.139E-06  0.158E-02  0.345E-14      4.
 41  37  0.184E-12  0.310E-08 -0.999E+03  0.154E-43  0.306E+11  0.855E-04  0.659E-07  0.161E-02  0.106E-14      2.
 41  38  0.944E-13  0.480E-09 -0.999E+03  0.154E-43  0.378E+11  0.377E-03  0.444E-07  0.163E-02  0.534E-15      2.
 41  39  0.348E-13  0.604E-10 -0.999E+03  0.154E-43  0.498E+11  0.869E-03  0.425E-07  0.165E-02  0.438E-15      2.
 41  40  0.999E-14  0.661E-11 -0.999E+03  0.154E-43  0.687E+11  0.657E-03  0.524E-07  0.167E-02  0.511E-15      1.
 41  41  0.248E-14  0.642E-12 -0.999E+03  0.154E-43  0.967E+11  0.864E-03  0.719E-07  0.169E-02  0.693E-15      1.
 41  42  0.494E-15  0.569E-13 -0.999E+03  0.154E-43  0.135E+12  0.515E-02  0.939E-07  0.170E-02  0.876E-15      2.
 41  43  0.809E-16  0.480E-14 -0.999E+03  0.154E-43  0.184E+12  0.773E-02  0.109E-06  0.171E-02  0.940E-15      2.
 41  44  0.111E-16  0.403E-15 -0.999E+03  0.154E-43  0.248E+12  0.121E-01  0.117E-06  0.172E-02  0.910E-15      2.
 41  45  0.138E-17  0.342E-16 -0.999E+03  0.154E-43  0.330E+12  0.114E-01  0.120E-06  0.172E-02  0.815E-15      1.
 41  46  0.161E-18  0.242E-17 -0.999E+03  0.154E-43  0.432E+12  0.179E-01  0.112E-06  0.173E-02  0.646E-15      1.
 41  47  0.187E-19  0.142E-18 -0.999E+03  0.154E-43  0.558E+12  0.201E-01  0.963E-07  0.173E-02  0.457E-15      1.
 41  48  0.209E-20  0.691E-20 -0.999E+03  0.154E-43  0.716E+12  0.205E-01  0.805E-07  0.174E-02  0.310E-15      1.
 41  49  0.196E-21  0.277E-21 -0.999E+03  0.154E-43  0.925E+12  0.203E-01  0.696E-07  0.174E-02  0.221E-15      1.
 41  50  0.154E-22  0.916E-23 -0.999E+03  0.154E-43  0.121E+13  0.200E-01  0.651E-07  0.175E-02  0.176E-15      1.
 41  51  0.101E-23  0.248E-24 -0.999E+03  0.154E-43  0.160E+13  0.197E-01  0.639E-07  0.175E-02  0.149E-15      1.
 41  52  0.546E-25  0.552E-26 -0.999E+03  0.154E-43  0.210E+13  0.194E-01  0.596E-07  0.175E-02  0.118E-15      1.
 41  53  0.245E-26  0.101E-27 -0.999E+03  0.154E-43  0.267E+13  0.192E-01  0.474E-07  0.175E-02  0.747E-16      1.
 41  54  0.908E-28  0.151E-29 -0.999E+03  0.154E-43  0.330E+13  0.191E-01  0.323E-07  0.175E-02  0.381E-16      1.
 41  55  0.278E-29  0.185E-31 -0.999E+03  0.154E-43  0.408E+13  0.189E-01  0.222E-07  0.176E-02  0.197E-16      1.
 41  56  0.698E-31  0.186E-33 -0.999E+03  0.154E-43  0.517E+13  0.189E-01  0.175E-07  0.176E-02  0.123E-16      1.
 41  57  0.142E-32  0.151E-35 -0.999E+03  0.154E-43  0.688E+13  0.189E-01  0.179E-07  0.176E-02  0.111E-16      1.
 41  58  0.235E-34  0.988E-38 -0.999E+03  0.154E-43  0.929E+13  0.189E-01  0.196E-07  0.176E-02  0.110E-16      1.
 41  59  0.315E-36  0.523E-40 -0.999E+03  0.154E-43  0.135E+14  0.189E-01  0.314E-07  0.176E-02  0.185E-16      1.
 42   1  0.000E+00  0.000E+00 -0.999E+03  0.154E-43  0.178E+10  0.104E+00  0.155E+04  0.621E-01  0.430E+02      1.
 42   2  0.000E+00  0.289E-30 -0.999E+03  0.154E-43  0.220E+10  0.104E+00  0.177E+04  0.621E-01  0.452E+02      1.
 42   3  0.000E+00  0.364E-29 -0.999E+03  0.154E-43  0.333E+10  0.104E+00  0.279E+04  0.621E-01  0.743E+02      1.
 42   4  0.000E+00  0.433E-28 -0.999E+03  0.154E-43  0.466E+10  0.104E+00  0.387E+04  0.621E-01  0.102E+03      1.
 42   5  0.000E+00  0.504E-27 -0.999E+03  0.154E-43  0.614E+10  0.104E+00  0.489E+04  0.621E-01  0.123E+03      1.
 42   6  0.000E+00  0.586E-26 -0.999E+03  0.154E-43  0.786E+10  0.104E+00  0.586E+04  0.621E-01  0.139E+03      1.
 42   7  0.224E-43  0.712E-25 -0.999E+03  0.154E-43  0.985E+10  0.104E+00  0.677E+04  0.621E-01  0.148E+03      1.
 42   8  0.563E-41  0.966E-24 -0.999E+03  0.154E-43  0.121E+11  0.104E+00  0.754E+04  0.621E-01  0.150E+03      1.
 42   9  0.138E-38  0.156E-22 -0.999E+03  0.154E-43  0.149E+11  0.104E+00  0.835E+04  0.621E-01  0.150E+03      1.
 42  10  0.335E-36  0.322E-21 -0.999E+03  0.154E-43  0.188E+11  0.104E+00  0.964E+04  0.620E-01  0.160E+03      1.
 42  11  0.795E-34  0.934E-20 -0.999E+03  0.154E-43  0.244E+11  0.104E+00  0.116E+05  0.620E-01  0.181E+03      1.
 42  12  0.185E-31  0.417E-18 -0.999E+03  0.154E-43  0.308E+11  0.104E+00  0.132E+05  0.620E-01  0.189E+03      1.
 42  13  0.421E-29  0.272E-16 -0.999E+03  0.154E-43  0.363E+11  0.104E+00  0.132E+05  0.620E-01  0.165E+03      1.
 42  14  0.933E-27  0.223E-14 -0.999E+03  0.154E-43  0.407E+11  0.104E+00  0.117E+05  0.619E-01  0.121E+03      1.
 42  15  0.199E-24  0.204E-12 -0.999E+03  0.154E-43  0.449E+11  0.104E+00  0.985E+04  0.619E-01  0.831E+02      1.
 42  16  0.396E-22  0.183E-10 -0.999E+03  0.154E-43  0.479E+11  0.104E+00  0.746E+04  0.618E-01  0.492E+02      1.
 42  17  0.651E-20  0.133E-08 -0.999E+03  0.154E-43  0.471E+11  0.104E+00  0.448E+04  0.619E-01  0.211E+02      1.
 42  18  0.872E-18  0.689E-07 -0.999E+03  0.154E-43  0.442E+11  0.104E+00  0.223E+04  0.620E-01  0.696E+01      1.
 42  19  0.925E-16  0.193E-05 -0.999E+03  0.154E-43  0.417E+11  0.104E+00  0.104E+04  0.623E-01  0.208E+01      1.
 42  20  0.751E-14  0.709E-05 -0.999E+03  0.154E-43  0.398E+11  0.104E+00  0.455E+03  0.572E-01  0.574E+00      1.
 42  21  0.438E-12  0.338E-06 -0.999E+03  0.154E-43  0.381E+11  0.104E+00  0.184E+03  0.374E-01  0.142E+00      1.
 42  22  0.162E-10  0.490E-07 -0.999E+03  0.154E-43  0.369E+11  0.104E+00  0.706E+02  0.188E-01  0.325E-01      1.
 42  23  0.254E-09  0.175E-06 -0.999E+03  0.154E-43  0.347E+11  0.103E+00  0.219E+02  0.859E-02  0.556E-02      1.
 42  24  0.547E-10  0.130E-05 -0.999E+03  0.154E-43  0.310E+11  0.102E+00  0.501E+01  0.408E-02  0.617E-03      1.
 42  25  0.107E-10  0.678E-05 -0.999E+03  0.154E-43  0.270E+11  0.101E+00  0.896E+00  0.226E-02  0.489E-04      1.
 42  26  0.875E-11  0.166E-04 -0.999E+03  0.154E-43  0.225E+11  0.100E+00  0.116E+00  0.156E-02  0.246E-05      1.
 42  27  0.468E-11  0.213E-04 -0.999E+03  0.154E-43  0.184E+11  0.124E-01  0.118E-01  0.129E-02  0.888E-07     64.
 42  28  0.913E-11  0.182E-04 -0.999E+03  0.154E-43  0.157E+11  0.147E-02  0.133E-02  0.121E-02  0.369E-08     64.
 42  29  0.590E-12  0.114E-04 -0.999E+03  0.154E-43  0.142E+11  0.205E-03  0.191E-03  0.123E-02  0.215E-09     32.
 42  30  0.118E-12  0.594E-05 -0.999E+03  0.154E-43  0.133E+11  0.334E-04  0.301E-04  0.128E-02  0.142E-10     32.
 42  31  0.189E-13  0.260E-05 -0.999E+03  0.154E-43  0.129E+11  0.640E-05  0.573E-05  0.134E-02  0.122E-11     16.
 42  32  0.616E-14  0.956E-06 -0.999E+03  0.154E-43  0.138E+11  0.206E-05  0.186E-05  0.140E-02  0.221E-12      8.
 42  33  0.713E-14  0.299E-06 -0.999E+03  0.154E-43  0.165E+11  0.208E-05  0.104E-05  0.145E-02  0.866E-13      8.
 42  34  0.934E-14  0.812E-07 -0.999E+03  0.154E-43  0.201E+11  0.448E-05  0.670E-06  0.150E-02  0.407E-13      4.
 42  35  0.991E-14  0.185E-07 -0.999E+03  0.154E-43  0.235E+11  0.259E-04  0.336E-06  0.154E-02  0.136E-13      4.
 42  36  0.762E-14  0.344E-08 -0.999E+03  0.154E-43  0.265E+11  0.132E-03  0.139E-06  0.158E-02  0.345E-14      4.
 42  37  0.401E-14  0.513E-09 -0.999E+03  0.154E-43  0.306E+11  0.855E-04  0.659E-07  0.161E-02  0.106E-14      2.
 42  38  0.167E-14  0.625E-10 -0.999E+03  0.154E-43  0.378E+11  0.377E-03  0.444E-07  0.163E-02  0.534E-15      2.
 42  39  0.502E-15  0.656E-11 -0.999E+03  0.154E-43  0.498E+11  0.869E-03  0.425E-07  0.165E-02  0.438E-15      2.
 42  40  0.122E-15  0.607E-12 -0.999E+03  0.154E-43  0.687E+11  0.657E-03  0.524E-07  0.167E-02  0.511E-15      1.
 42  41  0.243E-16  0.506E-13 -0.999E+03  0.154E-43  0.967E+11  0.864E-03  0.719E-07  0.169E-02  0.693E-15      1.
 42  42  0.386E-17  0.395E-14 -0.999E+03  0.154E-43  0.135E+12  0.515E-02  0.939E-07  0.170E-02  0.876E-15      2.
 42  43  0.507E-18  0.303E-15 -0.999E+03  0.154E-43  0.184E+12  0.773E-02  0.109E-06  0.171E-02  0.940E-15      2.
 42  44  0.594E-19  0.239E-16 -0.999E+03  0.154E-43  0.248E+12  0.121E-01  0.117E-06  0.172E-02  0.910E-15      2.
 42  45  0.647E-20  0.165E-17 -0.999E+03  0.154E-43  0.330E+12  0.114E-01  0.120E-06  0.172E-02  0.815E-15      1.
 42  46  0.687E-21  0.948E-19 -0.999E+03  0.154E-43  0.432E+12  0.179E-01  0.112E-06  0.173E-02  0.646E-15      1.
 42  47  0.742E-22  0.450E-20 -0.999E+03  0.154E-43  0.558E+12  0.201E-01  0.963E-07  0.173E-02  0.457E-15      1.
 42  48  0.679E-23  0.176E-21 -0.999E+03  0.154E-43  0.716E+12  0.205E-01  0.805E-07  0.174E-02  0.310E-15      1.
 42  49  0.520E-24  0.568E-23 -0.999E+03  0.154E-43  0.925E+12  0.203E-01  0.696E-07  0.174E-02  0.221E-15      1.
 42  50  0.332E-25  0.150E-24 -0.999E+03  0.154E-43  0.121E+13  0.200E-01  0.651E-07  0.175E-02  0.176E-15      1.
 42  51  0.175E-26  0.326E-26 -0.999E+03  0.154E-43  0.160E+13  0.197E-01  0.639E-07  0.175E-02  0.149E-15      1.
 42  52  0.765E-28  0.579E-28 -0.999E+03  0.154E-43  0.210E+13  0.194E-01  0.596E-07  0.175E-02  0.118E-15      1.
 42  53  0.275E-29  0.842E-30 -0.999E+03  0.154E-43  0.267E+13  0.192E-01  0.474E-07  0.175E-02  0.747E-16      1.
 42  54  0.819E-31  0.101E-31 -0.999E+03  0.154E-43  0.330E+13  0.191E-01  0.323E-07  0.175E-02  0.381E-16      1.
 42  55  0.201E-32  0.984E-34 -0.999E+03  0.154E-43  0.408E+13  0.189E-01  0.222E-07  0.176E-02  0.197E-16      1.
 42  56  0.403E-34  0.786E-36 -0.999E+03  0.154E-43  0.517E+13  0.189E-01  0.175E-07  0.176E-02  0.123E-16      1.
 42  57  0.656E-36  0.507E-38 -0.999E+03  0.154E-43  0.688E+13  0.189E-01  0.179E-07  0.176E-02  0.111E-16      1.
 42  58  0.863E-38  0.264E-40 -0.999E+03  0.154E-43  0.929E+13  0.189E-01  0.196E-07  0.176E-02  0.110E-16      1.
 42  59  0.920E-40  0.111E-42 -0.999E+03  0.154E-43  0.135E+14  0.189E-01  0.314E-07  0.176E-02  0.185E-16      1.
 43   1  0.000E+00  0.000E+00 -0.999E+03  0.154E-43  0.178E+10  0.104E+00  0.155E+04  0.621E-01  0.430E+02      1.
 43   2  0.000E+00  0.227E-30 -0.999E+03  0.154E-43  0.220E+10  0.104E+00  0.177E+04  0.621E-01  0.452E+02      1.
 43   3  0.000E+00  0.321E-29 -0.999E+03  0.154E-43  0.333E+10  0.104E+00  0.279E+04  0.621E-01  0.743E+02      1.
 43   4  0.000E+00  0.420E-28 -0.999E+03  0.154E-43  0.466E+10  0.104E+00  0.387E+04  0.621E-01  0.102E+03      1.
 43   5  0.000E+00  0.533E-27 -0.999E+03  0.154E-43  0.614E+10  0.104E+00  0.489E+04  0.621E-01  0.123E+03      1.
 43   6  0.000E+00  0.670E-26 -0.999E+03  0.154E-43  0.786E+10  0.104E+00  0.586E+04  0.621E-01  0.139E+03      1.
 43   7  0.140E-44  0.873E-25 -0.999E+03  0.154E-43  0.985E+10  0.104E+00  0.677E+04  0.621E-01  0.148E+03      1.
 43   8  0.388E-42  0.126E-23 -0.999E+03  0.154E-43  0.121E+11  0.104E+00  0.754E+04  0.621E-01  0.150E+03      1.
 43   9  0.880E-40  0.214E-22 -0.999E+03  0.154E-43  0.149E+11  0.104E+00  0.835E+04  0.621E-01  0.150E+03      1.
 43  10  0.198E-37  0.451E-21 -0.999E+03  0.154E-43  0.188E+11  0.104E+00  0.964E+04  0.620E-01  0.160E+03      1.
 43  11  0.441E-35  0.129E-19 -0.999E+03  0.154E-43  0.244E+11  0.104E+00  0.116E+05  0.620E-01  0.181E+03      1.
 43  12  0.970E-33  0.534E-18 -0.999E+03  0.154E-43  0.308E+11  0.104E+00  0.132E+05  0.620E-01  0.189E+03      1.
 43  13  0.210E-30  0.313E-16 -0.999E+03  0.154E-43  0.363E+11  0.104E+00  0.132E+05  0.620E-01  0.165E+03      1.
 43  14  0.444E-28  0.231E-14 -0.999E+03  0.154E-43  0.407E+11  0.104E+00  0.117E+05  0.619E-01  0.121E+03      1.
 43  15  0.911E-26  0.195E-12 -0.999E+03  0.154E-43  0.449E+11  0.104E+00  0.985E+04  0.619E-01  0.831E+02      1.
 43  16  0.175E-23  0.168E-10 -0.999E+03  0.154E-43  0.479E+11  0.104E+00  0.746E+04  0.618E-01  0.492E+02      1.
 43  17  0.279E-21  0.123E-08 -0.999E+03  0.154E-43  0.471E+11  0.104E+00  0.448E+04  0.619E-01  0.211E+02      1.
 43  18  0.365E-19  0.677E-07 -0.999E+03  0.154E-43  0.442E+11  0.104E+00  0.223E+04  0.620E-01  0.696E+01      1.
 43  19  0.380E-17  0.219E-05 -0.999E+03  0.154E-43  0.417E+11  0.104E+00  0.104E+04  0.623E-01  0.208E+01      1.
 43  20  0.304E-15  0.123E-04 -0.999E+03  0.154E-43  0.398E+11  0.104E+00  0.455E+03  0.572E-01  0.574E+00      1.
 43  21  0.175E-13  0.886E-06 -0.999E+03  0.154E-43  0.381E+11  0.104E+00  0.184E+03  0.374E-01  0.142E+00      1.
 43  22  0.639E-12  0.132E-06 -0.999E+03  0.154E-43  0.369E+11  0.104E+00  0.706E+02  0.188E-01  0.325E-01      1.
 43  23  0.944E-11  0.489E-06 -0.999E+03  0.154E-43  0.347E+11  0.103E+00  0.219E+02  0.859E-02  0.556E-02      1.
 43  24  0.239E-11  0.322E-05 -0.999E+03  0.154E-43  0.310E+11  0.102E+00  0.501E+01  0.408E-02  0.617E-03      1.
 43  25  0.656E-12  0.122E-04 -0.999E+03  0.154E-43  0.270E+11  0.101E+00  0.896E+00  0.226E-02  0.489E-04      1.
 43  26  0.762E-12  0.207E-04 -0.999E+03  0.154E-43  0.225E+11  0.100E+00  0.116E+00  0.156E-02  0.246E-05      1.
 43  27  0.547E-12  0.205E-04 -0.999E+03  0.154E-43  0.184E+11  0.124E-01  0.118E-01  0.129E-02  0.888E-07     64.
 43  28  0.460E-12  0.132E-04 -0.999E+03  0.154E-43  0.157E+11  0.147E-02  0.133E-02  0.121E-02  0.369E-08     64.
 43  29  0.108E-12  0.691E-05 -0.999E+03  0.154E-43  0.142E+11  0.205E-03  0.191E-03  0.123E-02  0.215E-09     32.
 43  30  0.248E-13  0.301E-05 -0.999E+03  0.154E-43  0.133E+11  0.334E-04  0.301E-04  0.128E-02  0.142E-10     32.
 43  31  0.294E-14  0.110E-05 -0.999E+03  0.154E-43  0.129E+11  0.640E-05  0.573E-05  0.134E-02  0.122E-11     16.
 43  32  0.469E-15  0.341E-06 -0.999E+03  0.154E-43  0.138E+11  0.206E-05  0.186E-05  0.140E-02  0.221E-12      8.
 43  33  0.275E-15  0.907E-07 -0.999E+03  0.154E-43  0.165E+11  0.208E-05  0.104E-05  0.145E-02  0.866E-13      8.
 43  34  0.269E-15  0.199E-07 -0.999E+03  0.154E-43  0.201E+11  0.448E-05  0.670E-06  0.150E-02  0.407E-13      4.
 43  35  0.241E-15  0.357E-08 -0.999E+03  0.154E-43  0.235E+11  0.259E-04  0.336E-06  0.154E-02  0.136E-13      4.
 43  36  0.153E-15  0.509E-09 -0.999E+03  0.154E-43  0.265E+11  0.132E-03  0.139E-06  0.158E-02  0.345E-14      4.
 43  37  0.639E-16  0.600E-10 -0.999E+03  0.154E-43  0.306E+11  0.855E-04  0.659E-07  0.161E-02  0.106E-14      2.
 43  38  0.214E-16  0.608E-11 -0.999E+03  0.154E-43  0.378E+11  0.377E-03  0.444E-07  0.163E-02  0.534E-15      2.
 43  39  0.533E-17  0.536E-12 -0.999E+03  0.154E-43  0.498E+11  0.869E-03  0.425E-07  0.165E-02  0.438E-15      2.
 43  40  0.103E-17  0.422E-13 -0.999E+03  0.154E-43  0.687E+11  0.657E-03  0.524E-07  0.167E-02  0.511E-15      1.
 43  41  0.162E-18  0.307E-14 -0.999E+03  0.154E-43  0.967E+11  0.864E-03  0.719E-07  0.169E-02  0.693E-15      1.
 43  42  0.206E-19  0.216E-15 -0.999E+03  0.154E-43  0.135E+12  0.515E-02  0.939E-07  0.170E-02  0.876E-15      2.
 43  43  0.229E-20  0.154E-16 -0.999E+03  0.154E-43  0.184E+12  0.773E-02  0.109E-06  0.171E-02  0.940E-15      2.
 43  44  0.233E-21  0.104E-17 -0.999E+03  0.154E-43  0.248E+12  0.121E-01  0.117E-06  0.172E-02  0.910E-15      2.
 43  45  0.229E-22  0.583E-19 -0.999E+03  0.154E-43  0.330E+12  0.114E-01  0.120E-06  0.172E-02  0.815E-15      1.
 43  46  0.227E-23  0.270E-20 -0.999E+03  0.154E-43  0.432E+12  0.179E-01  0.112E-06  0.173E-02  0.646E-15      1.
 43  47  0.201E-24  0.103E-21 -0.999E+03  0.154E-43  0.558E+12  0.201E-01  0.963E-07  0.173E-02  0.457E-15      1.
 43  48  0.150E-25  0.323E-23 -0.999E+03  0.154E-43  0.716E+12  0.205E-01  0.805E-07  0.174E-02  0.310E-15      1.
 43  49  0.931E-27  0.835E-25 -0.999E+03  0.154E-43  0.925E+12  0.203E-01  0.696E-07  0.174E-02  0.221E-15      1.
 43  50  0.479E-28  0.177E-26 -0.999E+03  0.154E-43  0.121E+13  0.200E-01  0.651E-07  0.175E-02  0.176E-15      1.
 43  51  0.204E-29  0.306E-28 -0.999E+03  0.154E-43  0.160E+13  0.197E-01  0.639E-07  0.175E-02  0.149E-15      1.
 43  52  0.714E-31  0.434E-30 -0.999E+03  0.154E-43  0.210E+13  0.194E-01  0.596E-07  0.175E-02  0.118E-15      1.
 43  53  0.206E-32  0.503E-32 -0.999E+03  0.154E-43  0.267E+13  0.192E-01  0.474E-07  0.175E-02  0.747E-16      1.
 43  54  0.490E-34  0.478E-34 -0.999E+03  0.154E-43  0.330E+13  0.191E-01  0.323E-07  0.175E-02  0.381E-16      1.
 43  55  0.960E-36  0.373E-36 -0.999E+03  0.154E-43  0.408E+13  0.189E-01  0.222E-07  0.176E-02  0.197E-16      1.
 43  56  0.154E-37  0.237E-38 -0.999E+03  0.154E-43  0.517E+13  0.189E-01  0.175E-07  0.176E-02  0.123E-16      1.
 43  57  0.200E-39  0.122E-40 -0.999E+03  0.154E-43  0.688E+13  0.189E-01  0.179E-07  0.176E-02  0.111E-16      1.
 43  58  0.209E-41  0.504E-43 -0.999E+03  0.154E-43  0.929E+13  0.189E-01  0.196E-07  0.176E-02  0.110E-16      1.
 43  59  0.182E-43  0.000E+00 -0.999E+03  0.154E-43  0.135E+14  0.189E-01  0.314E-07  0.176E-02  0.185E-16      1.
 44   1  0.000E+00  0.000E+00 -0.999E+03  0.154E-43  0.178E+10  0.104E+00  0.155E+04  0.621E-01  0.430E+02      1.
 44   2  0.000E+00  0.286E-30 -0.999E+03  0.154E-43  0.220E+10  0.104E+00  0.177E+04  0.621E-01  0.452E+02      1.
 44   3  0.000E+00  0.447E-29 -0.999E+03  0.154E-43  0.333E+10  0.104E+00  0.279E+04  0.621E-01  0.743E+02      1.
 44   4  0.000E+00  0.618E-28 -0.999E+03  0.154E-43  0.466E+10  0.104E+00  0.387E+04  0.621E-01  0.102E+03      1.
 44   5  0.000E+00  0.809E-27 -0.999E+03  0.154E-43  0.614E+10  0.104E+00  0.489E+04  0.621E-01  0.123E+03      1.
 44   6  0.000E+00  0.103E-25 -0.999E+03  0.154E-43  0.786E+10  0.104E+00  0.586E+04  0.621E-01  0.139E+03      1.
 44   7  0.000E+00  0.135E-24 -0.999E+03  0.154E-43  0.985E+10  0.104E+00  0.677E+04  0.621E-01  0.148E+03      1.
 44   8  0.364E-43  0.194E-23 -0.999E+03  0.154E-43  0.121E+11  0.104E+00  0.754E+04  0.621E-01  0.150E+03      1.
 44   9  0.667E-41  0.326E-22 -0.999E+03  0.154E-43  0.149E+11  0.104E+00  0.835E+04  0.621E-01  0.150E+03      1.
 44  10  0.131E-38  0.673E-21 -0.999E+03  0.154E-43  0.188E+11  0.104E+00  0.964E+04  0.620E-01  0.160E+03      1.
 44  11  0.261E-36  0.181E-19 -0.999E+03  0.154E-43  0.244E+11  0.104E+00  0.116E+05  0.620E-01  0.181E+03      1.
 44  12  0.519E-34  0.682E-18 -0.999E+03  0.154E-43  0.308E+11  0.104E+00  0.132E+05  0.620E-01  0.189E+03      1.
 44  13  0.103E-31  0.354E-16 -0.999E+03  0.154E-43  0.363E+11  0.104E+00  0.132E+05  0.620E-01  0.165E+03      1.
 44  14  0.202E-29  0.233E-14 -0.999E+03  0.154E-43  0.407E+11  0.104E+00  0.117E+05  0.619E-01  0.121E+03      1.
 44  15  0.387E-27  0.176E-12 -0.999E+03  0.154E-43  0.449E+11  0.104E+00  0.985E+04  0.619E-01  0.831E+02      1.
 44  16  0.701E-25  0.140E-10 -0.999E+03  0.154E-43  0.479E+11  0.104E+00  0.746E+04  0.618E-01  0.492E+02      1.
 44  17  0.107E-22  0.100E-08 -0.999E+03  0.154E-43  0.471E+11  0.104E+00  0.448E+04  0.619E-01  0.211E+02      1.
 44  18  0.134E-20  0.575E-07 -0.999E+03  0.154E-43  0.442E+11  0.104E+00  0.223E+04  0.620E-01  0.696E+01      1.
 44  19  0.135E-18  0.212E-05 -0.999E+03  0.154E-43  0.417E+11  0.104E+00  0.104E+04  0.623E-01  0.208E+01      1.
 44  20  0.105E-16  0.161E-04 -0.999E+03  0.154E-43  0.398E+11  0.104E+00  0.455E+03  0.572E-01  0.574E+00      1.
 44  21  0.591E-15  0.197E-05 -0.999E+03  0.154E-43  0.381E+11  0.104E+00  0.184E+03  0.374E-01  0.142E+00      1.
 44  22  0.211E-13  0.361E-06 -0.999E+03  0.154E-43  0.369E+11  0.104E+00  0.706E+02  0.188E-01  0.325E-01      1.
 44  23  0.288E-12  0.133E-05 -0.999E+03  0.154E-43  0.347E+11  0.103E+00  0.219E+02  0.859E-02  0.556E-02      1.
 44  24  0.887E-13  0.698E-05 -0.999E+03  0.154E-43  0.310E+11  0.102E+00  0.501E+01  0.408E-02  0.617E-03      1.
 44  25  0.360E-13  0.181E-04 -0.999E+03  0.154E-43  0.270E+11  0.101E+00  0.896E+00  0.226E-02  0.489E-04      1.
 44  26  0.592E-13  0.215E-04 -0.999E+03  0.154E-43  0.225E+11  0.100E+00  0.116E+00  0.156E-02  0.246E-05      1.
 44  27  0.603E-13  0.152E-04 -0.999E+03  0.154E-43  0.184E+11  0.124E-01  0.118E-01  0.129E-02  0.888E-07     64.
 44  28  0.545E-13  0.795E-05 -0.999E+03  0.154E-43  0.157E+11  0.147E-02  0.133E-02  0.121E-02  0.369E-08     64.
 44  29  0.193E-13  0.342E-05 -0.999E+03  0.154E-43  0.142E+11  0.205E-03  0.191E-03  0.123E-02  0.215E-09     32.
 44  30  0.454E-14  0.123E-05 -0.999E+03  0.154E-43  0.133E+11  0.334E-04  0.301E-04  0.128E-02  0.142E-10     32.
 44  31  0.498E-15  0.375E-06 -0.999E+03  0.154E-43  0.129E+11  0.640E-05  0.573E-05  0.134E-02  0.122E-11     16.
 44  32  0.607E-16  0.981E-07 -0.999E+03  0.154E-43  0.138E+11  0.206E-05  0.186E-05  0.140E-02  0.221E-12      8.
 44  33  0.170E-16  0.209E-07 -0.999E+03  0.154E-43  0.165E+11  0.208E-05  0.104E-05  0.145E-02  0.866E-13      8.
 44  34  0.953E-17  0.357E-08 -0.999E+03  0.154E-43  0.201E+11  0.448E-05  0.670E-06  0.150E-02  0.407E-13      4.
 44  35  0.583E-17  0.482E-09 -0.999E+03  0.154E-43  0.235E+11  0.259E-04  0.336E-06  0.154E-02  0.136E-13      4.
 44  36  0.273E-17  0.550E-10 -0.999E+03  0.154E-43  0.265E+11  0.132E-03  0.139E-06  0.158E-02  0.345E-14      4.
 44  37  0.875E-18  0.538E-11 -0.999E+03  0.154E-43  0.306E+11  0.855E-04  0.659E-07  0.161E-02  0.106E-14      2.
 44  38  0.236E-18  0.455E-12 -0.999E+03  0.154E-43  0.378E+11  0.377E-03  0.444E-07  0.163E-02  0.534E-15      2.
 44  39  0.472E-19  0.340E-13 -0.999E+03  0.154E-43  0.498E+11  0.869E-03  0.425E-07  0.165E-02  0.438E-15      2.
 44  40  0.703E-20  0.231E-14 -0.999E+03  0.154E-43  0.687E+11  0.657E-03  0.524E-07  0.167E-02  0.511E-15      1.
 44  41  0.877E-21  0.149E-15 -0.999E+03  0.154E-43  0.967E+11  0.864E-03  0.719E-07  0.169E-02  0.693E-15      1.
 44  42  0.937E-22  0.968E-17 -0.999E+03  0.154E-43  0.135E+12  0.515E-02  0.939E-07  0.170E-02  0.876E-15      2.
 44  43  0.904E-23  0.638E-18 -0.999E+03  0.154E-43  0.184E+12  0.773E-02  0.109E-06  0.171E-02  0.940E-15      2.
 44  44  0.824E-24  0.349E-19 -0.999E+03  0.154E-43  0.248E+12  0.121E-01  0.117E-06  0.172E-02  0.910E-15      2.
 44  45  0.751E-25  0.157E-20 -0.999E+03  0.154E-43  0.330E+12  0.114E-01  0.120E-06  0.172E-02  0.815E-15      1.
 44  46  0.650E-26  0.585E-22 -0.999E+03  0.154E-43  0.432E+12  0.179E-01  0.112E-06  0.173E-02  0.646E-15      1.
 44  47  0.473E-27  0.179E-23 -0.999E+03  0.154E-43  0.558E+12  0.201E-01  0.963E-07  0.173E-02  0.457E-15      1.
 44  48  0.286E-28  0.451E-25 -0.999E+03  0.154E-43  0.716E+12  0.205E-01  0.805E-07  0.174E-02  0.310E-15      1.
 44  49  0.144E-29  0.932E-27 -0.999E+03  0.154E-43  0.925E+12  0.203E-01  0.696E-07  0.174E-02  0.221E-15      1.
 44  50  0.597E-31  0.157E-28 -0.999E+03  0.154E-43  0.121E+13  0.200E-01  0.651E-07  0.175E-02  0.176E-15      1.
 44  51  0.204E-32  0.218E-30 -0.999E+03  0.154E-43  0.160E+13  0.197E-01  0.639E-07  0.175E-02  0.149E-15      1.
 44  52  0.573E-34  0.246E-32 -0.999E+03  0.154E-43  0.210E+13  0.194E-01  0.596E-07  0.175E-02  0.118E-15      1.
 44  53  0.133E-35  0.227E-34 -0.999E+03  0.154E-43  0.267E+13  0.192E-01  0.474E-07  0.175E-02  0.747E-16      1.
 44  54  0.252E-37  0.172E-36 -0.999E+03  0.154E-43  0.330E+13  0.191E-01  0.323E-07  0.175E-02  0.381E-16      1.
 44  55  0.394E-39  0.106E-38 -0.999E+03  0.154E-43  0.408E+13  0.189E-01  0.222E-07  0.176E-02  0.197E-16      1.
 44  56  0.503E-41  0.538E-41 -0.999E+03  0.154E-43  0.517E+13  0.189E-01  0.175E-07  0.176E-02  0.123E-16      1.
 44  57  0.518E-43  0.224E-43 -0.999E+03  0.154E-43  0.688E+13  0.189E-01  0.179E-07  0.176E-02  0.111E-16      1.
 44  58  0.000E+00  0.000E+00 -0.999E+03  0.154E-43  0.929E+13  0.189E-01  0.196E-07  0.176E-02  0.110E-16      1.
 44  59  0.000E+00  0.000E+00 -0.999E+03  0.154E-43  0.135E+14  0.189E-01  0.314E-07  0.176E-02  0.185E-16      1.
 45   1  0.000E+00  0.000E+00 -0.999E+03  0.154E-43  0.178E+10  0.104E+00  0.155E+04  0.621E-01  0.430E+02      1.
 45   2  0.000E+00  0.554E-30 -0.999E+03  0.154E-43  0.220E+10  0.104E+00  0.177E+04  0.621E-01  0.452E+02      1.
 45   3  0.000E+00  0.892E-29 -0.999E+03  0.154E-43  0.333E+10  0.104E+00  0.279E+04  0.621E-01  0.743E+02      1.
 45   4  0.000E+00  0.123E-27 -0.999E+03  0.154E-43  0.466E+10  0.104E+00  0.387E+04  0.621E-01  0.102E+03      1.
 45   5  0.000E+00  0.158E-26 -0.999E+03  0.154E-43  0.614E+10  0.104E+00  0.489E+04  0.621E-01  0.123E+03      1.
 45   6  0.000E+00  0.194E-25 -0.999E+03  0.154E-43  0.786E+10  0.104E+00  0.586E+04  0.621E-01  0.139E+03      1.
 45   7  0.000E+00  0.242E-24 -0.999E+03  0.154E-43  0.985E+10  0.104E+00  0.677E+04  0.621E-01  0.148E+03      1.
 45   8  0.841E-44  0.331E-23 -0.999E+03  0.154E-43  0.121E+11  0.104E+00  0.754E+04  0.621E-01  0.150E+03      1.
 45   9  0.793E-42  0.527E-22 -0.999E+03  0.154E-43  0.149E+11  0.104E+00  0.835E+04  0.621E-01  0.150E+03      1.
 45  10  0.115E-39  0.103E-20 -0.999E+03  0.154E-43  0.188E+11  0.104E+00  0.964E+04  0.620E-01  0.160E+03      1.
 45  11  0.187E-37  0.255E-19 -0.999E+03  0.154E-43  0.244E+11  0.104E+00  0.116E+05  0.620E-01  0.181E+03      1.
 45  12  0.315E-35  0.851E-18 -0.999E+03  0.154E-43  0.308E+11  0.104E+00  0.132E+05  0.620E-01  0.189E+03      1.
 45  13  0.542E-33  0.387E-16 -0.999E+03  0.154E-43  0.363E+11  0.104E+00  0.132E+05  0.620E-01  0.165E+03      1.
 45  14  0.938E-31  0.225E-14 -0.999E+03  0.154E-43  0.407E+11  0.104E+00  0.117E+05  0.619E-01  0.121E+03      1.
 45  15  0.162E-28  0.152E-12 -0.999E+03  0.154E-43  0.449E+11  0.104E+00  0.985E+04  0.619E-01  0.831E+02      1.
 45  16  0.267E-26  0.110E-10 -0.999E+03  0.154E-43  0.479E+11  0.104E+00  0.746E+04  0.618E-01  0.492E+02      1.
 45  17  0.376E-24  0.737E-09 -0.999E+03  0.154E-43  0.471E+11  0.104E+00  0.448E+04  0.619E-01  0.211E+02      1.
 45  18  0.444E-22  0.421E-07 -0.999E+03  0.154E-43  0.442E+11  0.104E+00  0.223E+04  0.620E-01  0.696E+01      1.
 45  19  0.425E-20  0.171E-05 -0.999E+03  0.154E-43  0.417E+11  0.104E+00  0.104E+04  0.623E-01  0.208E+01      1.
 45  20  0.317E-18  0.163E-04 -0.999E+03  0.154E-43  0.398E+11  0.104E+00  0.455E+03  0.572E-01  0.574E+00      1.
 45  21  0.173E-16  0.373E-05 -0.999E+03  0.154E-43  0.381E+11  0.104E+00  0.184E+03  0.374E-01  0.142E+00      1.
 45  22  0.601E-15  0.999E-06 -0.999E+03  0.154E-43  0.369E+11  0.104E+00  0.706E+02  0.188E-01  0.325E-01      1.
 45  23  0.748E-14  0.359E-05 -0.999E+03  0.154E-43  0.347E+11  0.103E+00  0.219E+02  0.859E-02  0.556E-02      1.
 45  24  0.287E-14  0.129E-04 -0.999E+03  0.154E-43  0.310E+11  0.102E+00  0.501E+01  0.408E-02  0.617E-03      1.
 45  25  0.179E-14  0.214E-04 -0.999E+03  0.154E-43  0.270E+11  0.101E+00  0.896E+00  0.226E-02  0.489E-04      1.
 45  26  0.416E-14  0.179E-04 -0.999E+03  0.154E-43  0.225E+11  0.100E+00  0.116E+00  0.156E-02  0.246E-05      1.
 45  27  0.606E-14  0.902E-05 -0.999E+03  0.154E-43  0.184E+11  0.124E-01  0.118E-01  0.129E-02  0.888E-07     64.
 45  28  0.718E-14  0.376E-05 -0.999E+03  0.154E-43  0.157E+11  0.147E-02  0.133E-02  0.121E-02  0.369E-08     64.
 45  29  0.295E-14  0.130E-05 -0.999E+03  0.154E-43  0.142E+11  0.205E-03  0.191E-03  0.123E-02  0.215E-09     32.
 45  30  0.666E-15  0.386E-06 -0.999E+03  0.154E-43  0.133E+11  0.334E-04  0.301E-04  0.128E-02  0.142E-10     32.
 45  31  0.700E-16  0.975E-07 -0.999E+03  0.154E-43  0.129E+11  0.640E-05  0.573E-05  0.134E-02  0.122E-11     16.
 45  32  0.771E-17  0.200E-07 -0.999E+03  0.154E-43  0.138E+11  0.206E-05  0.186E-05  0.140E-02  0.221E-12      8.
 45  33  0.168E-17  0.325E-08 -0.999E+03  0.154E-43  0.165E+11  0.208E-05  0.104E-05  0.145E-02  0.866E-13      8.
 45  34  0.678E-18  0.417E-09 -0.999E+03  0.154E-43  0.201E+11  0.448E-05  0.670E-06  0.150E-02  0.407E-13      4.
 45  35  0.270E-18  0.456E-10 -0.999E+03  0.154E-43  0.235E+11  0.259E-04  0.336E-06  0.154E-02  0.136E-13      4.
 45  36  0.873E-19  0.429E-11 -0.999E+03  0.154E-43  0.265E+11  0.132E-03  0.139E-06  0.158E-02  0.345E-14      4.
 45  37  0.223E-19  0.348E-12 -0.999E+03  0.154E-43  0.306E+11  0.855E-04  0.659E-07  0.161E-02  0.106E-14      2.
 45  38  0.447E-20  0.247E-13 -0.999E+03  0.154E-43  0.378E+11  0.377E-03  0.444E-07  0.163E-02  0.534E-15      2.
 45  39  0.666E-21  0.158E-14 -0.999E+03  0.154E-43  0.498E+11  0.869E-03  0.425E-07  0.165E-02  0.438E-15      2.
 45  40  0.786E-22  0.944E-16 -0.999E+03  0.154E-43  0.687E+11  0.657E-03  0.524E-07  0.167E-02  0.511E-15      1.
 45  41  0.817E-23  0.556E-17 -0.999E+03  0.154E-43  0.967E+11  0.864E-03  0.719E-07  0.169E-02  0.693E-15      1.
 45  42  0.756E-24  0.340E-18 -0.999E+03  0.154E-43  0.135E+12  0.515E-02  0.939E-07  0.170E-02  0.876E-15      2.
 45  43  0.655E-25  0.181E-19 -0.999E+03  0.154E-43  0.184E+12  0.773E-02  0.109E-06  0.171E-02  0.940E-15      2.
 45  44  0.559E-26  0.799E-21 -0.999E+03  0.154E-43  0.248E+12  0.121E-01  0.117E-06  0.172E-02  0.910E-15      2.
 45  45  0.485E-27  0.290E-22 -0.999E+03  0.154E-43  0.330E+12  0.114E-01  0.120E-06  0.172E-02  0.815E-15      1.
 45  46  0.350E-28  0.865E-24 -0.999E+03  0.154E-43  0.432E+12  0.179E-01  0.112E-06  0.173E-02  0.646E-15      1.
 45  47  0.209E-29  0.212E-25 -0.999E+03  0.154E-43  0.558E+12  0.201E-01  0.963E-07  0.173E-02  0.457E-15      1.
 45  48  0.103E-30  0.427E-27 -0.999E+03  0.154E-43  0.716E+12  0.205E-01  0.805E-07  0.174E-02  0.310E-15      1.
 45  49  0.422E-32  0.703E-29 -0.999E+03  0.154E-43  0.925E+12  0.203E-01  0.696E-07  0.174E-02  0.221E-15      1.
 45  50  0.141E-33  0.948E-31 -0.999E+03  0.154E-43  0.121E+13  0.200E-01  0.651E-07  0.175E-02  0.176E-15      1.
 45  51  0.389E-35  0.104E-32 -0.999E+03  0.154E-43  0.160E+13  0.197E-01  0.639E-07  0.175E-02  0.149E-15      1.
 45  52  0.879E-37  0.939E-35 -0.999E+03  0.154E-43  0.210E+13  0.194E-01  0.596E-07  0.175E-02  0.118E-15      1.
 45  53  0.163E-38  0.690E-37 -0.999E+03  0.154E-43  0.267E+13  0.192E-01  0.474E-07  0.175E-02  0.747E-16      1.
 45  54  0.248E-40  0.415E-39 -0.999E+03  0.154E-43  0.330E+13  0.191E-01  0.323E-07  0.175E-02  0.381E-16      1.
 45  55  0.308E-42  0.205E-41 -0.999E+03  0.154E-43  0.408E+13  0.189E-01  0.222E-07  0.176E-02  0.197E-16      1.
 45  56  0.280E-44  0.841E-44 -0.999E+03  0.154E-43  0.517E+13  0.189E-01  0.175E-07  0.176E-02  0.123E-16      1.
 45  57  0.000E+00  0.000E+00 -0.999E+03  0.154E-43  0.688E+13  0.189E-01  0.179E-07  0.176E-02  0.111E-16      1.
 45  58  0.000E+00  0.000E+00 -0.999E+03  0.154E-43  0.929E+13  0.189E-01  0.196E-07  0.176E-02  0.110E-16      1.
 45  59  0.000E+00  0.000E+00 -0.999E+03  0.154E-43  0.135E+14  0.189E-01  0.314E-07  0.176E-02  0.185E-16      1.
 46   1  0.000E+00  0.000E+00 -0.999E+03  0.154E-43  0.178E+10  0.104E+00  0.155E+04  0.621E-01  0.430E+02      1.
 46   2  0.000E+00  0.123E-29 -0.999E+03  0.154E-43  0.220E+10  0.104E+00  0.177E+04  0.621E-01  0.452E+02      1.
 46   3  0.000E+00  0.197E-28 -0.999E+03  0.154E-43  0.333E+10  0.104E+00  0.279E+04  0.621E-01  0.743E+02      1.
 46   4  0.000E+00  0.266E-27 -0.999E+03  0.154E-43  0.466E+10  0.104E+00  0.387E+04  0.621E-01  0.102E+03      1.
 46   5  0.000E+00  0.330E-26 -0.999E+03  0.154E-43  0.614E+10  0.104E+00  0.489E+04  0.621E-01  0.123E+03      1.
 46   6  0.000E+00  0.390E-25 -0.999E+03  0.154E-43  0.786E+10  0.104E+00  0.586E+04  0.621E-01  0.139E+03      1.
 46   7  0.000E+00  0.462E-24 -0.999E+03  0.154E-43  0.985E+10  0.104E+00  0.677E+04  0.621E-01  0.148E+03      1.
 46   8  0.701E-44  0.590E-23 -0.999E+03  0.154E-43  0.121E+11  0.104E+00  0.754E+04  0.621E-01  0.150E+03      1.
 46   9  0.240E-42  0.871E-22 -0.999E+03  0.154E-43  0.149E+11  0.104E+00  0.835E+04  0.621E-01  0.150E+03      1.
 46  10  0.175E-40  0.156E-20 -0.999E+03  0.154E-43  0.188E+11  0.104E+00  0.964E+04  0.620E-01  0.160E+03      1.
 46  11  0.191E-38  0.347E-19 -0.999E+03  0.154E-43  0.244E+11  0.104E+00  0.116E+05  0.620E-01  0.181E+03      1.
 46  12  0.244E-36  0.101E-17 -0.999E+03  0.154E-43  0.308E+11  0.104E+00  0.132E+05  0.620E-01  0.189E+03      1.
 46  13  0.335E-34  0.394E-16 -0.999E+03  0.154E-43  0.363E+11  0.104E+00  0.132E+05  0.620E-01  0.165E+03      1.
 46  14  0.479E-32  0.199E-14 -0.999E+03  0.154E-43  0.407E+11  0.104E+00  0.117E+05  0.619E-01  0.121E+03      1.
 46  15  0.702E-30  0.119E-12 -0.999E+03  0.154E-43  0.449E+11  0.104E+00  0.985E+04  0.619E-01  0.831E+02      1.
 46  16  0.101E-27  0.772E-11 -0.999E+03  0.154E-43  0.479E+11  0.104E+00  0.746E+04  0.618E-01  0.492E+02      1.
 46  17  0.127E-25  0.473E-09 -0.999E+03  0.154E-43  0.471E+11  0.104E+00  0.448E+04  0.619E-01  0.211E+02      1.
 46  18  0.137E-23  0.256E-07 -0.999E+03  0.154E-43  0.442E+11  0.104E+00  0.223E+04  0.620E-01  0.696E+01      1.
 46  19  0.122E-21  0.110E-05 -0.999E+03  0.154E-43  0.417E+11  0.104E+00  0.104E+04  0.623E-01  0.208E+01      1.
 46  20  0.855E-20  0.134E-04 -0.999E+03  0.154E-43  0.398E+11  0.104E+00  0.455E+03  0.572E-01  0.574E+00      1.
 46  21  0.445E-18  0.638E-05 -0.999E+03  0.154E-43  0.381E+11  0.104E+00  0.184E+03  0.374E-01  0.142E+00      1.
 46  22  0.150E-16  0.279E-05 -0.999E+03  0.154E-43  0.369E+11  0.104E+00  0.706E+02  0.188E-01  0.325E-01      1.
 46  23  0.169E-15  0.791E-05 -0.999E+03  0.154E-43  0.347E+11  0.103E+00  0.219E+02  0.859E-02  0.556E-02      1.
 46  24  0.827E-16  0.185E-04 -0.999E+03  0.154E-43  0.310E+11  0.102E+00  0.501E+01  0.408E-02  0.617E-03      1.
 46  25  0.817E-16  0.199E-04 -0.999E+03  0.154E-43  0.270E+11  0.101E+00  0.896E+00  0.226E-02  0.489E-04      1.
 46  26  0.266E-15  0.909E-05 -0.999E+03  0.154E-43  0.225E+11  0.100E+00  0.116E+00  0.156E-02  0.246E-05      1.
 46  27  0.552E-15  0.368E-05 -0.999E+03  0.154E-43  0.184E+11  0.124E-01  0.118E-01  0.129E-02  0.888E-07     64.
 46  28  0.835E-15  0.119E-05 -0.999E+03  0.154E-43  0.157E+11  0.147E-02  0.133E-02  0.121E-02  0.369E-08     64.
 46  29  0.363E-15  0.342E-06 -0.999E+03  0.154E-43  0.142E+11  0.205E-03  0.191E-03  0.123E-02  0.215E-09     32.
 46  30  0.701E-16  0.817E-07 -0.999E+03  0.154E-43  0.133E+11  0.334E-04  0.301E-04  0.128E-02  0.142E-10     32.
 46  31  0.717E-17  0.159E-07 -0.999E+03  0.154E-43  0.129E+11  0.640E-05  0.573E-05  0.134E-02  0.122E-11     16.
 46  32  0.758E-18  0.246E-08 -0.999E+03  0.154E-43  0.138E+11  0.206E-05  0.186E-05  0.140E-02  0.221E-12      8.
 46  33  0.161E-18  0.301E-09 -0.999E+03  0.154E-43  0.165E+11  0.208E-05  0.104E-05  0.145E-02  0.866E-13      8.
 46  34  0.570E-19  0.314E-10 -0.999E+03  0.154E-43  0.201E+11  0.448E-05  0.670E-06  0.150E-02  0.407E-13      4.
 46  35  0.178E-19  0.282E-11 -0.999E+03  0.154E-43  0.235E+11  0.259E-04  0.336E-06  0.154E-02  0.136E-13      4.
 46  36  0.465E-20  0.219E-12 -0.999E+03  0.154E-43  0.265E+11  0.132E-03  0.139E-06  0.158E-02  0.345E-14      4.
 46  37  0.905E-21  0.148E-13 -0.999E+03  0.154E-43  0.306E+11  0.855E-04  0.659E-07  0.161E-02  0.106E-14      2.
 46  38  0.133E-21  0.893E-15 -0.999E+03  0.154E-43  0.378E+11  0.377E-03  0.444E-07  0.163E-02  0.534E-15      2.
 46  39  0.156E-22  0.497E-16 -0.999E+03  0.154E-43  0.498E+11  0.869E-03  0.425E-07  0.165E-02  0.438E-15      2.
 46  40  0.155E-23  0.268E-17 -0.999E+03  0.154E-43  0.687E+11  0.657E-03  0.524E-07  0.167E-02  0.511E-15      1.
 46  41  0.137E-24  0.147E-18 -0.999E+03  0.154E-43  0.967E+11  0.864E-03  0.719E-07  0.169E-02  0.693E-15      1.
 46  42  0.112E-25  0.764E-20 -0.999E+03  0.154E-43  0.135E+12  0.515E-02  0.939E-07  0.170E-02  0.876E-15      2.
 46  43  0.893E-27  0.328E-21 -0.999E+03  0.154E-43  0.184E+12  0.773E-02  0.109E-06  0.171E-02  0.940E-15      2.
 46  44  0.724E-28  0.116E-22 -0.999E+03  0.154E-43  0.248E+12  0.121E-01  0.117E-06  0.172E-02  0.910E-15      2.
 46  45  0.517E-29  0.338E-24 -0.999E+03  0.154E-43  0.330E+12  0.114E-01  0.120E-06  0.172E-02  0.815E-15      1.
 46  46  0.304E-30  0.809E-26 -0.999E+03  0.154E-43  0.432E+12  0.179E-01  0.112E-06  0.173E-02  0.646E-15      1.
 46  47  0.147E-31  0.158E-27 -0.999E+03  0.154E-43  0.558E+12  0.201E-01  0.963E-07  0.173E-02  0.457E-15      1.
 46  48  0.589E-33  0.255E-29 -0.999E+03  0.154E-43  0.716E+12  0.205E-01  0.805E-07  0.174E-02  0.310E-15      1.
 46  49  0.193E-34  0.335E-31 -0.999E+03  0.154E-43  0.925E+12  0.203E-01  0.696E-07  0.174E-02  0.221E-15      1.
 46  50  0.521E-36  0.359E-33 -0.999E+03  0.154E-43  0.121E+13  0.200E-01  0.651E-07  0.175E-02  0.176E-15      1.
 46  51  0.115E-37  0.315E-35 -0.999E+03  0.154E-43  0.160E+13  0.197E-01  0.639E-07  0.175E-02  0.149E-15      1.
 46  52  0.207E-39  0.225E-37 -0.999E+03  0.154E-43  0.210E+13  0.194E-01  0.596E-07  0.175E-02  0.118E-15      1.
 46  53  0.307E-41  0.132E-39 -0.999E+03  0.154E-43  0.267E+13  0.192E-01  0.474E-07  0.175E-02  0.747E-16      1.
 46  54  0.378E-43  0.631E-42 -0.999E+03  0.154E-43  0.330E+13  0.191E-01  0.323E-07  0.175E-02  0.381E-16      1.
 46  55  0.000E+00  0.280E-44 -0.999E+03  0.154E-43  0.408E+13  0.189E-01  0.222E-07  0.176E-02  0.197E-16      1.
 46  56  0.000E+00  0.000E+00 -0.999E+03  0.154E-43  0.517E+13  0.189E-01  0.175E-07  0.176E-02  0.123E-16      1.
 46  57  0.000E+00  0.000E+00 -0.999E+03  0.154E-43  0.688E+13  0.189E-01  0.179E-07  0.176E-02  0.111E-16      1.
 46  58  0.000E+00  0.000E+00 -0.999E+03  0.154E-43  0.929E+13  0.189E-01  0.196E-07  0.176E-02  0.110E-16      1.
 46  59  0.000E+00  0.000E+00 -0.999E+03  0.154E-43  0.135E+14  0.189E-01  0.314E-07  0.176E-02  0.185E-16      1.
 47   1  0.000E+00  0.000E+00 -0.999E+03  0.154E-43  0.178E+10  0.104E+00  0.155E+04  0.621E-01  0.430E+02      1.
 47   2  0.000E+00  0.269E-29 -0.999E+03  0.154E-43  0.220E+10  0.104E+00  0.177E+04  0.621E-01  0.452E+02      1.
 47   3  0.000E+00  0.424E-28 -0.999E+03  0.154E-43  0.333E+10  0.104E+00  0.279E+04  0.621E-01  0.743E+02      1.
 47   4  0.000E+00  0.557E-27 -0.999E+03  0.154E-43  0.466E+10  0.104E+00  0.387E+04  0.621E-01  0.102E+03      1.
 47   5  0.000E+00  0.671E-26 -0.999E+03  0.154E-43  0.614E+10  0.104E+00  0.489E+04  0.621E-01  0.123E+03      1.
 47   6  0.000E+00  0.763E-25 -0.999E+03  0.154E-43  0.786E+10  0.104E+00  0.586E+04  0.621E-01  0.139E+03      1.
 47   7  0.000E+00  0.860E-24 -0.999E+03  0.154E-43  0.985E+10  0.104E+00  0.677E+04  0.621E-01  0.148E+03      1.
 47   8  0.841E-44  0.103E-22 -0.999E+03  0.154E-43  0.121E+11  0.104E+00  0.754E+04  0.621E-01  0.150E+03      1.
 47   9  0.178E-42  0.141E-21 -0.999E+03  0.154E-43  0.149E+11  0.104E+00  0.835E+04  0.621E-01  0.150E+03      1.
 47  10  0.606E-41  0.229E-20 -0.999E+03  0.154E-43  0.188E+11  0.104E+00  0.964E+04  0.620E-01  0.160E+03      1.
 47  11  0.342E-39  0.456E-19 -0.999E+03  0.154E-43  0.244E+11  0.104E+00  0.116E+05  0.620E-01  0.181E+03      1.
 47  12  0.273E-37  0.114E-17 -0.999E+03  0.154E-43  0.308E+11  0.104E+00  0.132E+05  0.620E-01  0.189E+03      1.
 47  13  0.265E-35  0.375E-16 -0.999E+03  0.154E-43  0.363E+11  0.104E+00  0.132E+05  0.620E-01  0.165E+03      1.
 47  14  0.288E-33  0.161E-14 -0.999E+03  0.154E-43  0.407E+11  0.104E+00  0.117E+05  0.619E-01  0.121E+03      1.
 47  15  0.334E-31  0.844E-13 -0.999E+03  0.154E-43  0.449E+11  0.104E+00  0.985E+04  0.619E-01  0.831E+02      1.
 47  16  0.395E-29  0.493E-11 -0.999E+03  0.154E-43  0.479E+11  0.104E+00  0.746E+04  0.618E-01  0.492E+02      1.
 47  17  0.425E-27  0.280E-09 -0.999E+03  0.154E-43  0.471E+11  0.104E+00  0.448E+04  0.619E-01  0.211E+02      1.
 47  18  0.401E-25  0.141E-07 -0.999E+03  0.154E-43  0.442E+11  0.104E+00  0.223E+04  0.620E-01  0.696E+01      1.
 47  19  0.321E-23  0.577E-06 -0.999E+03  0.154E-43  0.417E+11  0.104E+00  0.104E+04  0.623E-01  0.208E+01      1.
 47  20  0.208E-21  0.958E-05 -0.999E+03  0.154E-43  0.398E+11  0.104E+00  0.455E+03  0.572E-01  0.574E+00      1.
 47  21  0.102E-19  0.990E-05 -0.999E+03  0.154E-43  0.381E+11  0.104E+00  0.184E+03  0.374E-01  0.142E+00      1.
 47  22  0.330E-18  0.632E-05 -0.999E+03  0.154E-43  0.369E+11  0.104E+00  0.706E+02  0.188E-01  0.325E-01      1.
 47  23  0.337E-17  0.144E-04 -0.999E+03  0.154E-43  0.347E+11  0.103E+00  0.219E+02  0.859E-02  0.556E-02      1.
 47  24  0.219E-17  0.200E-04 -0.999E+03  0.154E-43  0.310E+11  0.102E+00  0.501E+01  0.408E-02  0.617E-03      1.
 47  25  0.346E-17  0.104E-04 -0.999E+03  0.154E-43  0.270E+11  0.101E+00  0.896E+00  0.226E-02  0.489E-04      1.
 47  26  0.156E-16  0.326E-05 -0.999E+03  0.154E-43  0.225E+11  0.100E+00  0.116E+00  0.156E-02  0.246E-05      1.
 47  27  0.436E-16  0.101E-05 -0.999E+03  0.154E-43  0.184E+11  0.124E-01  0.118E-01  0.129E-02  0.888E-07     64.
 47  28  0.807E-16  0.261E-06 -0.999E+03  0.154E-43  0.157E+11  0.147E-02  0.133E-02  0.121E-02  0.369E-08     64.
 47  29  0.342E-16  0.566E-07 -0.999E+03  0.154E-43  0.142E+11  0.205E-03  0.191E-03  0.123E-02  0.215E-09     32.
 47  30  0.550E-17  0.101E-07 -0.999E+03  0.154E-43  0.133E+11  0.334E-04  0.301E-04  0.128E-02  0.142E-10     32.
 47  31  0.535E-18  0.144E-08 -0.999E+03  0.154E-43  0.129E+11  0.640E-05  0.573E-05  0.134E-02  0.122E-11     16.
 47  32  0.545E-19  0.169E-09 -0.999E+03  0.154E-43  0.138E+11  0.206E-05  0.186E-05  0.140E-02  0.221E-12      8.
 47  33  0.112E-19  0.168E-10 -0.999E+03  0.154E-43  0.165E+11  0.208E-05  0.104E-05  0.145E-02  0.866E-13      8.
 47  34  0.326E-20  0.143E-11 -0.999E+03  0.154E-43  0.201E+11  0.448E-05  0.670E-06  0.150E-02  0.407E-13      4.
 47  35  0.862E-21  0.105E-12 -0.999E+03  0.154E-43  0.235E+11  0.259E-04  0.336E-06  0.154E-02  0.136E-13      4.
 47  36  0.174E-21  0.678E-14 -0.999E+03  0.154E-43  0.265E+11  0.132E-03  0.139E-06  0.158E-02  0.345E-14      4.
 47  37  0.251E-22  0.387E-15 -0.999E+03  0.154E-43  0.306E+11  0.855E-04  0.659E-07  0.161E-02  0.106E-14      2.
 47  38  0.290E-23  0.202E-16 -0.999E+03  0.154E-43  0.378E+11  0.377E-03  0.444E-07  0.163E-02  0.534E-15      2.
 47  39  0.282E-24  0.998E-18 -0.999E+03  0.154E-43  0.498E+11  0.869E-03  0.425E-07  0.165E-02  0.438E-15      2.
 47  40  0.238E-25  0.497E-19 -0.999E+03  0.154E-43  0.687E+11  0.657E-03  0.524E-07  0.167E-02  0.511E-15      1.
 47  41  0.184E-26  0.250E-20 -0.999E+03  0.154E-43  0.967E+11  0.864E-03  0.719E-07  0.169E-02  0.693E-15      1.
 47  42  0.135E-27  0.105E-21 -0.999E+03  0.154E-43  0.135E+12  0.515E-02  0.939E-07  0.170E-02  0.876E-15      2.
 47  43  0.100E-28  0.361E-23 -0.999E+03  0.154E-43  0.184E+12  0.773E-02  0.109E-06  0.171E-02  0.940E-15      2.
 47  44  0.702E-30  0.103E-24 -0.999E+03  0.154E-43  0.248E+12  0.121E-01  0.117E-06  0.172E-02  0.910E-15      2.
 47  45  0.405E-31  0.239E-26 -0.999E+03  0.154E-43  0.330E+12  0.114E-01  0.120E-06  0.172E-02  0.815E-15      1.
 47  46  0.192E-32  0.456E-28 -0.999E+03  0.154E-43  0.432E+12  0.179E-01  0.112E-06  0.173E-02  0.646E-15      1.
 47  47  0.750E-34  0.714E-30 -0.999E+03  0.154E-43  0.558E+12  0.201E-01  0.963E-07  0.173E-02  0.457E-15      1.
 47  48  0.240E-35  0.914E-32 -0.999E+03  0.154E-43  0.716E+12  0.205E-01  0.805E-07  0.174E-02  0.310E-15      1.
 47  49  0.632E-37  0.957E-34 -0.999E+03  0.154E-43  0.925E+12  0.203E-01  0.696E-07  0.174E-02  0.221E-15      1.
 47  50  0.136E-38  0.818E-36 -0.999E+03  0.154E-43  0.121E+13  0.200E-01  0.651E-07  0.175E-02  0.176E-15      1.
 47  51  0.240E-40  0.571E-38 -0.999E+03  0.154E-43  0.160E+13  0.197E-01  0.639E-07  0.175E-02  0.149E-15      1.
 47  52  0.345E-42  0.325E-40 -0.999E+03  0.154E-43  0.210E+13  0.194E-01  0.596E-07  0.175E-02  0.118E-15      1.
 47  53  0.420E-44  0.151E-42 -0.999E+03  0.154E-43  0.267E+13  0.192E-01  0.474E-07  0.175E-02  0.747E-16      1.
 47  54  0.000E+00  0.000E+00 -0.999E+03  0.154E-43  0.330E+13  0.191E-01  0.323E-07  0.175E-02  0.381E-16      1.
 47  55  0.000E+00  0.000E+00 -0.999E+03  0.154E-43  0.408E+13  0.189E-01  0.222E-07  0.176E-02  0.197E-16      1.
 47  56  0.000E+00  0.000E+00 -0.999E+03  0.154E-43  0.517E+13  0.189E-01  0.175E-07  0.176E-02  0.123E-16      1.
 47  57  0.000E+00  0.000E+00 -0.999E+03  0.154E-43  0.688E+13  0.189E-01  0.179E-07  0.176E-02  0.111E-16      1.
 47  58  0.000E+00  0.000E+00 -0.999E+03  0.154E-43  0.929E+13  0.189E-01  0.196E-07  0.176E-02  0.110E-16      1.
 47  59  0.000E+00  0.000E+00 -0.999E+03  0.154E-43  0.135E+14  0.189E-01  0.314E-07  0.176E-02  0.185E-16      1.
 48   1  0.000E+00  0.000E+00 -0.999E+03  0.154E-43  0.178E+10  0.104E+00  0.155E+04  0.621E-01  0.430E+02      1.
 48   2  0.000E+00  0.541E-29 -0.999E+03  0.154E-43  0.220E+10  0.104E+00  0.177E+04  0.621E-01  0.452E+02      1.
 48   3  0.000E+00  0.835E-28 -0.999E+03  0.154E-43  0.333E+10  0.104E+00  0.279E+04  0.621E-01  0.743E+02      1.
 48   4  0.000E+00  0.107E-26 -0.999E+03  0.154E-43  0.466E+10  0.104E+00  0.387E+04  0.621E-01  0.102E+03      1.
 48   5  0.000E+00  0.125E-25 -0.999E+03  0.154E-43  0.614E+10  0.104E+00  0.489E+04  0.621E-01  0.123E+03      1.
 48   6  0.000E+00  0.137E-24 -0.999E+03  0.154E-43  0.786E+10  0.104E+00  0.586E+04  0.621E-01  0.139E+03      1.
 48   7  0.000E+00  0.147E-23 -0.999E+03  0.154E-43  0.985E+10  0.104E+00  0.677E+04  0.621E-01  0.148E+03      1.
 48   8  0.841E-44  0.166E-22 -0.999E+03  0.154E-43  0.121E+11  0.104E+00  0.754E+04  0.621E-01  0.150E+03      1.
 48   9  0.154E-42  0.209E-21 -0.999E+03  0.154E-43  0.149E+11  0.104E+00  0.835E+04  0.621E-01  0.150E+03      1.
 48  10  0.353E-41  0.312E-20 -0.999E+03  0.154E-43  0.188E+11  0.104E+00  0.964E+04  0.620E-01  0.160E+03      1.
 48  11  0.112E-39  0.556E-19 -0.999E+03  0.154E-43  0.244E+11  0.104E+00  0.116E+05  0.620E-01  0.181E+03      1.
 48  12  0.498E-38  0.121E-17 -0.999E+03  0.154E-43  0.308E+11  0.104E+00  0.132E+05  0.620E-01  0.189E+03      1.
 48  13  0.296E-36  0.333E-16 -0.999E+03  0.154E-43  0.363E+11  0.104E+00  0.132E+05  0.620E-01  0.165E+03      1.
 48  14  0.216E-34  0.119E-14 -0.999E+03  0.154E-43  0.407E+11  0.104E+00  0.117E+05  0.619E-01  0.121E+03      1.
 48  15  0.182E-32  0.536E-13 -0.999E+03  0.154E-43  0.449E+11  0.104E+00  0.985E+04  0.619E-01  0.831E+02      1.
 48  16  0.165E-30  0.279E-11 -0.999E+03  0.154E-43  0.479E+11  0.104E+00  0.746E+04  0.618E-01  0.492E+02      1.
 48  17  0.143E-28  0.148E-09 -0.999E+03  0.154E-43  0.471E+11  0.104E+00  0.448E+04  0.619E-01  0.211E+02      1.
 48  18  0.114E-26  0.731E-08 -0.999E+03  0.154E-43  0.442E+11  0.104E+00  0.223E+04  0.620E-01  0.696E+01      1.
 48  19  0.795E-25  0.299E-06 -0.999E+03  0.154E-43  0.417E+11  0.104E+00  0.104E+04  0.623E-01  0.208E+01      1.
 48  20  0.462E-23  0.616E-05 -0.999E+03  0.154E-43  0.398E+11  0.104E+00  0.455E+03  0.572E-01  0.574E+00      1.
 48  21  0.209E-21  0.133E-04 -0.999E+03  0.154E-43  0.381E+11  0.104E+00  0.184E+03  0.374E-01  0.142E+00      1.
 48  22  0.650E-20  0.120E-04 -0.999E+03  0.154E-43  0.369E+11  0.104E+00  0.706E+02  0.188E-01  0.325E-01      1.
 48  23  0.610E-19  0.185E-04 -0.999E+03  0.154E-43  0.347E+11  0.103E+00  0.219E+02  0.859E-02  0.556E-02      1.
 48  24  0.544E-19  0.129E-04 -0.999E+03  0.154E-43  0.310E+11  0.102E+00  0.501E+01  0.408E-02  0.617E-03      1.
 48  25  0.137E-18  0.312E-05 -0.999E+03  0.154E-43  0.270E+11  0.101E+00  0.896E+00  0.226E-02  0.489E-04      1.
 48  26  0.833E-18  0.765E-06 -0.999E+03  0.154E-43  0.225E+11  0.100E+00  0.116E+00  0.156E-02  0.246E-05      1.
 48  27  0.284E-17  0.162E-06 -0.999E+03  0.154E-43  0.184E+11  0.124E-01  0.118E-01  0.129E-02  0.888E-07     64.
 48  28  0.610E-17  0.297E-07 -0.999E+03  0.154E-43  0.157E+11  0.147E-02  0.133E-02  0.121E-02  0.369E-08     64.
 48  29  0.226E-17  0.456E-08 -0.999E+03  0.154E-43  0.142E+11  0.205E-03  0.191E-03  0.123E-02  0.215E-09     32.
 48  30  0.309E-18  0.582E-09 -0.999E+03  0.154E-43  0.133E+11  0.334E-04  0.301E-04  0.128E-02  0.142E-10     32.
 48  31  0.282E-19  0.643E-10 -0.999E+03  0.154E-43  0.129E+11  0.640E-05  0.573E-05  0.134E-02  0.122E-11     16.
 48  32  0.269E-20  0.606E-11 -0.999E+03  0.154E-43  0.138E+11  0.206E-05  0.186E-05  0.140E-02  0.221E-12      8.
 48  33  0.479E-21  0.488E-12 -0.999E+03  0.154E-43  0.165E+11  0.208E-05  0.104E-05  0.145E-02  0.866E-13      8.
 48  34  0.109E-21  0.339E-13 -0.999E+03  0.154E-43  0.201E+11  0.448E-05  0.670E-06  0.150E-02  0.407E-13      4.
 48  35  0.222E-22  0.206E-14 -0.999E+03  0.154E-43  0.235E+11  0.259E-04  0.336E-06  0.154E-02  0.136E-13      4.
 48  36  0.332E-23  0.111E-15 -0.999E+03  0.154E-43  0.265E+11  0.132E-03  0.139E-06  0.158E-02  0.345E-14      4.
 48  37  0.375E-24  0.544E-17 -0.999E+03  0.154E-43  0.306E+11  0.855E-04  0.659E-07  0.161E-02  0.106E-14      2.
 48  38  0.359E-25  0.249E-18 -0.999E+03  0.154E-43  0.378E+11  0.377E-03  0.444E-07  0.163E-02  0.534E-15      2.
 48  39  0.295E-26  0.113E-19 -0.999E+03  0.154E-43  0.498E+11  0.869E-03  0.425E-07  0.165E-02  0.438E-15      2.
 48  40  0.214E-27  0.531E-21 -0.999E+03  0.154E-43  0.687E+11  0.657E-03  0.524E-07  0.167E-02  0.511E-15      1.
 48  41  0.146E-28  0.215E-22 -0.999E+03  0.154E-43  0.967E+11  0.864E-03  0.719E-07  0.169E-02  0.693E-15      1.
 48  42  0.990E-30  0.723E-24 -0.999E+03  0.154E-43  0.135E+12  0.515E-02  0.939E-07  0.170E-02  0.876E-15      2.
 48  43  0.682E-31  0.200E-25 -0.999E+03  0.154E-43  0.184E+12  0.773E-02  0.109E-06  0.171E-02  0.940E-15      2.
 48  44  0.386E-32  0.454E-27 -0.999E+03  0.154E-43  0.248E+12  0.121E-01  0.117E-06  0.172E-02  0.910E-15      2.
 48  45  0.179E-33  0.845E-29 -0.999E+03  0.154E-43  0.330E+12  0.114E-01  0.120E-06  0.172E-02  0.815E-15      1.
 48  46  0.683E-35  0.129E-30 -0.999E+03  0.154E-43  0.432E+12  0.179E-01  0.112E-06  0.173E-02  0.646E-15      1.
 48  47  0.213E-36  0.161E-32 -0.999E+03  0.154E-43  0.558E+12  0.201E-01  0.963E-07  0.173E-02  0.457E-15      1.
 48  48  0.547E-38  0.164E-34 -0.999E+03  0.154E-43  0.716E+12  0.205E-01  0.805E-07  0.174E-02  0.310E-15      1.
 48  49  0.115E-39  0.137E-36 -0.999E+03  0.154E-43  0.925E+12  0.203E-01  0.696E-07  0.174E-02  0.221E-15      1.
 48  50  0.197E-41  0.929E-39 -0.999E+03  0.154E-43  0.121E+13  0.200E-01  0.651E-07  0.175E-02  0.176E-15      1.
 48  51  0.280E-43  0.515E-41 -0.999E+03  0.154E-43  0.160E+13  0.197E-01  0.639E-07  0.175E-02  0.149E-15      1.
 48  52  0.000E+00  0.238E-43 -0.999E+03  0.154E-43  0.210E+13  0.194E-01  0.596E-07  0.175E-02  0.118E-15      1.
 48  53  0.000E+00  0.000E+00 -0.999E+03  0.154E-43  0.267E+13  0.192E-01  0.474E-07  0.175E-02  0.747E-16      1.
 48  54  0.000E+00  0.000E+00 -0.999E+03  0.154E-43  0.330E+13  0.191E-01  0.323E-07  0.175E-02  0.381E-16      1.
 48  55  0.000E+00  0.000E+00 -0.999E+03  0.154E-43  0.408E+13  0.189E-01  0.222E-07  0.176E-02  0.197E-16      1.
 48  56  0.000E+00  0.000E+00 -0.999E+03  0.154E-43  0.517E+13  0.189E-01  0.175E-07  0.176E-02  0.123E-16      1.
 48  57  0.000E+00  0.000E+00 -0.999E+03  0.154E-43  0.688E+13  0.189E-01  0.179E-07  0.176E-02  0.111E-16      1.
 48  58  0.000E+00  0.000E+00 -0.999E+03  0.154E-43  0.929E+13  0.189E-01  0.196E-07  0.176E-02  0.110E-16      1.
 48  59  0.000E+00  0.000E+00 -0.999E+03  0.154E-43  0.135E+14  0.189E-01  0.314E-07  0.176E-02  0.185E-16      1.
 49   1  0.000E+00  0.000E+00 -0.999E+03  0.154E-43  0.178E+10  0.104E+00  0.155E+04  0.621E-01  0.430E+02      1.
 49   2  0.000E+00  0.972E-29 -0.999E+03  0.154E-43  0.220E+10  0.104E+00  0.177E+04  0.621E-01  0.452E+02      1.
 49   3  0.000E+00  0.146E-27 -0.999E+03  0.154E-43  0.333E+10  0.104E+00  0.279E+04  0.621E-01  0.743E+02      1.
 49   4  0.000E+00  0.182E-26 -0.999E+03  0.154E-43  0.466E+10  0.104E+00  0.387E+04  0.621E-01  0.102E+03      1.
 49   5  0.000E+00  0.206E-25 -0.999E+03  0.154E-43  0.614E+10  0.104E+00  0.489E+04  0.621E-01  0.123E+03      1.
 49   6  0.000E+00  0.217E-24 -0.999E+03  0.154E-43  0.786E+10  0.104E+00  0.586E+04  0.621E-01  0.139E+03      1.
 49   7  0.000E+00  0.222E-23 -0.999E+03  0.154E-43  0.985E+10  0.104E+00  0.677E+04  0.621E-01  0.148E+03      1.
 49   8  0.841E-44  0.237E-22 -0.999E+03  0.154E-43  0.121E+11  0.104E+00  0.754E+04  0.621E-01  0.150E+03      1.
 49   9  0.135E-42  0.279E-21 -0.999E+03  0.154E-43  0.149E+11  0.104E+00  0.835E+04  0.621E-01  0.150E+03      1.
 49  10  0.237E-41  0.383E-20 -0.999E+03  0.154E-43  0.188E+11  0.104E+00  0.964E+04  0.620E-01  0.160E+03      1.
 49  11  0.506E-40  0.620E-19 -0.999E+03  0.154E-43  0.244E+11  0.104E+00  0.116E+05  0.620E-01  0.181E+03      1.
 49  12  0.135E-38  0.118E-17 -0.999E+03  0.154E-43  0.308E+11  0.104E+00  0.132E+05  0.620E-01  0.189E+03      1.
 49  13  0.466E-37  0.277E-16 -0.999E+03  0.154E-43  0.363E+11  0.104E+00  0.132E+05  0.620E-01  0.165E+03      1.
 49  14  0.208E-35  0.826E-15 -0.999E+03  0.154E-43  0.407E+11  0.104E+00  0.117E+05  0.619E-01  0.121E+03      1.
 49  15  0.116E-33  0.312E-13 -0.999E+03  0.154E-43  0.449E+11  0.104E+00  0.985E+04  0.619E-01  0.831E+02      1.
 49  16  0.751E-32  0.141E-11 -0.999E+03  0.154E-43  0.479E+11  0.104E+00  0.746E+04  0.618E-01  0.492E+02      1.
 49  17  0.498E-30  0.687E-10 -0.999E+03  0.154E-43  0.471E+11  0.104E+00  0.448E+04  0.619E-01  0.211E+02      1.
 49  18  0.319E-28  0.333E-08 -0.999E+03  0.154E-43  0.442E+11  0.104E+00  0.223E+04  0.620E-01  0.696E+01      1.
 49  19  0.187E-26  0.142E-06 -0.999E+03  0.154E-43  0.417E+11  0.104E+00  0.104E+04  0.623E-01  0.208E+01      1.
 49  20  0.949E-25  0.353E-05 -0.999E+03  0.154E-43  0.398E+11  0.104E+00  0.455E+03  0.572E-01  0.574E+00      1.
 49  21  0.391E-23  0.131E-04 -0.999E+03  0.154E-43  0.381E+11  0.104E+00  0.184E+03  0.374E-01  0.142E+00      1.
 49  22  0.116E-21  0.152E-04 -0.999E+03  0.154E-43  0.369E+11  0.104E+00  0.706E+02  0.188E-01  0.325E-01      1.
 49  23  0.103E-20  0.128E-04 -0.999E+03  0.154E-43  0.347E+11  0.103E+00  0.219E+02  0.859E-02  0.556E-02      1.
 49  24  0.129E-20  0.253E-05 -0.999E+03  0.154E-43  0.310E+11  0.102E+00  0.501E+01  0.408E-02  0.617E-03      1.
 49  25  0.511E-20  0.445E-06 -0.999E+03  0.154E-43  0.270E+11  0.101E+00  0.896E+00  0.226E-02  0.489E-04      1.
 49  26  0.402E-19  0.687E-07 -0.999E+03  0.154E-43  0.225E+11  0.100E+00  0.116E+00  0.156E-02  0.246E-05      1.
 49  27  0.155E-18  0.962E-08 -0.999E+03  0.154E-43  0.184E+11  0.124E-01  0.118E-01  0.129E-02  0.888E-07     64.
 49  28  0.316E-18  0.122E-08 -0.999E+03  0.154E-43  0.157E+11  0.147E-02  0.133E-02  0.121E-02  0.369E-08     64.
 49  29  0.930E-19  0.139E-09 -0.999E+03  0.154E-43  0.142E+11  0.205E-03  0.191E-03  0.123E-02  0.215E-09     32.
 49  30  0.115E-19  0.141E-10 -0.999E+03  0.154E-43  0.133E+11  0.334E-04  0.301E-04  0.128E-02  0.142E-10     32.
 49  31  0.983E-21  0.124E-11 -0.999E+03  0.154E-43  0.129E+11  0.640E-05  0.573E-05  0.134E-02  0.122E-11     16.
 49  32  0.841E-22  0.944E-13 -0.999E+03  0.154E-43  0.138E+11  0.206E-05  0.186E-05  0.140E-02  0.221E-12      8.
 49  33  0.111E-22  0.619E-14 -0.999E+03  0.154E-43  0.165E+11  0.208E-05  0.104E-05  0.145E-02  0.866E-13      8.
 49  34  0.190E-23  0.354E-15 -0.999E+03  0.154E-43  0.201E+11  0.448E-05  0.670E-06  0.150E-02  0.407E-13      4.
 49  35  0.285E-24  0.179E-16 -0.999E+03  0.154E-43  0.235E+11  0.259E-04  0.336E-06  0.154E-02  0.136E-13      4.
 49  36  0.331E-25  0.821E-18 -0.999E+03  0.154E-43  0.265E+11  0.132E-03  0.139E-06  0.158E-02  0.345E-14      4.
 49  37  0.306E-26  0.350E-19 -0.999E+03  0.154E-43  0.306E+11  0.855E-04  0.659E-07  0.161E-02  0.106E-14      2.
 49  38  0.244E-27  0.144E-20 -0.999E+03  0.154E-43  0.378E+11  0.377E-03  0.444E-07  0.163E-02  0.534E-15      2.
 49  39  0.170E-28  0.613E-22 -0.999E+03  0.154E-43  0.498E+11  0.869E-03  0.425E-07  0.165E-02  0.438E-15      2.
 49  40  0.108E-29  0.242E-23 -0.999E+03  0.154E-43  0.687E+11  0.657E-03  0.524E-07  0.167E-02  0.511E-15      1.
 49  41  0.671E-31  0.787E-25 -0.999E+03  0.154E-43  0.967E+11  0.864E-03  0.719E-07  0.169E-02  0.693E-15      1.
 49  42  0.426E-32  0.212E-26 -0.999E+03  0.154E-43  0.135E+12  0.515E-02  0.939E-07  0.170E-02  0.876E-15      2.
 49  43  0.237E-33  0.468E-28 -0.999E+03  0.154E-43  0.184E+12  0.773E-02  0.109E-06  0.171E-02  0.940E-15      2.
 49  44  0.108E-34  0.849E-30 -0.999E+03  0.154E-43  0.248E+12  0.121E-01  0.117E-06  0.172E-02  0.910E-15      2.
 49  45  0.402E-36  0.126E-31 -0.999E+03  0.154E-43  0.330E+12  0.114E-01  0.120E-06  0.172E-02  0.815E-15      1.
 49  46  0.122E-37  0.153E-33 -0.999E+03  0.154E-43  0.432E+12  0.179E-01  0.112E-06  0.173E-02  0.646E-15      1.
 49  47  0.305E-39  0.152E-35 -0.999E+03  0.154E-43  0.558E+12  0.201E-01  0.963E-07  0.173E-02  0.457E-15      1.
 49  48  0.623E-41  0.123E-37 -0.999E+03  0.154E-43  0.716E+12  0.205E-01  0.805E-07  0.174E-02  0.310E-15      1.
 49  49  0.104E-42  0.818E-40 -0.999E+03  0.154E-43  0.925E+12  0.203E-01  0.696E-07  0.174E-02  0.221E-15      1.
 49  50  0.140E-44  0.443E-42 -0.999E+03  0.154E-43  0.121E+13  0.200E-01  0.651E-07  0.175E-02  0.176E-15      1.
 49  51  0.000E+00  0.140E-44 -0.999E+03  0.154E-43  0.160E+13  0.197E-01  0.639E-07  0.175E-02  0.149E-15      1.
 49  52  0.000E+00  0.000E+00 -0.999E+03  0.154E-43  0.210E+13  0.194E-01  0.596E-07  0.175E-02  0.118E-15      1.
 49  53  0.000E+00  0.000E+00 -0.999E+03  0.154E-43  0.267E+13  0.192E-01  0.474E-07  0.175E-02  0.747E-16      1.
 49  54  0.000E+00  0.000E+00 -0.999E+03  0.154E-43  0.330E+13  0.191E-01  0.323E-07  0.175E-02  0.381E-16      1.
 49  55  0.000E+00  0.000E+00 -0.999E+03  0.154E-43  0.408E+13  0.189E-01  0.222E-07  0.176E-02  0.197E-16      1.
 49  56  0.000E+00  0.000E+00 -0.999E+03  0.154E-43  0.517E+13  0.189E-01  0.175E-07  0.176E-02  0.123E-16      1.
 49  57  0.000E+00  0.000E+00 -0.999E+03  0.154E-43  0.688E+13  0.189E-01  0.179E-07  0.176E-02  0.111E-16      1.
 49  58  0.000E+00  0.000E+00 -0.999E+03  0.154E-43  0.929E+13  0.189E-01  0.196E-07  0.176E-02  0.110E-16      1.
 49  59  0.000E+00  0.000E+00 -0.999E+03  0.154E-43  0.135E+14  0.189E-01  0.314E-07  0.176E-02  0.185E-16      1.
 50   1  0.000E+00  0.000E+00 -0.999E+03  0.154E-43  0.178E+10  0.104E+00  0.155E+04  0.621E-01  0.430E+02      1.
 50   2  0.000E+00  0.155E-28 -0.999E+03  0.154E-43  0.220E+10  0.104E+00  0.177E+04  0.621E-01  0.452E+02      1.
 50   3  0.000E+00  0.228E-27 -0.999E+03  0.154E-43  0.333E+10  0.104E+00  0.279E+04  0.621E-01  0.743E+02      1.
 50   4  0.000E+00  0.277E-26 -0.999E+03  0.154E-43  0.466E+10  0.104E+00  0.387E+04  0.621E-01  0.102E+03      1.
 50   5  0.000E+00  0.303E-25 -0.999E+03  0.154E-43  0.614E+10  0.104E+00  0.489E+04  0.621E-01  0.123E+03      1.
 50   6  0.000E+00  0.308E-24 -0.999E+03  0.154E-43  0.786E+10  0.104E+00  0.586E+04  0.621E-01  0.139E+03      1.
 50   7  0.000E+00  0.300E-23 -0.999E+03  0.154E-43  0.985E+10  0.104E+00  0.677E+04  0.621E-01  0.148E+03      1.
 50   8  0.701E-44  0.299E-22 -0.999E+03  0.154E-43  0.121E+11  0.104E+00  0.754E+04  0.621E-01  0.150E+03      1.
 50   9  0.953E-43  0.325E-21 -0.999E+03  0.154E-43  0.149E+11  0.104E+00  0.835E+04  0.621E-01  0.150E+03      1.
 50  10  0.140E-41  0.409E-20 -0.999E+03  0.154E-43  0.188E+11  0.104E+00  0.964E+04  0.620E-01  0.160E+03      1.
 50  11  0.232E-40  0.600E-19 -0.999E+03  0.154E-43  0.244E+11  0.104E+00  0.116E+05  0.620E-01  0.181E+03      1.
 50  12  0.442E-39  0.102E-17 -0.999E+03  0.154E-43  0.308E+11  0.104E+00  0.132E+05  0.620E-01  0.189E+03      1.
 50  13  0.998E-38  0.207E-16 -0.999E+03  0.154E-43  0.363E+11  0.104E+00  0.132E+05  0.620E-01  0.165E+03      1.
 50  14  0.274E-36  0.520E-15 -0.999E+03  0.154E-43  0.407E+11  0.104E+00  0.117E+05  0.619E-01  0.121E+03      1.
 50  15  0.940E-35  0.165E-13 -0.999E+03  0.154E-43  0.449E+11  0.104E+00  0.985E+04  0.619E-01  0.831E+02      1.
 50  16  0.393E-33  0.640E-12 -0.999E+03  0.154E-43  0.479E+11  0.104E+00  0.746E+04  0.618E-01  0.492E+02      1.
 50  17  0.183E-31  0.279E-10 -0.999E+03  0.154E-43  0.471E+11  0.104E+00  0.448E+04  0.619E-01  0.211E+02      1.
 50  18  0.890E-30  0.129E-08 -0.999E+03  0.154E-43  0.442E+11  0.104E+00  0.223E+04  0.620E-01  0.696E+01      1.
 50  19  0.421E-28  0.587E-07 -0.999E+03  0.154E-43  0.417E+11  0.104E+00  0.104E+04  0.623E-01  0.208E+01      1.
 50  20  0.182E-26  0.168E-05 -0.999E+03  0.154E-43  0.398E+11  0.104E+00  0.455E+03  0.572E-01  0.574E+00      1.
 50  21  0.674E-25  0.694E-05 -0.999E+03  0.154E-43  0.381E+11  0.104E+00  0.184E+03  0.374E-01  0.142E+00      1.
 50  22  0.193E-23  0.727E-05 -0.999E+03  0.154E-43  0.369E+11  0.104E+00  0.706E+02  0.188E-01  0.325E-01      1.
 50  23  0.166E-22  0.174E-05 -0.999E+03  0.154E-43  0.347E+11  0.103E+00  0.219E+02  0.859E-02  0.556E-02      1.
 50  24  0.295E-22  0.226E-06 -0.999E+03  0.154E-43  0.310E+11  0.102E+00  0.501E+01  0.408E-02  0.617E-03      1.
 50  25  0.179E-21  0.247E-07 -0.999E+03  0.154E-43  0.270E+11  0.101E+00  0.896E+00  0.226E-02  0.489E-04      1.
 50  26  0.171E-20  0.258E-08 -0.999E+03  0.154E-43  0.225E+11  0.100E+00  0.116E+00  0.156E-02  0.246E-05      1.
 50  27  0.675E-20  0.258E-09 -0.999E+03  0.154E-43  0.184E+11  0.124E-01  0.118E-01  0.129E-02  0.888E-07     64.
 50  28  0.110E-19  0.244E-10 -0.999E+03  0.154E-43  0.157E+11  0.147E-02  0.133E-02  0.121E-02  0.369E-08     64.
 50  29  0.245E-20  0.212E-11 -0.999E+03  0.154E-43  0.142E+11  0.205E-03  0.191E-03  0.123E-02  0.215E-09     32.
 50  30  0.278E-21  0.167E-12 -0.999E+03  0.154E-43  0.133E+11  0.334E-04  0.301E-04  0.128E-02  0.142E-10     32.
 50  31  0.221E-22  0.117E-13 -0.999E+03  0.154E-43  0.129E+11  0.640E-05  0.573E-05  0.134E-02  0.122E-11     16.
 50  32  0.162E-23  0.712E-15 -0.999E+03  0.154E-43  0.138E+11  0.206E-05  0.186E-05  0.140E-02  0.221E-12      8.
 50  33  0.150E-24  0.380E-16 -0.999E+03  0.154E-43  0.165E+11  0.208E-05  0.104E-05  0.145E-02  0.866E-13      8.
 50  34  0.165E-25  0.179E-17 -0.999E+03  0.154E-43  0.201E+11  0.448E-05  0.670E-06  0.150E-02  0.407E-13      4.
 50  35  0.184E-26  0.765E-19 -0.999E+03  0.154E-43  0.235E+11  0.259E-04  0.336E-06  0.154E-02  0.136E-13      4.
 50  36  0.174E-27  0.302E-20 -0.999E+03  0.154E-43  0.265E+11  0.132E-03  0.139E-06  0.158E-02  0.345E-14      4.
 50  37  0.131E-28  0.115E-21 -0.999E+03  0.154E-43  0.306E+11  0.855E-04  0.659E-07  0.161E-02  0.106E-14      2.
 50  38  0.881E-30  0.440E-23 -0.999E+03  0.154E-43  0.378E+11  0.377E-03  0.444E-07  0.163E-02  0.534E-15      2.
 50  39  0.531E-31  0.168E-24 -0.999E+03  0.154E-43  0.498E+11  0.869E-03  0.425E-07  0.165E-02  0.438E-15      2.
 50  40  0.298E-32  0.532E-26 -0.999E+03  0.154E-43  0.687E+11  0.657E-03  0.524E-07  0.167E-02  0.511E-15      1.
 50  41  0.172E-33  0.139E-27 -0.999E+03  0.154E-43  0.967E+11  0.864E-03  0.719E-07  0.169E-02  0.693E-15      1.
 50  42  0.934E-35  0.298E-29 -0.999E+03  0.154E-43  0.135E+12  0.515E-02  0.939E-07  0.170E-02  0.876E-15      2.
 50  43  0.417E-36  0.526E-31 -0.999E+03  0.154E-43  0.184E+12  0.773E-02  0.109E-06  0.171E-02  0.940E-15      2.
 50  44  0.152E-37  0.761E-33 -0.999E+03  0.154E-43  0.248E+12  0.121E-01  0.117E-06  0.172E-02  0.910E-15      2.
 50  45  0.453E-39  0.900E-35 -0.999E+03  0.154E-43  0.330E+12  0.114E-01  0.120E-06  0.172E-02  0.815E-15      1.
 50  46  0.110E-40  0.870E-37 -0.999E+03  0.154E-43  0.432E+12  0.179E-01  0.112E-06  0.173E-02  0.646E-15      1.
 50  47  0.219E-42  0.688E-39 -0.999E+03  0.154E-43  0.558E+12  0.201E-01  0.963E-07  0.173E-02  0.457E-15      1.
 50  48  0.420E-44  0.444E-41 -0.999E+03  0.154E-43  0.716E+12  0.205E-01  0.805E-07  0.174E-02  0.310E-15      1.
 50  49  0.000E+00  0.238E-43 -0.999E+03  0.154E-43  0.925E+12  0.203E-01  0.696E-07  0.174E-02  0.221E-15      1.
 50  50  0.000E+00  0.000E+00 -0.999E+03  0.154E-43  0.121E+13  0.200E-01  0.651E-07  0.175E-02  0.176E-15      1.
 50  51  0.000E+00  0.000E+00 -0.999E+03  0.154E-43  0.160E+13  0.197E-01  0.639E-07  0.175E-02  0.149E-15      1.
 50  52  0.000E+00  0.000E+00 -0.999E+03  0.154E-43  0.210E+13  0.194E-01  0.596E-07  0.175E-02  0.118E-15      1.
 50  53  0.000E+00  0.000E+00 -0.999E+03  0.154E-43  0.267E+13  0.192E-01  0.474E-07  0.175E-02  0.747E-16      1.
 50  54  0.000E+00  0.000E+00 -0.999E+03  0.154E-43  0.330E+13  0.191E-01  0.323E-07  0.175E-02  0.381E-16      1.
 50  55  0.000E+00  0.000E+00 -0.999E+03  0.154E-43  0.408E+13  0.189E-01  0.222E-07  0.176E-02  0.197E-16      1.
 50  56  0.000E+00  0.000E+00 -0.999E+03  0.154E-43  0.517E+13  0.189E-01  0.175E-07  0.176E-02  0.123E-16      1.
 50  57  0.000E+00  0.000E+00 -0.999E+03  0.154E-43  0.688E+13  0.189E-01  0.179E-07  0.176E-02  0.111E-16      1.
 50  58  0.000E+00  0.000E+00 -0.999E+03  0.154E-43  0.929E+13  0.189E-01  0.196E-07  0.176E-02  0.110E-16      1.
 50  59  0.000E+00  0.000E+00 -0.999E+03  0.154E-43  0.135E+14  0.189E-01  0.314E-07  0.176E-02  0.185E-16      1.
 51   1  0.000E+00  0.000E+00 -0.999E+03  0.154E-43  0.178E+10  0.104E+00  0.155E+04  0.621E-01  0.430E+02      1.
 51   2  0.000E+00  0.217E-28 -0.999E+03  0.154E-43  0.220E+10  0.104E+00  0.177E+04  0.621E-01  0.452E+02      1.
 51   3  0.000E+00  0.310E-27 -0.999E+03  0.154E-43  0.333E+10  0.104E+00  0.279E+04  0.621E-01  0.743E+02      1.
 51   4  0.000E+00  0.366E-26 -0.999E+03  0.154E-43  0.466E+10  0.104E+00  0.387E+04  0.621E-01  0.102E+03      1.
 51   5  0.000E+00  0.389E-25 -0.999E+03  0.154E-43  0.614E+10  0.104E+00  0.489E+04  0.621E-01  0.123E+03      1.
 51   6  0.000E+00  0.382E-24 -0.999E+03  0.154E-43  0.786E+10  0.104E+00  0.586E+04  0.621E-01  0.139E+03      1.
 51   7  0.000E+00  0.355E-23 -0.999E+03  0.154E-43  0.985E+10  0.104E+00  0.677E+04  0.621E-01  0.148E+03      1.
 51   8  0.420E-44  0.332E-22 -0.999E+03  0.154E-43  0.121E+11  0.104E+00  0.754E+04  0.621E-01  0.150E+03      1.
 51   9  0.532E-43  0.335E-21 -0.999E+03  0.154E-43  0.149E+11  0.104E+00  0.835E+04  0.621E-01  0.150E+03      1.
 51  10  0.667E-42  0.385E-20 -0.999E+03  0.154E-43  0.188E+11  0.104E+00  0.964E+04  0.620E-01  0.160E+03      1.
 51  11  0.886E-41  0.513E-19 -0.999E+03  0.154E-43  0.244E+11  0.104E+00  0.116E+05  0.620E-01  0.181E+03      1.
 51  12  0.129E-39  0.783E-18 -0.999E+03  0.154E-43  0.308E+11  0.104E+00  0.132E+05  0.620E-01  0.189E+03      1.
 51  13  0.211E-38  0.139E-16 -0.999E+03  0.154E-43  0.363E+11  0.104E+00  0.132E+05  0.620E-01  0.165E+03      1.
 51  14  0.398E-37  0.297E-15 -0.999E+03  0.154E-43  0.407E+11  0.104E+00  0.117E+05  0.619E-01  0.121E+03      1.
 51  15  0.897E-36  0.799E-14 -0.999E+03  0.154E-43  0.449E+11  0.104E+00  0.985E+04  0.619E-01  0.831E+02      1.
 51  16  0.242E-34  0.263E-12 -0.999E+03  0.154E-43  0.479E+11  0.104E+00  0.746E+04  0.618E-01  0.492E+02      1.
 51  17  0.757E-33  0.995E-11 -0.999E+03  0.154E-43  0.471E+11  0.104E+00  0.448E+04  0.619E-01  0.211E+02      1.
 51  18  0.262E-31  0.424E-09 -0.999E+03  0.154E-43  0.442E+11  0.104E+00  0.223E+04  0.620E-01  0.696E+01      1.
 51  19  0.945E-30  0.198E-07 -0.999E+03  0.154E-43  0.417E+11  0.104E+00  0.104E+04  0.623E-01  0.208E+01      1.
 51  20  0.334E-28  0.490E-06 -0.999E+03  0.154E-43  0.398E+11  0.104E+00  0.455E+03  0.572E-01  0.574E+00      1.
 51  21  0.109E-26  0.187E-05 -0.999E+03  0.154E-43  0.381E+11  0.104E+00  0.184E+03  0.374E-01  0.142E+00      1.
 51  22  0.301E-25  0.788E-06 -0.999E+03  0.154E-43  0.369E+11  0.104E+00  0.706E+02  0.188E-01  0.325E-01      1.
 51  23  0.261E-24  0.987E-07 -0.999E+03  0.154E-43  0.347E+11  0.103E+00  0.219E+02  0.859E-02  0.556E-02      1.
 51  24  0.660E-24  0.844E-08 -0.999E+03  0.154E-43  0.310E+11  0.102E+00  0.501E+01  0.408E-02  0.617E-03      1.
 51  25  0.581E-23  0.627E-09 -0.999E+03  0.154E-43  0.270E+11  0.101E+00  0.896E+00  0.226E-02  0.489E-04      1.
 51  26  0.608E-22  0.457E-10 -0.999E+03  0.154E-43  0.225E+11  0.100E+00  0.116E+00  0.156E-02  0.246E-05      1.
 51  27  0.222E-21  0.329E-11 -0.999E+03  0.154E-43  0.184E+11  0.124E-01  0.118E-01  0.129E-02  0.888E-07     64.
 51  28  0.261E-21  0.229E-12 -0.999E+03  0.154E-43  0.157E+11  0.147E-02  0.133E-02  0.121E-02  0.369E-08     64.
 51  29  0.437E-22  0.151E-13 -0.999E+03  0.154E-43  0.142E+11  0.205E-03  0.191E-03  0.123E-02  0.215E-09     32.
 51  30  0.440E-23  0.926E-15 -0.999E+03  0.154E-43  0.133E+11  0.334E-04  0.301E-04  0.128E-02  0.142E-10     32.
 51  31  0.317E-24  0.513E-16 -0.999E+03  0.154E-43  0.129E+11  0.640E-05  0.573E-05  0.134E-02  0.122E-11     16.
 51  32  0.194E-25  0.253E-17 -0.999E+03  0.154E-43  0.138E+11  0.206E-05  0.186E-05  0.140E-02  0.221E-12      8.
 51  33  0.124E-26  0.111E-18 -0.999E+03  0.154E-43  0.165E+11  0.208E-05  0.104E-05  0.145E-02  0.866E-13      8.
 51  34  0.874E-28  0.436E-20 -0.999E+03  0.154E-43  0.201E+11  0.448E-05  0.670E-06  0.150E-02  0.407E-13      4.
 51  35  0.687E-29  0.159E-21 -0.999E+03  0.154E-43  0.235E+11  0.259E-04  0.336E-06  0.154E-02  0.136E-13      4.
 51  36  0.507E-30  0.555E-23 -0.999E+03  0.154E-43  0.265E+11  0.132E-03  0.139E-06  0.158E-02  0.345E-14      4.
 51  37  0.308E-31  0.193E-24 -0.999E+03  0.154E-43  0.306E+11  0.855E-04  0.659E-07  0.161E-02  0.106E-14      2.
 51  38  0.173E-32  0.704E-26 -0.999E+03  0.154E-43  0.378E+11  0.377E-03  0.444E-07  0.163E-02  0.534E-15      2.
 51  39  0.911E-34  0.216E-27 -0.999E+03  0.154E-43  0.498E+11  0.869E-03  0.425E-07  0.165E-02  0.438E-15      2.
 51  40  0.462E-35  0.545E-29 -0.999E+03  0.154E-43  0.687E+11  0.657E-03  0.524E-07  0.167E-02  0.511E-15      1.
 51  41  0.244E-36  0.114E-30 -0.999E+03  0.154E-43  0.967E+11  0.864E-03  0.719E-07  0.169E-02  0.693E-15      1.
 51  42  0.106E-37  0.195E-32 -0.999E+03  0.154E-43  0.135E+12  0.515E-02  0.939E-07  0.170E-02  0.876E-15      2.
 51  43  0.378E-39  0.274E-34 -0.999E+03  0.154E-43  0.184E+12  0.773E-02  0.109E-06  0.171E-02  0.940E-15      2.
 51  44  0.110E-40  0.315E-36 -0.999E+03  0.154E-43  0.248E+12  0.121E-01  0.117E-06  0.172E-02  0.910E-15      2.
 51  45  0.262E-42  0.297E-38 -0.999E+03  0.154E-43  0.330E+12  0.114E-01  0.120E-06  0.172E-02  0.815E-15      1.
 51  46  0.561E-44  0.228E-40 -0.999E+03  0.154E-43  0.432E+12  0.179E-01  0.112E-06  0.173E-02  0.646E-15      1.
 51  47  0.000E+00  0.143E-42 -0.999E+03  0.154E-43  0.558E+12  0.201E-01  0.963E-07  0.173E-02  0.457E-15      1.
 51  48  0.000E+00  0.140E-44 -0.999E+03  0.154E-43  0.716E+12  0.205E-01  0.805E-07  0.174E-02  0.310E-15      1.
 51  49  0.000E+00  0.000E+00 -0.999E+03  0.154E-43  0.925E+12  0.203E-01  0.696E-07  0.174E-02  0.221E-15      1.
 51  50  0.000E+00  0.000E+00 -0.999E+03  0.154E-43  0.121E+13  0.200E-01  0.651E-07  0.175E-02  0.176E-15      1.
 51  51  0.000E+00  0.000E+00 -0.999E+03  0.154E-43  0.160E+13  0.197E-01  0.639E-07  0.175E-02  0.149E-15      1.
 51  52  0.000E+00  0.000E+00 -0.999E+03  0.154E-43  0.210E+13  0.194E-01  0.596E-07  0.175E-02  0.118E-15      1.
 51  53  0.000E+00  0.000E+00 -0.999E+03  0.154E-43  0.267E+13  0.192E-01  0.474E-07  0.175E-02  0.747E-16      1.
 51  54  0.000E+00  0.000E+00 -0.999E+03  0.154E-43  0.330E+13  0.191E-01  0.323E-07  0.175E-02  0.381E-16      1.
 51  55  0.000E+00  0.000E+00 -0.999E+03  0.154E-43  0.408E+13  0.189E-01  0.222E-07  0.176E-02  0.197E-16      1.
 51  56  0.000E+00  0.000E+00 -0.999E+03  0.154E-43  0.517E+13  0.189E-01  0.175E-07  0.176E-02  0.123E-16      1.
 51  57  0.000E+00  0.000E+00 -0.999E+03  0.154E-43  0.688E+13  0.189E-01  0.179E-07  0.176E-02  0.111E-16      1.
 51  58  0.000E+00  0.000E+00 -0.999E+03  0.154E-43  0.929E+13  0.189E-01  0.196E-07  0.176E-02  0.110E-16      1.
 51  59  0.000E+00  0.000E+00 -0.999E+03  0.154E-43  0.135E+14  0.189E-01  0.314E-07  0.176E-02  0.185E-16      1.
 52   1  0.000E+00  0.000E+00 -0.999E+03  0.154E-43  0.178E+10  0.104E+00  0.155E+04  0.621E-01  0.430E+02      1.
 52   2  0.000E+00  0.254E-28 -0.999E+03  0.154E-43  0.220E+10  0.104E+00  0.177E+04  0.621E-01  0.452E+02      1.
 52   3  0.000E+00  0.353E-27 -0.999E+03  0.154E-43  0.333E+10  0.104E+00  0.279E+04  0.621E-01  0.743E+02      1.
 52   4  0.000E+00  0.406E-26 -0.999E+03  0.154E-43  0.466E+10  0.104E+00  0.387E+04  0.621E-01  0.102E+03      1.
 52   5  0.000E+00  0.420E-25 -0.999E+03  0.154E-43  0.614E+10  0.104E+00  0.489E+04  0.621E-01  0.123E+03      1.
 52   6  0.000E+00  0.396E-24 -0.999E+03  0.154E-43  0.786E+10  0.104E+00  0.586E+04  0.621E-01  0.139E+03      1.
 52   7  0.000E+00  0.351E-23 -0.999E+03  0.154E-43  0.985E+10  0.104E+00  0.677E+04  0.621E-01  0.148E+03      1.
 52   8  0.140E-44  0.311E-22 -0.999E+03  0.154E-43  0.121E+11  0.104E+00  0.754E+04  0.621E-01  0.150E+03      1.
 52   9  0.182E-43  0.292E-21 -0.999E+03  0.154E-43  0.149E+11  0.104E+00  0.835E+04  0.621E-01  0.150E+03      1.
 52  10  0.199E-42  0.310E-20 -0.999E+03  0.154E-43  0.188E+11  0.104E+00  0.964E+04  0.620E-01  0.160E+03      1.
 52  11  0.222E-41  0.379E-19 -0.999E+03  0.154E-43  0.244E+11  0.104E+00  0.116E+05  0.620E-01  0.181E+03      1.
 52  12  0.261E-40  0.524E-18 -0.999E+03  0.154E-43  0.308E+11  0.104E+00  0.132E+05  0.620E-01  0.189E+03      1.
 52  13  0.333E-39  0.817E-17 -0.999E+03  0.154E-43  0.363E+11  0.104E+00  0.132E+05  0.620E-01  0.165E+03      1.
 52  14  0.476E-38  0.148E-15 -0.999E+03  0.154E-43  0.407E+11  0.104E+00  0.117E+05  0.619E-01  0.121E+03      1.
 52  15  0.782E-37  0.329E-14 -0.999E+03  0.154E-43  0.449E+11  0.104E+00  0.985E+04  0.619E-01  0.831E+02      1.
 52  16  0.148E-35  0.891E-13 -0.999E+03  0.154E-43  0.479E+11  0.104E+00  0.746E+04  0.618E-01  0.492E+02      1.
 52  17  0.323E-34  0.289E-11 -0.999E+03  0.154E-43  0.471E+11  0.104E+00  0.448E+04  0.619E-01  0.211E+02      1.
 52  18  0.803E-33  0.115E-09 -0.999E+03  0.154E-43  0.442E+11  0.104E+00  0.223E+04  0.620E-01  0.696E+01      1.
 52  19  0.217E-31  0.517E-08 -0.999E+03  0.154E-43  0.417E+11  0.104E+00  0.104E+04  0.623E-01  0.208E+01      1.
 52  20  0.607E-30  0.608E-07 -0.999E+03  0.154E-43  0.398E+11  0.104E+00  0.455E+03  0.572E-01  0.574E+00      1.
 52  21  0.169E-28  0.170E-06 -0.999E+03  0.154E-43  0.381E+11  0.104E+00  0.184E+03  0.374E-01  0.142E+00      1.
 52  22  0.442E-27  0.288E-07 -0.999E+03  0.154E-43  0.369E+11  0.104E+00  0.706E+02  0.188E-01  0.325E-01      1.
 52  23  0.408E-26  0.234E-08 -0.999E+03  0.154E-43  0.347E+11  0.103E+00  0.219E+02  0.859E-02  0.556E-02      1.
 52  24  0.143E-25  0.138E-09 -0.999E+03  0.154E-43  0.310E+11  0.102E+00  0.501E+01  0.408E-02  0.617E-03      1.
 52  25  0.170E-24  0.707E-11 -0.999E+03  0.154E-43  0.270E+11  0.101E+00  0.896E+00  0.226E-02  0.489E-04      1.
 52  26  0.172E-23  0.363E-12 -0.999E+03  0.154E-43  0.225E+11  0.100E+00  0.116E+00  0.156E-02  0.246E-05      1.
 52  27  0.494E-23  0.188E-13 -0.999E+03  0.154E-43  0.184E+11  0.124E-01  0.118E-01  0.129E-02  0.888E-07     64.
 52  28  0.390E-23  0.974E-15 -0.999E+03  0.154E-43  0.157E+11  0.147E-02  0.133E-02  0.121E-02  0.369E-08     64.
 52  29  0.501E-24  0.489E-16 -0.999E+03  0.154E-43  0.142E+11  0.205E-03  0.191E-03  0.123E-02  0.215E-09     32.
 52  30  0.434E-25  0.234E-17 -0.999E+03  0.154E-43  0.133E+11  0.334E-04  0.301E-04  0.128E-02  0.142E-10     32.
 52  31  0.279E-26  0.103E-18 -0.999E+03  0.154E-43  0.129E+11  0.640E-05  0.573E-05  0.134E-02  0.122E-11     16.
 52  32  0.145E-27  0.414E-20 -0.999E+03  0.154E-43  0.138E+11  0.206E-05  0.186E-05  0.140E-02  0.221E-12      8.
 52  33  0.702E-29  0.150E-21 -0.999E+03  0.154E-43  0.165E+11  0.208E-05  0.104E-05  0.145E-02  0.866E-13      8.
 52  34  0.333E-30  0.503E-23 -0.999E+03  0.154E-43  0.201E+11  0.448E-05  0.670E-06  0.150E-02  0.407E-13      4.
 52  35  0.174E-31  0.160E-24 -0.999E+03  0.154E-43  0.235E+11  0.259E-04  0.336E-06  0.154E-02  0.136E-13      4.
 52  36  0.931E-33  0.508E-26 -0.999E+03  0.154E-43  0.265E+11  0.132E-03  0.139E-06  0.158E-02  0.345E-14      4.
 52  37  0.438E-34  0.167E-27 -0.999E+03  0.154E-43  0.306E+11  0.855E-04  0.659E-07  0.161E-02  0.106E-14      2.
 52  38  0.203E-35  0.496E-29 -0.999E+03  0.154E-43  0.378E+11  0.377E-03  0.444E-07  0.163E-02  0.534E-15      2.
 52  39  0.928E-37  0.121E-30 -0.999E+03  0.154E-43  0.498E+11  0.869E-03  0.425E-07  0.165E-02  0.438E-15      2.
 52  40  0.425E-38  0.244E-32 -0.999E+03  0.154E-43  0.687E+11  0.657E-03  0.524E-07  0.167E-02  0.511E-15      1.
 52  41  0.179E-39  0.406E-34 -0.999E+03  0.154E-43  0.967E+11  0.864E-03  0.719E-07  0.169E-02  0.693E-15      1.
 52  42  0.617E-41  0.554E-36 -0.999E+03  0.154E-43  0.135E+12  0.515E-02  0.939E-07  0.170E-02  0.876E-15      2.
 52  43  0.175E-42  0.620E-38 -0.999E+03  0.154E-43  0.184E+12  0.773E-02  0.109E-06  0.171E-02  0.940E-15      2.
 52  44  0.420E-44  0.568E-40 -0.999E+03  0.154E-43  0.248E+12  0.121E-01  0.117E-06  0.172E-02  0.910E-15      2.
 52  45  0.000E+00  0.426E-42 -0.999E+03  0.154E-43  0.330E+12  0.114E-01  0.120E-06  0.172E-02  0.815E-15      1.
 52  46  0.000E+00  0.280E-44 -0.999E+03  0.154E-43  0.432E+12  0.179E-01  0.112E-06  0.173E-02  0.646E-15      1.
 52  47  0.000E+00  0.000E+00 -0.999E+03  0.154E-43  0.558E+12  0.201E-01  0.963E-07  0.173E-02  0.457E-15      1.
 52  48  0.000E+00  0.000E+00 -0.999E+03  0.154E-43  0.716E+12  0.205E-01  0.805E-07  0.174E-02  0.310E-15      1.
 52  49  0.000E+00  0.000E+00 -0.999E+03  0.154E-43  0.925E+12  0.203E-01  0.696E-07  0.174E-02  0.221E-15      1.
 52  50  0.000E+00  0.000E+00 -0.999E+03  0.154E-43  0.121E+13  0.200E-01  0.651E-07  0.175E-02  0.176E-15      1.
 52  51  0.000E+00  0.000E+00 -0.999E+03  0.154E-43  0.160E+13  0.197E-01  0.639E-07  0.175E-02  0.149E-15      1.
 52  52  0.000E+00  0.000E+00 -0.999E+03  0.154E-43  0.210E+13  0.194E-01  0.596E-07  0.175E-02  0.118E-15      1.
 52  53  0.000E+00  0.000E+00 -0.999E+03  0.154E-43  0.267E+13  0.192E-01  0.474E-07  0.175E-02  0.747E-16      1.
 52  54  0.000E+00  0.000E+00 -0.999E+03  0.154E-43  0.330E+13  0.191E-01  0.323E-07  0.175E-02  0.381E-16      1.
 52  55  0.000E+00  0.000E+00 -0.999E+03  0.154E-43  0.408E+13  0.189E-01  0.222E-07  0.176E-02  0.197E-16      1.
 52  56  0.000E+00  0.000E+00 -0.999E+03  0.154E-43  0.517E+13  0.189E-01  0.175E-07  0.176E-02  0.123E-16      1.
 52  57  0.000E+00  0.000E+00 -0.999E+03  0.154E-43  0.688E+13  0.189E-01  0.179E-07  0.176E-02  0.111E-16      1.
 52  58  0.000E+00  0.000E+00 -0.999E+03  0.154E-43  0.929E+13  0.189E-01  0.196E-07  0.176E-02  0.110E-16      1.
 52  59  0.000E+00  0.000E+00 -0.999E+03  0.154E-43  0.135E+14  0.189E-01  0.314E-07  0.176E-02  0.185E-16      1.
 53   1  0.000E+00  0.000E+00 -0.999E+03  0.154E-43  0.178E+10  0.104E+00  0.155E+04  0.621E-01  0.430E+02      1.
 53   2  0.000E+00  0.244E-28 -0.999E+03  0.154E-43  0.220E+10  0.104E+00  0.177E+04  0.621E-01  0.452E+02      1.
 53   3  0.000E+00  0.327E-27 -0.999E+03  0.154E-43  0.333E+10  0.104E+00  0.279E+04  0.621E-01  0.743E+02      1.
 53   4  0.000E+00  0.367E-26 -0.999E+03  0.154E-43  0.466E+10  0.104E+00  0.387E+04  0.621E-01  0.102E+03      1.
 53   5  0.000E+00  0.372E-25 -0.999E+03  0.154E-43  0.614E+10  0.104E+00  0.489E+04  0.621E-01  0.123E+03      1.
 53   6  0.000E+00  0.341E-24 -0.999E+03  0.154E-43  0.786E+10  0.104E+00  0.586E+04  0.621E-01  0.139E+03      1.
 53   7  0.000E+00  0.290E-23 -0.999E+03  0.154E-43  0.985E+10  0.104E+00  0.677E+04  0.621E-01  0.148E+03      1.
 53   8  0.000E+00  0.241E-22 -0.999E+03  0.154E-43  0.121E+11  0.104E+00  0.754E+04  0.621E-01  0.150E+03      1.
 53   9  0.420E-44  0.209E-21 -0.999E+03  0.154E-43  0.149E+11  0.104E+00  0.835E+04  0.621E-01  0.150E+03      1.
 53  10  0.420E-43  0.205E-20 -0.999E+03  0.154E-43  0.188E+11  0.104E+00  0.964E+04  0.620E-01  0.160E+03      1.
 53  11  0.392E-42  0.229E-19 -0.999E+03  0.154E-43  0.244E+11  0.104E+00  0.116E+05  0.620E-01  0.181E+03      1.
 53  12  0.380E-41  0.289E-18 -0.999E+03  0.154E-43  0.308E+11  0.104E+00  0.132E+05  0.620E-01  0.189E+03      1.
 53  13  0.391E-40  0.401E-17 -0.999E+03  0.154E-43  0.363E+11  0.104E+00  0.132E+05  0.620E-01  0.165E+03      1.
 53  14  0.443E-39  0.617E-16 -0.999E+03  0.154E-43  0.407E+11  0.104E+00  0.117E+05  0.619E-01  0.121E+03      1.
 53  15  0.564E-38  0.111E-14 -0.999E+03  0.154E-43  0.449E+11  0.104E+00  0.985E+04  0.619E-01  0.831E+02      1.
 53  16  0.800E-37  0.236E-13 -0.999E+03  0.154E-43  0.479E+11  0.104E+00  0.746E+04  0.618E-01  0.492E+02      1.
 53  17  0.128E-35  0.644E-12 -0.999E+03  0.154E-43  0.471E+11  0.104E+00  0.448E+04  0.619E-01  0.211E+02      1.
 53  18  0.235E-34  0.245E-10 -0.999E+03  0.154E-43  0.442E+11  0.104E+00  0.223E+04  0.620E-01  0.696E+01      1.
 53  19  0.487E-33  0.927E-09 -0.999E+03  0.154E-43  0.417E+11  0.104E+00  0.104E+04  0.623E-01  0.208E+01      1.
 53  20  0.109E-31  0.434E-08 -0.999E+03  0.154E-43  0.398E+11  0.104E+00  0.455E+03  0.572E-01  0.574E+00      1.
 53  21  0.258E-30  0.742E-08 -0.999E+03  0.154E-43  0.381E+11  0.104E+00  0.184E+03  0.374E-01  0.142E+00      1.
 53  22  0.631E-29  0.535E-09 -0.999E+03  0.154E-43  0.369E+11  0.104E+00  0.706E+02  0.188E-01  0.325E-01      1.
 53  23  0.633E-28  0.265E-10 -0.999E+03  0.154E-43  0.347E+11  0.103E+00  0.219E+02  0.859E-02  0.556E-02      1.
 53  24  0.298E-27  0.105E-11 -0.999E+03  0.154E-43  0.310E+11  0.102E+00  0.501E+01  0.408E-02  0.617E-03      1.
 53  25  0.420E-26  0.371E-13 -0.999E+03  0.154E-43  0.270E+11  0.101E+00  0.896E+00  0.226E-02  0.489E-04      1.
 53  26  0.333E-25  0.134E-14 -0.999E+03  0.154E-43  0.225E+11  0.100E+00  0.116E+00  0.156E-02  0.246E-05      1.
 53  27  0.662E-25  0.500E-16 -0.999E+03  0.154E-43  0.184E+11  0.124E-01  0.118E-01  0.129E-02  0.888E-07     64.
 53  28  0.300E-25  0.191E-17 -0.999E+03  0.154E-43  0.157E+11  0.147E-02  0.133E-02  0.121E-02  0.369E-08     64.
 53  29  0.326E-26  0.732E-19 -0.999E+03  0.154E-43  0.142E+11  0.205E-03  0.191E-03  0.123E-02  0.215E-09     32.
 53  30  0.245E-27  0.274E-20 -0.999E+03  0.154E-43  0.133E+11  0.334E-04  0.301E-04  0.128E-02  0.142E-10     32.
 53  31  0.141E-28  0.972E-22 -0.999E+03  0.154E-43  0.129E+11  0.640E-05  0.573E-05  0.134E-02  0.122E-11     16.
 53  32  0.645E-30  0.321E-23 -0.999E+03  0.154E-43  0.138E+11  0.206E-05  0.186E-05  0.140E-02  0.221E-12      8.
 53  33  0.260E-31  0.982E-25 -0.999E+03  0.154E-43  0.165E+11  0.208E-05  0.104E-05  0.145E-02  0.866E-13      8.
 53  34  0.960E-33  0.286E-26 -0.999E+03  0.154E-43  0.201E+11  0.448E-05  0.670E-06  0.150E-02  0.407E-13      4.
 53  35  0.362E-34  0.822E-28 -0.999E+03  0.154E-43  0.235E+11  0.259E-04  0.336E-06  0.154E-02  0.136E-13      4.
 53  36  0.139E-35  0.244E-29 -0.999E+03  0.154E-43  0.265E+11  0.132E-03  0.139E-06  0.158E-02  0.345E-14      4.
 53  37  0.496E-37  0.697E-31 -0.999E+03  0.154E-43  0.306E+11  0.855E-04  0.659E-07  0.161E-02  0.106E-14      2.
 53  38  0.184E-38  0.164E-32 -0.999E+03  0.154E-43  0.378E+11  0.377E-03  0.444E-07  0.163E-02  0.534E-15      2.
 53  39  0.709E-40  0.320E-34 -0.999E+03  0.154E-43  0.498E+11  0.869E-03  0.425E-07  0.165E-02  0.438E-15      2.
 53  40  0.255E-41  0.514E-36 -0.999E+03  0.154E-43  0.687E+11  0.657E-03  0.524E-07  0.167E-02  0.511E-15      1.
 53  41  0.827E-43  0.678E-38 -0.999E+03  0.154E-43  0.967E+11  0.864E-03  0.719E-07  0.169E-02  0.693E-15      1.
 53  42  0.280E-44  0.736E-40 -0.999E+03  0.154E-43  0.135E+12  0.515E-02  0.939E-07  0.170E-02  0.876E-15      2.
 53  43  0.000E+00  0.656E-42 -0.999E+03  0.154E-43  0.184E+12  0.773E-02  0.109E-06  0.171E-02  0.940E-15      2.
 53  44  0.000E+00  0.420E-44 -0.999E+03  0.154E-43  0.248E+12  0.121E-01  0.117E-06  0.172E-02  0.910E-15      2.
 53  45  0.000E+00  0.000E+00 -0.999E+03  0.154E-43  0.330E+12  0.114E-01  0.120E-06  0.172E-02  0.815E-15      1.
 53  46  0.000E+00  0.000E+00 -0.999E+03  0.154E-43  0.432E+12  0.179E-01  0.112E-06  0.173E-02  0.646E-15      1.
 53  47  0.000E+00  0.000E+00 -0.999E+03  0.154E-43  0.558E+12  0.201E-01  0.963E-07  0.173E-02  0.457E-15      1.
 53  48  0.000E+00  0.000E+00 -0.999E+03  0.154E-43  0.716E+12  0.205E-01  0.805E-07  0.174E-02  0.310E-15      1.
 53  49  0.000E+00  0.000E+00 -0.999E+03  0.154E-43  0.925E+12  0.203E-01  0.696E-07  0.174E-02  0.221E-15      1.
 53  50  0.000E+00  0.000E+00 -0.999E+03  0.154E-43  0.121E+13  0.200E-01  0.651E-07  0.175E-02  0.176E-15      1.
 53  51  0.000E+00  0.000E+00 -0.999E+03  0.154E-43  0.160E+13  0.197E-01  0.639E-07  0.175E-02  0.149E-15      1.
 53  52  0.000E+00  0.000E+00 -0.999E+03  0.154E-43  0.210E+13  0.194E-01  0.596E-07  0.175E-02  0.118E-15      1.
 53  53  0.000E+00  0.000E+00 -0.999E+03  0.154E-43  0.267E+13  0.192E-01  0.474E-07  0.175E-02  0.747E-16      1.
 53  54  0.000E+00  0.000E+00 -0.999E+03  0.154E-43  0.330E+13  0.191E-01  0.323E-07  0.175E-02  0.381E-16      1.
 53  55  0.000E+00  0.000E+00 -0.999E+03  0.154E-43  0.408E+13  0.189E-01  0.222E-07  0.176E-02  0.197E-16      1.
 53  56  0.000E+00  0.000E+00 -0.999E+03  0.154E-43  0.517E+13  0.189E-01  0.175E-07  0.176E-02  0.123E-16      1.
 53  57  0.000E+00  0.000E+00 -0.999E+03  0.154E-43  0.688E+13  0.189E-01  0.179E-07  0.176E-02  0.111E-16      1.
 53  58  0.000E+00  0.000E+00 -0.999E+03  0.154E-43  0.929E+13  0.189E-01  0.196E-07  0.176E-02  0.110E-16      1.
 53  59  0.000E+00  0.000E+00 -0.999E+03  0.154E-43  0.135E+14  0.189E-01  0.314E-07  0.176E-02  0.185E-16      1.
 54   1  0.000E+00  0.000E+00 -0.999E+03  0.154E-43  0.178E+10  0.104E+00  0.155E+04  0.621E-01  0.430E+02      1.
 54   2  0.000E+00  0.189E-28 -0.999E+03  0.154E-43  0.220E+10  0.104E+00  0.177E+04  0.621E-01  0.452E+02      1.
 54   3  0.000E+00  0.243E-27 -0.999E+03  0.154E-43  0.333E+10  0.104E+00  0.279E+04  0.621E-01  0.743E+02      1.
 54   4  0.000E+00  0.265E-26 -0.999E+03  0.154E-43  0.466E+10  0.104E+00  0.387E+04  0.621E-01  0.102E+03      1.
 54   5  0.000E+00  0.263E-25 -0.999E+03  0.154E-43  0.614E+10  0.104E+00  0.489E+04  0.621E-01  0.123E+03      1.
 54   6  0.000E+00  0.236E-24 -0.999E+03  0.154E-43  0.786E+10  0.104E+00  0.586E+04  0.621E-01  0.139E+03      1.
 54   7  0.000E+00  0.193E-23 -0.999E+03  0.154E-43  0.985E+10  0.104E+00  0.677E+04  0.621E-01  0.148E+03      1.
 54   8  0.000E+00  0.152E-22 -0.999E+03  0.154E-43  0.121E+11  0.104E+00  0.754E+04  0.621E-01  0.150E+03      1.
 54   9  0.000E+00  0.121E-21 -0.999E+03  0.154E-43  0.149E+11  0.104E+00  0.835E+04  0.621E-01  0.150E+03      1.
 54  10  0.561E-44  0.104E-20 -0.999E+03  0.154E-43  0.188E+11  0.104E+00  0.964E+04  0.620E-01  0.160E+03      1.
 54  11  0.476E-43  0.102E-19 -0.999E+03  0.154E-43  0.244E+11  0.104E+00  0.116E+05  0.620E-01  0.181E+03      1.
 54  12  0.394E-42  0.117E-18 -0.999E+03  0.154E-43  0.308E+11  0.104E+00  0.132E+05  0.620E-01  0.189E+03      1.
 54  13  0.336E-41  0.144E-17 -0.999E+03  0.154E-43  0.363E+11  0.104E+00  0.132E+05  0.620E-01  0.165E+03      1.
 54  14  0.311E-40  0.183E-16 -0.999E+03  0.154E-43  0.407E+11  0.104E+00  0.117E+05  0.619E-01  0.121E+03      1.
 54  15  0.323E-39  0.255E-15 -0.999E+03  0.154E-43  0.449E+11  0.104E+00  0.985E+04  0.619E-01  0.831E+02      1.
 54  16  0.364E-38  0.403E-14 -0.999E+03  0.154E-43  0.479E+11  0.104E+00  0.746E+04  0.618E-01  0.492E+02      1.
 54  17  0.448E-37  0.931E-13 -0.999E+03  0.154E-43  0.471E+11  0.104E+00  0.448E+04  0.619E-01  0.211E+02      1.
 54  18  0.629E-36  0.363E-11 -0.999E+03  0.154E-43  0.442E+11  0.104E+00  0.223E+04  0.620E-01  0.696E+01      1.
 54  19  0.102E-34  0.624E-10 -0.999E+03  0.154E-43  0.417E+11  0.104E+00  0.104E+04  0.623E-01  0.208E+01      1.
 54  20  0.188E-33  0.157E-09 -0.999E+03  0.154E-43  0.398E+11  0.104E+00  0.455E+03  0.572E-01  0.574E+00      1.
 54  21  0.385E-32  0.967E-10 -0.999E+03  0.154E-43  0.381E+11  0.104E+00  0.184E+03  0.374E-01  0.142E+00      1.
 54  22  0.881E-31  0.445E-11 -0.999E+03  0.154E-43  0.369E+11  0.104E+00  0.706E+02  0.188E-01  0.325E-01      1.
 54  23  0.962E-30  0.146E-12 -0.999E+03  0.154E-43  0.347E+11  0.103E+00  0.219E+02  0.859E-02  0.556E-02      1.
 54  24  0.564E-29  0.399E-14 -0.999E+03  0.154E-43  0.310E+11  0.102E+00  0.501E+01  0.408E-02  0.617E-03      1.
 54  25  0.790E-28  0.975E-16 -0.999E+03  0.154E-43  0.270E+11  0.101E+00  0.896E+00  0.226E-02  0.489E-04      1.
 54  26  0.390E-27  0.246E-17 -0.999E+03  0.154E-43  0.225E+11  0.100E+00  0.116E+00  0.156E-02  0.246E-05      1.
 54  27  0.476E-27  0.658E-19 -0.999E+03  0.154E-43  0.184E+11  0.124E-01  0.118E-01  0.129E-02  0.888E-07     64.
 54  28  0.119E-27  0.185E-20 -0.999E+03  0.154E-43  0.157E+11  0.147E-02  0.133E-02  0.121E-02  0.369E-08     64.
 54  29  0.113E-28  0.540E-22 -0.999E+03  0.154E-43  0.142E+11  0.205E-03  0.191E-03  0.123E-02  0.215E-09     32.
 54  30  0.741E-30  0.159E-23 -0.999E+03  0.154E-43  0.133E+11  0.334E-04  0.301E-04  0.128E-02  0.142E-10     32.
 54  31  0.386E-31  0.458E-25 -0.999E+03  0.154E-43  0.129E+11  0.640E-05  0.573E-05  0.134E-02  0.122E-11     16.
 54  32  0.158E-32  0.126E-26 -0.999E+03  0.154E-43  0.138E+11  0.206E-05  0.186E-05  0.140E-02  0.221E-12      8.
 54  33  0.558E-34  0.334E-28 -0.999E+03  0.154E-43  0.165E+11  0.208E-05  0.104E-05  0.145E-02  0.866E-13      8.
 54  34  0.177E-35  0.870E-30 -0.999E+03  0.154E-43  0.201E+11  0.448E-05  0.670E-06  0.150E-02  0.407E-13      4.
 54  35  0.552E-37  0.233E-31 -0.999E+03  0.154E-43  0.235E+11  0.259E-04  0.336E-06  0.154E-02  0.136E-13      4.
 54  36  0.171E-38  0.630E-33 -0.999E+03  0.154E-43  0.265E+11  0.132E-03  0.139E-06  0.158E-02  0.345E-14      4.
 54  37  0.502E-40  0.142E-34 -0.999E+03  0.154E-43  0.306E+11  0.855E-04  0.659E-07  0.161E-02  0.106E-14      2.
 54  38  0.156E-41  0.267E-36 -0.999E+03  0.154E-43  0.378E+11  0.377E-03  0.444E-07  0.163E-02  0.534E-15      2.
 54  39  0.490E-43  0.412E-38 -0.999E+03  0.154E-43  0.498E+11  0.869E-03  0.425E-07  0.165E-02  0.438E-15      2.
 54  40  0.140E-44  0.524E-40 -0.999E+03  0.154E-43  0.687E+11  0.657E-03  0.524E-07  0.167E-02  0.511E-15      1.
 54  41  0.000E+00  0.549E-42 -0.999E+03  0.154E-43  0.967E+11  0.864E-03  0.719E-07  0.169E-02  0.693E-15      1.
 54  42  0.000E+00  0.420E-44 -0.999E+03  0.154E-43  0.135E+12  0.515E-02  0.939E-07  0.170E-02  0.876E-15      2.
 54  43  0.000E+00  0.000E+00 -0.999E+03  0.154E-43  0.184E+12  0.773E-02  0.109E-06  0.171E-02  0.940E-15      2.
 54  44  0.000E+00  0.000E+00 -0.999E+03  0.154E-43  0.248E+12  0.121E-01  0.117E-06  0.172E-02  0.910E-15      2.
 54  45  0.000E+00  0.000E+00 -0.999E+03  0.154E-43  0.330E+12  0.114E-01  0.120E-06  0.172E-02  0.815E-15      1.
 54  46  0.000E+00  0.000E+00 -0.999E+03  0.154E-43  0.432E+12  0.179E-01  0.112E-06  0.173E-02  0.646E-15      1.
 54  47  0.000E+00  0.000E+00 -0.999E+03  0.154E-43  0.558E+12  0.201E-01  0.963E-07  0.173E-02  0.457E-15      1.
 54  48  0.000E+00  0.000E+00 -0.999E+03  0.154E-43  0.716E+12  0.205E-01  0.805E-07  0.174E-02  0.310E-15      1.
 54  49  0.000E+00  0.000E+00 -0.999E+03  0.154E-43  0.925E+12  0.203E-01  0.696E-07  0.174E-02  0.221E-15      1.
 54  50  0.000E+00  0.000E+00 -0.999E+03  0.154E-43  0.121E+13  0.200E-01  0.651E-07  0.175E-02  0.176E-15      1.
 54  51  0.000E+00  0.000E+00 -0.999E+03  0.154E-43  0.160E+13  0.197E-01  0.639E-07  0.175E-02  0.149E-15      1.
 54  52  0.000E+00  0.000E+00 -0.999E+03  0.154E-43  0.210E+13  0.194E-01  0.596E-07  0.175E-02  0.118E-15      1.
 54  53  0.000E+00  0.000E+00 -0.999E+03  0.154E-43  0.267E+13  0.192E-01  0.474E-07  0.175E-02  0.747E-16      1.
 54  54  0.000E+00  0.000E+00 -0.999E+03  0.154E-43  0.330E+13  0.191E-01  0.323E-07  0.175E-02  0.381E-16      1.
 54  55  0.000E+00  0.000E+00 -0.999E+03  0.154E-43  0.408E+13  0.189E-01  0.222E-07  0.176E-02  0.197E-16      1.
 54  56  0.000E+00  0.000E+00 -0.999E+03  0.154E-43  0.517E+13  0.189E-01  0.175E-07  0.176E-02  0.123E-16      1.
 54  57  0.000E+00  0.000E+00 -0.999E+03  0.154E-43  0.688E+13  0.189E-01  0.179E-07  0.176E-02  0.111E-16      1.
 54  58  0.000E+00  0.000E+00 -0.999E+03  0.154E-43  0.929E+13  0.189E-01  0.196E-07  0.176E-02  0.110E-16      1.
 54  59  0.000E+00  0.000E+00 -0.999E+03  0.154E-43  0.135E+14  0.189E-01  0.314E-07  0.176E-02  0.185E-16      1.
 55   1  0.000E+00  0.000E+00 -0.999E+03  0.154E-43  0.178E+10  0.104E+00  0.155E+04  0.621E-01  0.430E+02      1.
 55   2  0.000E+00  0.117E-28 -0.999E+03  0.154E-43  0.220E+10  0.104E+00  0.177E+04  0.621E-01  0.452E+02      1.
 55   3  0.000E+00  0.142E-27 -0.999E+03  0.154E-43  0.333E+10  0.104E+00  0.279E+04  0.621E-01  0.743E+02      1.
 55   4  0.000E+00  0.150E-26 -0.999E+03  0.154E-43  0.466E+10  0.104E+00  0.387E+04  0.621E-01  0.102E+03      1.
 55   5  0.000E+00  0.146E-25 -0.999E+03  0.154E-43  0.614E+10  0.104E+00  0.489E+04  0.621E-01  0.123E+03      1.
 55   6  0.000E+00  0.128E-24 -0.999E+03  0.154E-43  0.786E+10  0.104E+00  0.586E+04  0.621E-01  0.139E+03      1.
 55   7  0.000E+00  0.101E-23 -0.999E+03  0.154E-43  0.985E+10  0.104E+00  0.677E+04  0.621E-01  0.148E+03      1.
 55   8  0.000E+00  0.751E-23 -0.999E+03  0.154E-43  0.121E+11  0.104E+00  0.754E+04  0.621E-01  0.150E+03      1.
 55   9  0.000E+00  0.544E-22 -0.999E+03  0.154E-43  0.149E+11  0.104E+00  0.835E+04  0.621E-01  0.150E+03      1.
 55  10  0.000E+00  0.405E-21 -0.999E+03  0.154E-43  0.188E+11  0.104E+00  0.964E+04  0.620E-01  0.160E+03      1.
 55  11  0.420E-44  0.325E-20 -0.999E+03  0.154E-43  0.244E+11  0.104E+00  0.116E+05  0.620E-01  0.181E+03      1.
 55  12  0.280E-43  0.295E-19 -0.999E+03  0.154E-43  0.308E+11  0.104E+00  0.132E+05  0.620E-01  0.189E+03      1.
 55  13  0.203E-42  0.298E-18 -0.999E+03  0.154E-43  0.363E+11  0.104E+00  0.132E+05  0.620E-01  0.165E+03      1.
 55  14  0.158E-41  0.324E-17 -0.999E+03  0.154E-43  0.407E+11  0.104E+00  0.117E+05  0.619E-01  0.121E+03      1.
 55  15  0.138E-40  0.382E-16 -0.999E+03  0.154E-43  0.449E+11  0.104E+00  0.985E+04  0.619E-01  0.831E+02      1.
 55  16  0.131E-39  0.490E-15 -0.999E+03  0.154E-43  0.479E+11  0.104E+00  0.746E+04  0.618E-01  0.492E+02      1.
 55  17  0.133E-38  0.928E-14 -0.999E+03  0.154E-43  0.471E+11  0.104E+00  0.448E+04  0.619E-01  0.211E+02      1.
 55  18  0.150E-37  0.244E-12 -0.999E+03  0.154E-43  0.442E+11  0.104E+00  0.223E+04  0.620E-01  0.696E+01      1.
 55  19  0.195E-36  0.124E-11 -0.999E+03  0.154E-43  0.417E+11  0.104E+00  0.104E+04  0.623E-01  0.208E+01      1.
 55  20  0.301E-35  0.215E-11 -0.999E+03  0.154E-43  0.398E+11  0.104E+00  0.455E+03  0.572E-01  0.574E+00      1.
 55  21  0.556E-34  0.367E-12 -0.999E+03  0.154E-43  0.381E+11  0.104E+00  0.184E+03  0.374E-01  0.142E+00      1.
 55  22  0.121E-32  0.149E-13 -0.999E+03  0.154E-43  0.369E+11  0.104E+00  0.706E+02  0.188E-01  0.325E-01      1.
 55  23  0.136E-31  0.379E-15 -0.999E+03  0.154E-43  0.347E+11  0.103E+00  0.219E+02  0.859E-02  0.556E-02      1.
 55  24  0.885E-31  0.774E-17 -0.999E+03  0.154E-43  0.310E+11  0.102E+00  0.501E+01  0.408E-02  0.617E-03      1.
 55  25  0.787E-30  0.137E-18 -0.999E+03  0.154E-43  0.270E+11  0.101E+00  0.896E+00  0.226E-02  0.489E-04      1.
 55  26  0.220E-29  0.248E-20 -0.999E+03  0.154E-43  0.225E+11  0.100E+00  0.116E+00  0.156E-02  0.246E-05      1.
 55  27  0.155E-29  0.478E-22 -0.999E+03  0.154E-43  0.184E+11  0.124E-01  0.118E-01  0.129E-02  0.888E-07     64.
 55  28  0.259E-30  0.992E-24 -0.999E+03  0.154E-43  0.157E+11  0.147E-02  0.133E-02  0.121E-02  0.369E-08     64.
 55  29  0.207E-31  0.220E-25 -0.999E+03  0.154E-43  0.142E+11  0.205E-03  0.191E-03  0.123E-02  0.215E-09     32.
 55  30  0.116E-32  0.510E-27 -0.999E+03  0.154E-43  0.133E+11  0.334E-04  0.301E-04  0.128E-02  0.142E-10     32.
 55  31  0.550E-34  0.120E-28 -0.999E+03  0.154E-43  0.129E+11  0.640E-05  0.573E-05  0.134E-02  0.122E-11     16.
 55  32  0.202E-35  0.283E-30 -0.999E+03  0.154E-43  0.138E+11  0.206E-05  0.186E-05  0.140E-02  0.221E-12      8.
 55  33  0.640E-37  0.662E-32 -0.999E+03  0.154E-43  0.165E+11  0.208E-05  0.104E-05  0.145E-02  0.866E-13      8.
 55  34  0.180E-38  0.160E-33 -0.999E+03  0.154E-43  0.201E+11  0.448E-05  0.670E-06  0.150E-02  0.407E-13      4.
 55  35  0.502E-40  0.395E-35 -0.999E+03  0.154E-43  0.235E+11  0.259E-04  0.336E-06  0.154E-02  0.136E-13      4.
 55  36  0.138E-41  0.839E-37 -0.999E+03  0.154E-43  0.265E+11  0.132E-03  0.139E-06  0.158E-02  0.345E-14      4.
 55  37  0.364E-43  0.149E-38 -0.999E+03  0.154E-43  0.306E+11  0.855E-04  0.659E-07  0.161E-02  0.106E-14      2.
 55  38  0.140E-44  0.220E-40 -0.999E+03  0.154E-43  0.378E+11  0.377E-03  0.444E-07  0.163E-02  0.534E-15      2.
 55  39  0.000E+00  0.269E-42 -0.999E+03  0.154E-43  0.498E+11  0.869E-03  0.425E-07  0.165E-02  0.438E-15      2.
 55  40  0.000E+00  0.280E-44 -0.999E+03  0.154E-43  0.687E+11  0.657E-03  0.524E-07  0.167E-02  0.511E-15      1.
 55  41  0.000E+00  0.000E+00 -0.999E+03  0.154E-43  0.967E+11  0.864E-03  0.719E-07  0.169E-02  0.693E-15      1.
 55  42  0.000E+00  0.000E+00 -0.999E+03  0.154E-43  0.135E+12  0.515E-02  0.939E-07  0.170E-02  0.876E-15      2.
 55  43  0.000E+00  0.000E+00 -0.999E+03  0.154E-43  0.184E+12  0.773E-02  0.109E-06  0.171E-02  0.940E-15      2.
 55  44  0.000E+00  0.000E+00 -0.999E+03  0.154E-43  0.248E+12  0.121E-01  0.117E-06  0.172E-02  0.910E-15      2.
 55  45  0.000E+00  0.000E+00 -0.999E+03  0.154E-43  0.330E+12  0.114E-01  0.120E-06  0.172E-02  0.815E-15      1.
 55  46  0.000E+00  0.000E+00 -0.999E+03  0.154E-43  0.432E+12  0.179E-01  0.112E-06  0.173E-02  0.646E-15      1.
 55  47  0.000E+00  0.000E+00 -0.999E+03  0.154E-43  0.558E+12  0.201E-01  0.963E-07  0.173E-02  0.457E-15      1.
 55  48  0.000E+00  0.000E+00 -0.999E+03  0.154E-43  0.716E+12  0.205E-01  0.805E-07  0.174E-02  0.310E-15      1.
 55  49  0.000E+00  0.000E+00 -0.999E+03  0.154E-43  0.925E+12  0.203E-01  0.696E-07  0.174E-02  0.221E-15      1.
 55  50  0.000E+00  0.000E+00 -0.999E+03  0.154E-43  0.121E+13  0.200E-01  0.651E-07  0.175E-02  0.176E-15      1.
 55  51  0.000E+00  0.000E+00 -0.999E+03  0.154E-43  0.160E+13  0.197E-01  0.639E-07  0.175E-02  0.149E-15      1.
 55  52  0.000E+00  0.000E+00 -0.999E+03  0.154E-43  0.210E+13  0.194E-01  0.596E-07  0.175E-02  0.118E-15      1.
 55  53  0.000E+00  0.000E+00 -0.999E+03  0.154E-43  0.267E+13  0.192E-01  0.474E-07  0.175E-02  0.747E-16      1.
 55  54  0.000E+00  0.000E+00 -0.999E+03  0.154E-43  0.330E+13  0.191E-01  0.323E-07  0.175E-02  0.381E-16      1.
 55  55  0.000E+00  0.000E+00 -0.999E+03  0.154E-43  0.408E+13  0.189E-01  0.222E-07  0.176E-02  0.197E-16      1.
 55  56  0.000E+00  0.000E+00 -0.999E+03  0.154E-43  0.517E+13  0.189E-01  0.175E-07  0.176E-02  0.123E-16      1.
 55  57  0.000E+00  0.000E+00 -0.999E+03  0.154E-43  0.688E+13  0.189E-01  0.179E-07  0.176E-02  0.111E-16      1.
 55  58  0.000E+00  0.000E+00 -0.999E+03  0.154E-43  0.929E+13  0.189E-01  0.196E-07  0.176E-02  0.110E-16      1.
 55  59  0.000E+00  0.000E+00 -0.999E+03  0.154E-43  0.135E+14  0.189E-01  0.314E-07  0.176E-02  0.185E-16      1.
 56   1  0.000E+00  0.000E+00 -0.999E+03  0.154E-43  0.178E+10  0.104E+00  0.155E+04  0.621E-01  0.430E+02      1.
 56   2  0.000E+00  0.567E-29 -0.999E+03  0.154E-43  0.220E+10  0.104E+00  0.177E+04  0.621E-01  0.452E+02      1.
 56   3  0.000E+00  0.637E-28 -0.999E+03  0.154E-43  0.333E+10  0.104E+00  0.279E+04  0.621E-01  0.743E+02      1.
 56   4  0.000E+00  0.644E-27 -0.999E+03  0.154E-43  0.466E+10  0.104E+00  0.387E+04  0.621E-01  0.102E+03      1.
 56   5  0.000E+00  0.604E-26 -0.999E+03  0.154E-43  0.614E+10  0.104E+00  0.489E+04  0.621E-01  0.123E+03      1.
 56   6  0.000E+00  0.503E-25 -0.999E+03  0.154E-43  0.786E+10  0.104E+00  0.586E+04  0.621E-01  0.139E+03      1.
 56   7  0.000E+00  0.376E-24 -0.999E+03  0.154E-43  0.985E+10  0.104E+00  0.677E+04  0.621E-01  0.148E+03      1.
 56   8  0.000E+00  0.256E-23 -0.999E+03  0.154E-43  0.121E+11  0.104E+00  0.754E+04  0.621E-01  0.150E+03      1.
 56   9  0.000E+00  0.163E-22 -0.999E+03  0.154E-43  0.149E+11  0.104E+00  0.835E+04  0.621E-01  0.150E+03      1.
 56  10  0.000E+00  0.993E-22 -0.999E+03  0.154E-43  0.188E+11  0.104E+00  0.964E+04  0.620E-01  0.160E+03      1.
 56  11  0.000E+00  0.600E-21 -0.999E+03  0.154E-43  0.244E+11  0.104E+00  0.116E+05  0.620E-01  0.181E+03      1.
 56  12  0.140E-44  0.380E-20 -0.999E+03  0.154E-43  0.308E+11  0.104E+00  0.132E+05  0.620E-01  0.189E+03      1.
 56  13  0.981E-44  0.278E-19 -0.999E+03  0.154E-43  0.363E+11  0.104E+00  0.132E+05  0.620E-01  0.165E+03      1.
 56  14  0.603E-43  0.239E-18 -0.999E+03  0.154E-43  0.407E+11  0.104E+00  0.117E+05  0.619E-01  0.121E+03      1.
 56  15  0.454E-42  0.251E-17 -0.999E+03  0.154E-43  0.449E+11  0.104E+00  0.985E+04  0.619E-01  0.831E+02      1.
 56  16  0.375E-41  0.331E-16 -0.999E+03  0.154E-43  0.479E+11  0.104E+00  0.746E+04  0.618E-01  0.492E+02      1.
 56  17  0.333E-40  0.573E-15 -0.999E+03  0.154E-43  0.471E+11  0.104E+00  0.448E+04  0.619E-01  0.211E+02      1.
 56  18  0.317E-39  0.445E-14 -0.999E+03  0.154E-43  0.442E+11  0.104E+00  0.223E+04  0.620E-01  0.696E+01      1.
 56  19  0.342E-38  0.899E-14 -0.999E+03  0.154E-43  0.417E+11  0.104E+00  0.104E+04  0.623E-01  0.208E+01      1.
 56  20  0.447E-37  0.108E-13 -0.999E+03  0.154E-43  0.398E+11  0.104E+00  0.455E+03  0.572E-01  0.574E+00      1.
 56  21  0.749E-36  0.960E-15 -0.999E+03  0.154E-43  0.381E+11  0.104E+00  0.184E+03  0.374E-01  0.142E+00      1.
 56  22  0.156E-34  0.275E-16 -0.999E+03  0.154E-43  0.369E+11  0.104E+00  0.706E+02  0.188E-01  0.325E-01      1.
 56  23  0.160E-33  0.538E-18 -0.999E+03  0.154E-43  0.347E+11  0.103E+00  0.219E+02  0.859E-02  0.556E-02      1.
 56  24  0.923E-33  0.853E-20 -0.999E+03  0.154E-43  0.310E+11  0.102E+00  0.501E+01  0.408E-02  0.617E-03      1.
 56  25  0.407E-32  0.114E-21 -0.999E+03  0.154E-43  0.270E+11  0.101E+00  0.896E+00  0.226E-02  0.489E-04      1.
 56  26  0.550E-32  0.157E-23 -0.999E+03  0.154E-43  0.225E+11  0.100E+00  0.116E+00  0.156E-02  0.246E-05      1.
 56  27  0.231E-32  0.226E-25 -0.999E+03  0.154E-43  0.184E+11  0.124E-01  0.118E-01  0.129E-02  0.888E-07     64.
 56  28  0.299E-33  0.353E-27 -0.999E+03  0.154E-43  0.157E+11  0.147E-02  0.133E-02  0.121E-02  0.369E-08     64.
 56  29  0.192E-34  0.599E-29 -0.999E+03  0.154E-43  0.142E+11  0.205E-03  0.191E-03  0.123E-02  0.215E-09     32.
 56  30  0.922E-36  0.110E-30 -0.999E+03  0.154E-43  0.133E+11  0.334E-04  0.301E-04  0.128E-02  0.142E-10     32.
 56  31  0.405E-37  0.214E-32 -0.999E+03  0.154E-43  0.129E+11  0.640E-05  0.573E-05  0.134E-02  0.122E-11     16.
 56  32  0.135E-38  0.434E-34 -0.999E+03  0.154E-43  0.138E+11  0.206E-05  0.186E-05  0.140E-02  0.221E-12      8.
 56  33  0.389E-40  0.922E-36 -0.999E+03  0.154E-43  0.165E+11  0.208E-05  0.104E-05  0.145E-02  0.866E-13      8.
 56  34  0.994E-42  0.197E-37 -0.999E+03  0.154E-43  0.201E+11  0.448E-05  0.670E-06  0.150E-02  0.407E-13      4.
 56  35  0.252E-43  0.375E-39 -0.999E+03  0.154E-43  0.235E+11  0.259E-04  0.336E-06  0.154E-02  0.136E-13      4.
 56  36  0.000E+00  0.615E-41 -0.999E+03  0.154E-43  0.265E+11  0.132E-03  0.139E-06  0.158E-02  0.345E-14      4.
 56  37  0.000E+00  0.855E-43 -0.999E+03  0.154E-43  0.306E+11  0.855E-04  0.659E-07  0.161E-02  0.106E-14      2.
 56  38  0.000E+00  0.140E-44 -0.999E+03  0.154E-43  0.378E+11  0.377E-03  0.444E-07  0.163E-02  0.534E-15      2.
 56  39  0.000E+00  0.000E+00 -0.999E+03  0.154E-43  0.498E+11  0.869E-03  0.425E-07  0.165E-02  0.438E-15      2.
 56  40  0.000E+00  0.000E+00 -0.999E+03  0.154E-43  0.687E+11  0.657E-03  0.524E-07  0.167E-02  0.511E-15      1.
 56  41  0.000E+00  0.000E+00 -0.999E+03  0.154E-43  0.967E+11  0.864E-03  0.719E-07  0.169E-02  0.693E-15      1.
 56  42  0.000E+00  0.000E+00 -0.999E+03  0.154E-43  0.135E+12  0.515E-02  0.939E-07  0.170E-02  0.876E-15      2.
 56  43  0.000E+00  0.000E+00 -0.999E+03  0.154E-43  0.184E+12  0.773E-02  0.109E-06  0.171E-02  0.940E-15      2.
 56  44  0.000E+00  0.000E+00 -0.999E+03  0.154E-43  0.248E+12  0.121E-01  0.117E-06  0.172E-02  0.910E-15      2.
 56  45  0.000E+00  0.000E+00 -0.999E+03  0.154E-43  0.330E+12  0.114E-01  0.120E-06  0.172E-02  0.815E-15      1.
 56  46  0.000E+00  0.000E+00 -0.999E+03  0.154E-43  0.432E+12  0.179E-01  0.112E-06  0.173E-02  0.646E-15      1.
 56  47  0.000E+00  0.000E+00 -0.999E+03  0.154E-43  0.558E+12  0.201E-01  0.963E-07  0.173E-02  0.457E-15      1.
 56  48  0.000E+00  0.000E+00 -0.999E+03  0.154E-43  0.716E+12  0.205E-01  0.805E-07  0.174E-02  0.310E-15      1.
 56  49  0.000E+00  0.000E+00 -0.999E+03  0.154E-43  0.925E+12  0.203E-01  0.696E-07  0.174E-02  0.221E-15      1.
 56  50  0.000E+00  0.000E+00 -0.999E+03  0.154E-43  0.121E+13  0.200E-01  0.651E-07  0.175E-02  0.176E-15      1.
 56  51  0.000E+00  0.000E+00 -0.999E+03  0.154E-43  0.160E+13  0.197E-01  0.639E-07  0.175E-02  0.149E-15      1.
 56  52  0.000E+00  0.000E+00 -0.999E+03  0.154E-43  0.210E+13  0.194E-01  0.596E-07  0.175E-02  0.118E-15      1.
 56  53  0.000E+00  0.000E+00 -0.999E+03  0.154E-43  0.267E+13  0.192E-01  0.474E-07  0.175E-02  0.747E-16      1.
 56  54  0.000E+00  0.000E+00 -0.999E+03  0.154E-43  0.330E+13  0.191E-01  0.323E-07  0.175E-02  0.381E-16      1.
 56  55  0.000E+00  0.000E+00 -0.999E+03  0.154E-43  0.408E+13  0.189E-01  0.222E-07  0.176E-02  0.197E-16      1.
 56  56  0.000E+00  0.000E+00 -0.999E+03  0.154E-43  0.517E+13  0.189E-01  0.175E-07  0.176E-02  0.123E-16      1.
 56  57  0.000E+00  0.000E+00 -0.999E+03  0.154E-43  0.688E+13  0.189E-01  0.179E-07  0.176E-02  0.111E-16      1.
 56  58  0.000E+00  0.000E+00 -0.999E+03  0.154E-43  0.929E+13  0.189E-01  0.196E-07  0.176E-02  0.110E-16      1.
 56  59  0.000E+00  0.000E+00 -0.999E+03  0.154E-43  0.135E+14  0.189E-01  0.314E-07  0.176E-02  0.185E-16      1.
 57   1  0.000E+00  0.000E+00 -0.999E+03  0.154E-43  0.178E+10  0.104E+00  0.155E+04  0.621E-01  0.430E+02      1.
 57   2  0.000E+00  0.206E-29 -0.999E+03  0.154E-43  0.220E+10  0.104E+00  0.177E+04  0.621E-01  0.452E+02      1.
 57   3  0.000E+00  0.205E-28 -0.999E+03  0.154E-43  0.333E+10  0.104E+00  0.279E+04  0.621E-01  0.743E+02      1.
 57   4  0.000E+00  0.188E-27 -0.999E+03  0.154E-43  0.466E+10  0.104E+00  0.387E+04  0.621E-01  0.102E+03      1.
 57   5  0.000E+00  0.158E-26 -0.999E+03  0.154E-43  0.614E+10  0.104E+00  0.489E+04  0.621E-01  0.123E+03      1.
 57   6  0.000E+00  0.118E-25 -0.999E+03  0.154E-43  0.786E+10  0.104E+00  0.586E+04  0.621E-01  0.139E+03      1.
 57   7  0.000E+00  0.788E-25 -0.999E+03  0.154E-43  0.985E+10  0.104E+00  0.677E+04  0.621E-01  0.148E+03      1.
 57   8  0.000E+00  0.469E-24 -0.999E+03  0.154E-43  0.121E+11  0.104E+00  0.754E+04  0.621E-01  0.150E+03      1.
 57   9  0.000E+00  0.252E-23 -0.999E+03  0.154E-43  0.149E+11  0.104E+00  0.835E+04  0.621E-01  0.150E+03      1.
 57  10  0.000E+00  0.124E-22 -0.999E+03  0.154E-43  0.188E+11  0.104E+00  0.964E+04  0.620E-01  0.160E+03      1.
 57  11  0.000E+00  0.584E-22 -0.999E+03  0.154E-43  0.244E+11  0.104E+00  0.116E+05  0.620E-01  0.181E+03      1.
 57  12  0.000E+00  0.279E-21 -0.999E+03  0.154E-43  0.308E+11  0.104E+00  0.132E+05  0.620E-01  0.189E+03      1.
 57  13  0.000E+00  0.150E-20 -0.999E+03  0.154E-43  0.363E+11  0.104E+00  0.132E+05  0.620E-01  0.165E+03      1.
 57  14  0.140E-44  0.980E-20 -0.999E+03  0.154E-43  0.407E+11  0.104E+00  0.117E+05  0.619E-01  0.121E+03      1.
 57  15  0.126E-43  0.764E-19 -0.999E+03  0.154E-43  0.449E+11  0.104E+00  0.985E+04  0.619E-01  0.831E+02      1.
 57  16  0.925E-43  0.690E-18 -0.999E+03  0.154E-43  0.479E+11  0.104E+00  0.746E+04  0.618E-01  0.492E+02      1.
 57  17  0.703E-42  0.571E-17 -0.999E+03  0.154E-43  0.471E+11  0.104E+00  0.448E+04  0.619E-01  0.211E+02      1.
 57  18  0.563E-41  0.202E-16 -0.999E+03  0.154E-43  0.442E+11  0.104E+00  0.223E+04  0.620E-01  0.696E+01      1.
 57  19  0.488E-40  0.263E-16 -0.999E+03  0.154E-43  0.417E+11  0.104E+00  0.104E+04  0.623E-01  0.208E+01      1.
 57  20  0.519E-39  0.150E-16 -0.999E+03  0.154E-43  0.398E+11  0.104E+00  0.455E+03  0.572E-01  0.574E+00      1.
 57  21  0.814E-38  0.142E-17 -0.999E+03  0.154E-43  0.381E+11  0.104E+00  0.184E+03  0.374E-01  0.142E+00      1.
 57  22  0.161E-36  0.319E-19 -0.999E+03  0.154E-43  0.369E+11  0.104E+00  0.706E+02  0.188E-01  0.325E-01      1.
 57  23  0.123E-35  0.505E-21 -0.999E+03  0.154E-43  0.347E+11  0.103E+00  0.219E+02  0.859E-02  0.556E-02      1.
 57  24  0.438E-35  0.650E-23 -0.999E+03  0.154E-43  0.310E+11  0.102E+00  0.501E+01  0.408E-02  0.617E-03      1.
 57  25  0.102E-34  0.711E-25 -0.999E+03  0.154E-43  0.270E+11  0.101E+00  0.896E+00  0.226E-02  0.489E-04      1.
 57  26  0.523E-35  0.789E-27 -0.999E+03  0.154E-43  0.225E+11  0.100E+00  0.116E+00  0.156E-02  0.246E-05      1.
 57  27  0.159E-35  0.918E-29 -0.999E+03  0.154E-43  0.184E+11  0.124E-01  0.118E-01  0.129E-02  0.888E-07     64.
 57  28  0.177E-36  0.115E-30 -0.999E+03  0.154E-43  0.157E+11  0.147E-02  0.133E-02  0.121E-02  0.369E-08     64.
 57  29  0.913E-38  0.155E-32 -0.999E+03  0.154E-43  0.142E+11  0.205E-03  0.191E-03  0.123E-02  0.215E-09     32.
 57  30  0.380E-39  0.230E-34 -0.999E+03  0.154E-43  0.133E+11  0.334E-04  0.301E-04  0.128E-02  0.142E-10     32.
 57  31  0.161E-40  0.371E-36 -0.999E+03  0.154E-43  0.129E+11  0.640E-05  0.573E-05  0.134E-02  0.122E-11     16.
 57  32  0.496E-42  0.630E-38 -0.999E+03  0.154E-43  0.138E+11  0.206E-05  0.186E-05  0.140E-02  0.221E-12      8.
 57  33  0.126E-43  0.104E-39 -0.999E+03  0.154E-43  0.165E+11  0.208E-05  0.104E-05  0.145E-02  0.866E-13      8.
 57  34  0.000E+00  0.161E-41 -0.999E+03  0.154E-43  0.201E+11  0.448E-05  0.670E-06  0.150E-02  0.407E-13      4.
 57  35  0.000E+00  0.224E-43 -0.999E+03  0.154E-43  0.235E+11  0.259E-04  0.336E-06  0.154E-02  0.136E-13      4.
 57  36  0.000E+00  0.000E+00 -0.999E+03  0.154E-43  0.265E+11  0.132E-03  0.139E-06  0.158E-02  0.345E-14      4.
 57  37  0.000E+00  0.000E+00 -0.999E+03  0.154E-43  0.306E+11  0.855E-04  0.659E-07  0.161E-02  0.106E-14      2.
 57  38  0.000E+00  0.000E+00 -0.999E+03  0.154E-43  0.378E+11  0.377E-03  0.444E-07  0.163E-02  0.534E-15      2.
 57  39  0.000E+00  0.000E+00 -0.999E+03  0.154E-43  0.498E+11  0.869E-03  0.425E-07  0.165E-02  0.438E-15      2.
 57  40  0.000E+00  0.000E+00 -0.999E+03  0.154E-43  0.687E+11  0.657E-03  0.524E-07  0.167E-02  0.511E-15      1.
 57  41  0.000E+00  0.000E+00 -0.999E+03  0.154E-43  0.967E+11  0.864E-03  0.719E-07  0.169E-02  0.693E-15      1.
 57  42  0.000E+00  0.000E+00 -0.999E+03  0.154E-43  0.135E+12  0.515E-02  0.939E-07  0.170E-02  0.876E-15      2.
 57  43  0.000E+00  0.000E+00 -0.999E+03  0.154E-43  0.184E+12  0.773E-02  0.109E-06  0.171E-02  0.940E-15      2.
 57  44  0.000E+00  0.000E+00 -0.999E+03  0.154E-43  0.248E+12  0.121E-01  0.117E-06  0.172E-02  0.910E-15      2.
 57  45  0.000E+00  0.000E+00 -0.999E+03  0.154E-43  0.330E+12  0.114E-01  0.120E-06  0.172E-02  0.815E-15      1.
 57  46  0.000E+00  0.000E+00 -0.999E+03  0.154E-43  0.432E+12  0.179E-01  0.112E-06  0.173E-02  0.646E-15      1.
 57  47  0.000E+00  0.000E+00 -0.999E+03  0.154E-43  0.558E+12  0.201E-01  0.963E-07  0.173E-02  0.457E-15      1.
 57  48  0.000E+00  0.000E+00 -0.999E+03  0.154E-43  0.716E+12  0.205E-01  0.805E-07  0.174E-02  0.310E-15      1.
 57  49  0.000E+00  0.000E+00 -0.999E+03  0.154E-43  0.925E+12  0.203E-01  0.696E-07  0.174E-02  0.221E-15      1.
 57  50  0.000E+00  0.000E+00 -0.999E+03  0.154E-43  0.121E+13  0.200E-01  0.651E-07  0.175E-02  0.176E-15      1.
 57  51  0.000E+00  0.000E+00 -0.999E+03  0.154E-43  0.160E+13  0.197E-01  0.639E-07  0.175E-02  0.149E-15      1.
 57  52  0.000E+00  0.000E+00 -0.999E+03  0.154E-43  0.210E+13  0.194E-01  0.596E-07  0.175E-02  0.118E-15      1.
 57  53  0.000E+00  0.000E+00 -0.999E+03  0.154E-43  0.267E+13  0.192E-01  0.474E-07  0.175E-02  0.747E-16      1.
 57  54  0.000E+00  0.000E+00 -0.999E+03  0.154E-43  0.330E+13  0.191E-01  0.323E-07  0.175E-02  0.381E-16      1.
 57  55  0.000E+00  0.000E+00 -0.999E+03  0.154E-43  0.408E+13  0.189E-01  0.222E-07  0.176E-02  0.197E-16      1.
 57  56  0.000E+00  0.000E+00 -0.999E+03  0.154E-43  0.517E+13  0.189E-01  0.175E-07  0.176E-02  0.123E-16      1.
 57  57  0.000E+00  0.000E+00 -0.999E+03  0.154E-43  0.688E+13  0.189E-01  0.179E-07  0.176E-02  0.111E-16      1.
 57  58  0.000E+00  0.000E+00 -0.999E+03  0.154E-43  0.929E+13  0.189E-01  0.196E-07  0.176E-02  0.110E-16      1.
 57  59  0.000E+00  0.000E+00 -0.999E+03  0.154E-43  0.135E+14  0.189E-01  0.314E-07  0.176E-02  0.185E-16      1.
 58   1  0.000E+00  0.000E+00 -0.999E+03  0.154E-43  0.178E+10  0.104E+00  0.155E+04  0.621E-01  0.430E+02      1.
 58   2  0.000E+00  0.484E-30 -0.999E+03  0.154E-43  0.220E+10  0.104E+00  0.177E+04  0.621E-01  0.452E+02      1.
 58   3  0.000E+00  0.365E-29 -0.999E+03  0.154E-43  0.333E+10  0.104E+00  0.279E+04  0.621E-01  0.743E+02      1.
 58   4  0.000E+00  0.267E-28 -0.999E+03  0.154E-43  0.466E+10  0.104E+00  0.387E+04  0.621E-01  0.102E+03      1.
 58   5  0.000E+00  0.181E-27 -0.999E+03  0.154E-43  0.614E+10  0.104E+00  0.489E+04  0.621E-01  0.123E+03      1.
 58   6  0.000E+00  0.110E-26 -0.999E+03  0.154E-43  0.786E+10  0.104E+00  0.586E+04  0.621E-01  0.139E+03      1.
 58   7  0.000E+00  0.610E-26 -0.999E+03  0.154E-43  0.985E+10  0.104E+00  0.677E+04  0.621E-01  0.148E+03      1.
 58   8  0.000E+00  0.307E-25 -0.999E+03  0.154E-43  0.121E+11  0.104E+00  0.754E+04  0.621E-01  0.150E+03      1.
 58   9  0.000E+00  0.142E-24 -0.999E+03  0.154E-43  0.149E+11  0.104E+00  0.835E+04  0.621E-01  0.150E+03      1.
 58  10  0.000E+00  0.590E-24 -0.999E+03  0.154E-43  0.188E+11  0.104E+00  0.964E+04  0.620E-01  0.160E+03      1.
 58  11  0.000E+00  0.229E-23 -0.999E+03  0.154E-43  0.244E+11  0.104E+00  0.116E+05  0.620E-01  0.181E+03      1.
 58  12  0.000E+00  0.928E-23 -0.999E+03  0.154E-43  0.308E+11  0.104E+00  0.132E+05  0.620E-01  0.189E+03      1.
 58  13  0.000E+00  0.418E-22 -0.999E+03  0.154E-43  0.363E+11  0.104E+00  0.132E+05  0.620E-01  0.165E+03      1.
 58  14  0.000E+00  0.198E-21 -0.999E+03  0.154E-43  0.407E+11  0.104E+00  0.117E+05  0.619E-01  0.121E+03      1.
 58  15  0.000E+00  0.914E-21 -0.999E+03  0.154E-43  0.449E+11  0.104E+00  0.985E+04  0.619E-01  0.831E+02      1.
 58  16  0.140E-44  0.446E-20 -0.999E+03  0.154E-43  0.479E+11  0.104E+00  0.746E+04  0.618E-01  0.492E+02      1.
 58  17  0.981E-44  0.167E-19 -0.999E+03  0.154E-43  0.471E+11  0.104E+00  0.448E+04  0.619E-01  0.211E+02      1.
 58  18  0.659E-43  0.333E-19 -0.999E+03  0.154E-43  0.442E+11  0.104E+00  0.223E+04  0.620E-01  0.696E+01      1.
 58  19  0.462E-42  0.402E-19 -0.999E+03  0.154E-43  0.417E+11  0.104E+00  0.104E+04  0.623E-01  0.208E+01      1.
 58  20  0.424E-41  0.179E-19 -0.999E+03  0.154E-43  0.398E+11  0.104E+00  0.455E+03  0.572E-01  0.574E+00      1.
 58  21  0.606E-40  0.171E-20 -0.999E+03  0.154E-43  0.381E+11  0.104E+00  0.184E+03  0.374E-01  0.142E+00      1.
 58  22  0.894E-39  0.321E-22 -0.999E+03  0.154E-43  0.369E+11  0.104E+00  0.706E+02  0.188E-01  0.325E-01      1.
 58  23  0.494E-38  0.427E-24 -0.999E+03  0.154E-43  0.347E+11  0.103E+00  0.219E+02  0.859E-02  0.556E-02      1.
 58  24  0.881E-38  0.469E-26 -0.999E+03  0.154E-43  0.310E+11  0.102E+00  0.501E+01  0.408E-02  0.617E-03      1.
 58  25  0.901E-38  0.454E-28 -0.999E+03  0.154E-43  0.270E+11  0.101E+00  0.896E+00  0.226E-02  0.489E-04      1.
 58  26  0.222E-38  0.436E-30 -0.999E+03  0.154E-43  0.225E+11  0.100E+00  0.116E+00  0.156E-02  0.246E-05      1.
 58  27  0.549E-39  0.426E-32 -0.999E+03  0.154E-43  0.184E+11  0.124E-01  0.118E-01  0.129E-02  0.888E-07     64.
 58  28  0.566E-40  0.428E-34 -0.999E+03  0.154E-43  0.157E+11  0.147E-02  0.133E-02  0.121E-02  0.369E-08     64.
 58  29  0.235E-41  0.446E-36 -0.999E+03  0.154E-43  0.142E+11  0.205E-03  0.191E-03  0.123E-02  0.215E-09     32.
 58  30  0.869E-43  0.487E-38 -0.999E+03  0.154E-43  0.133E+11  0.334E-04  0.301E-04  0.128E-02  0.142E-10     32.
 58  31  0.420E-44  0.555E-40 -0.999E+03  0.154E-43  0.129E+11  0.640E-05  0.573E-05  0.134E-02  0.122E-11     16.
 58  32  0.000E+00  0.646E-42 -0.999E+03  0.154E-43  0.138E+11  0.206E-05  0.186E-05  0.140E-02  0.221E-12      8.
 58  33  0.000E+00  0.701E-44 -0.999E+03  0.154E-43  0.165E+11  0.208E-05  0.104E-05  0.145E-02  0.866E-13      8.
 58  34  0.000E+00  0.000E+00 -0.999E+03  0.154E-43  0.201E+11  0.448E-05  0.670E-06  0.150E-02  0.407E-13      4.
 58  35  0.000E+00  0.000E+00 -0.999E+03  0.154E-43  0.235E+11  0.259E-04  0.336E-06  0.154E-02  0.136E-13      4.
 58  36  0.000E+00  0.000E+00 -0.999E+03  0.154E-43  0.265E+11  0.132E-03  0.139E-06  0.158E-02  0.345E-14      4.
 58  37  0.000E+00  0.000E+00 -0.999E+03  0.154E-43  0.306E+11  0.855E-04  0.659E-07  0.161E-02  0.106E-14      2.
 58  38  0.000E+00  0.000E+00 -0.999E+03  0.154E-43  0.378E+11  0.377E-03  0.444E-07  0.163E-02  0.534E-15      2.
 58  39  0.000E+00  0.000E+00 -0.999E+03  0.154E-43  0.498E+11  0.869E-03  0.425E-07  0.165E-02  0.438E-15      2.
 58  40  0.000E+00  0.000E+00 -0.999E+03  0.154E-43  0.687E+11  0.657E-03  0.524E-07  0.167E-02  0.511E-15      1.
 58  41  0.000E+00  0.000E+00 -0.999E+03  0.154E-43  0.967E+11  0.864E-03  0.719E-07  0.169E-02  0.693E-15      1.
 58  42  0.000E+00  0.000E+00 -0.999E+03  0.154E-43  0.135E+12  0.515E-02  0.939E-07  0.170E-02  0.876E-15      2.
 58  43  0.000E+00  0.000E+00 -0.999E+03  0.154E-43  0.184E+12  0.773E-02  0.109E-06  0.171E-02  0.940E-15      2.
 58  44  0.000E+00  0.000E+00 -0.999E+03  0.154E-43  0.248E+12  0.121E-01  0.117E-06  0.172E-02  0.910E-15      2.
 58  45  0.000E+00  0.000E+00 -0.999E+03  0.154E-43  0.330E+12  0.114E-01  0.120E-06  0.172E-02  0.815E-15      1.
 58  46  0.000E+00  0.000E+00 -0.999E+03  0.154E-43  0.432E+12  0.179E-01  0.112E-06  0.173E-02  0.646E-15      1.
 58  47  0.000E+00  0.000E+00 -0.999E+03  0.154E-43  0.558E+12  0.201E-01  0.963E-07  0.173E-02  0.457E-15      1.
 58  48  0.000E+00  0.000E+00 -0.999E+03  0.154E-43  0.716E+12  0.205E-01  0.805E-07  0.174E-02  0.310E-15      1.
 58  49  0.000E+00  0.000E+00 -0.999E+03  0.154E-43  0.925E+12  0.203E-01  0.696E-07  0.174E-02  0.221E-15      1.
 58  50  0.000E+00  0.000E+00 -0.999E+03  0.154E-43  0.121E+13  0.200E-01  0.651E-07  0.175E-02  0.176E-15      1.
 58  51  0.000E+00  0.000E+00 -0.999E+03  0.154E-43  0.160E+13  0.197E-01  0.639E-07  0.175E-02  0.149E-15      1.
 58  52  0.000E+00  0.000E+00 -0.999E+03  0.154E-43  0.210E+13  0.194E-01  0.596E-07  0.175E-02  0.118E-15      1.
 58  53  0.000E+00  0.000E+00 -0.999E+03  0.154E-43  0.267E+13  0.192E-01  0.474E-07  0.175E-02  0.747E-16      1.
 58  54  0.000E+00  0.000E+00 -0.999E+03  0.154E-43  0.330E+13  0.191E-01  0.323E-07  0.175E-02  0.381E-16      1.
 58  55  0.000E+00  0.000E+00 -0.999E+03  0.154E-43  0.408E+13  0.189E-01  0.222E-07  0.176E-02  0.197E-16      1.
 58  56  0.000E+00  0.000E+00 -0.999E+03  0.154E-43  0.517E+13  0.189E-01  0.175E-07  0.176E-02  0.123E-16      1.
 58  57  0.000E+00  0.000E+00 -0.999E+03  0.154E-43  0.688E+13  0.189E-01  0.179E-07  0.176E-02  0.111E-16      1.
 58  58  0.000E+00  0.000E+00 -0.999E+03  0.154E-43  0.929E+13  0.189E-01  0.196E-07  0.176E-02  0.110E-16      1.
 58  59  0.000E+00  0.000E+00 -0.999E+03  0.154E-43  0.135E+14  0.189E-01  0.314E-07  0.176E-02  0.185E-16      1.
 59   1  0.000E+00  0.000E+00 -0.999E+03  0.154E-43  0.178E+10  0.104E+00  0.155E+04  0.621E-01  0.430E+02      1.
 59   2  0.000E+00  0.582E-31 -0.999E+03  0.154E-43  0.220E+10  0.104E+00  0.177E+04  0.621E-01  0.452E+02      1.
 59   3  0.000E+00  0.302E-30 -0.999E+03  0.154E-43  0.333E+10  0.104E+00  0.279E+04  0.621E-01  0.743E+02      1.
 59   4  0.000E+00  0.166E-29 -0.999E+03  0.154E-43  0.466E+10  0.104E+00  0.387E+04  0.621E-01  0.102E+03      1.
 59   5  0.000E+00  0.890E-29 -0.999E+03  0.154E-43  0.614E+10  0.104E+00  0.489E+04  0.621E-01  0.123E+03      1.
 59   6  0.000E+00  0.450E-28 -0.999E+03  0.154E-43  0.786E+10  0.104E+00  0.586E+04  0.621E-01  0.139E+03      1.
 59   7  0.000E+00  0.210E-27 -0.999E+03  0.154E-43  0.985E+10  0.104E+00  0.677E+04  0.621E-01  0.148E+03      1.
 59   8  0.000E+00  0.891E-27 -0.999E+03  0.154E-43  0.121E+11  0.104E+00  0.754E+04  0.621E-01  0.150E+03      1.
 59   9  0.000E+00  0.334E-26 -0.999E+03  0.154E-43  0.149E+11  0.104E+00  0.835E+04  0.621E-01  0.150E+03      1.
 59  10  0.000E+00  0.105E-25 -0.999E+03  0.154E-43  0.188E+11  0.104E+00  0.964E+04  0.620E-01  0.160E+03      1.
 59  11  0.000E+00  0.296E-25 -0.999E+03  0.154E-43  0.244E+11  0.104E+00  0.116E+05  0.620E-01  0.181E+03      1.
 59  12  0.000E+00  0.840E-25 -0.999E+03  0.154E-43  0.308E+11  0.104E+00  0.132E+05  0.620E-01  0.189E+03      1.
 59  13  0.000E+00  0.260E-24 -0.999E+03  0.154E-43  0.363E+11  0.104E+00  0.132E+05  0.620E-01  0.165E+03      1.
 59  14  0.000E+00  0.823E-24 -0.999E+03  0.154E-43  0.407E+11  0.104E+00  0.117E+05  0.619E-01  0.121E+03      1.
 59  15  0.000E+00  0.246E-23 -0.999E+03  0.154E-43  0.449E+11  0.104E+00  0.985E+04  0.619E-01  0.831E+02      1.
 59  16  0.000E+00  0.717E-23 -0.999E+03  0.154E-43  0.479E+11  0.104E+00  0.746E+04  0.618E-01  0.492E+02      1.
 59  17  0.000E+00  0.184E-22 -0.999E+03  0.154E-43  0.471E+11  0.104E+00  0.448E+04  0.619E-01  0.211E+02      1.
 59  18  0.000E+00  0.242E-22 -0.999E+03  0.154E-43  0.442E+11  0.104E+00  0.223E+04  0.620E-01  0.696E+01      1.
 59  19  0.280E-44  0.243E-22 -0.999E+03  0.154E-43  0.417E+11  0.104E+00  0.104E+04  0.623E-01  0.208E+01      1.
 59  20  0.210E-43  0.101E-22 -0.999E+03  0.154E-43  0.398E+11  0.104E+00  0.455E+03  0.572E-01  0.574E+00      1.
 59  21  0.212E-42  0.101E-23 -0.999E+03  0.154E-43  0.381E+11  0.104E+00  0.184E+03  0.374E-01  0.142E+00      1.
 59  22  0.168E-41  0.149E-25 -0.999E+03  0.154E-43  0.369E+11  0.104E+00  0.706E+02  0.188E-01  0.325E-01      1.
 59  23  0.661E-41  0.159E-27 -0.999E+03  0.154E-43  0.347E+11  0.103E+00  0.219E+02  0.859E-02  0.556E-02      1.
 59  24  0.639E-41  0.128E-29 -0.999E+03  0.154E-43  0.310E+11  0.102E+00  0.501E+01  0.408E-02  0.617E-03      1.
 59  25  0.303E-41  0.840E-32 -0.999E+03  0.154E-43  0.270E+11  0.101E+00  0.896E+00  0.226E-02  0.489E-04      1.
 59  26  0.441E-42  0.568E-34 -0.999E+03  0.154E-43  0.225E+11  0.100E+00  0.116E+00  0.156E-02  0.246E-05      1.
 59  27  0.105E-42  0.407E-36 -0.999E+03  0.154E-43  0.184E+11  0.124E-01  0.118E-01  0.129E-02  0.888E-07     64.
 59  28  0.112E-43  0.312E-38 -0.999E+03  0.154E-43  0.157E+11  0.147E-02  0.133E-02  0.121E-02  0.369E-08     64.
 59  29  0.000E+00  0.255E-40 -0.999E+03  0.154E-43  0.142E+11  0.205E-03  0.191E-03  0.123E-02  0.215E-09     32.
 59  30  0.000E+00  0.220E-42 -0.999E+03  0.154E-43  0.133E+11  0.334E-04  0.301E-04  0.128E-02  0.142E-10     32.
 59  31  0.000E+00  0.140E-44 -0.999E+03  0.154E-43  0.129E+11  0.640E-05  0.573E-05  0.134E-02  0.122E-11     16.
 59  32  0.000E+00  0.000E+00 -0.999E+03  0.154E-43  0.138E+11  0.206E-05  0.186E-05  0.140E-02  0.221E-12      8.
 59  33  0.000E+00  0.000E+00 -0.999E+03  0.154E-43  0.165E+11  0.208E-05  0.104E-05  0.145E-02  0.866E-13      8.
 59  34  0.000E+00  0.000E+00 -0.999E+03  0.154E-43  0.201E+11  0.448E-05  0.670E-06  0.150E-02  0.407E-13      4.
 59  35  0.000E+00  0.000E+00 -0.999E+03  0.154E-43  0.235E+11  0.259E-04  0.336E-06  0.154E-02  0.136E-13      4.
 59  36  0.000E+00  0.000E+00 -0.999E+03  0.154E-43  0.265E+11  0.132E-03  0.139E-06  0.158E-02  0.345E-14      4.
 59  37  0.000E+00  0.000E+00 -0.999E+03  0.154E-43  0.306E+11  0.855E-04  0.659E-07  0.161E-02  0.106E-14      2.
 59  38  0.000E+00  0.000E+00 -0.999E+03  0.154E-43  0.378E+11  0.377E-03  0.444E-07  0.163E-02  0.534E-15      2.
 59  39  0.000E+00  0.000E+00 -0.999E+03  0.154E-43  0.498E+11  0.869E-03  0.425E-07  0.165E-02  0.438E-15      2.
 59  40  0.000E+00  0.000E+00 -0.999E+03  0.154E-43  0.687E+11  0.657E-03  0.524E-07  0.167E-02  0.511E-15      1.
 59  41  0.000E+00  0.000E+00 -0.999E+03  0.154E-43  0.967E+11  0.864E-03  0.719E-07  0.169E-02  0.693E-15      1.
 59  42  0.000E+00  0.000E+00 -0.999E+03  0.154E-43  0.135E+12  0.515E-02  0.939E-07  0.170E-02  0.876E-15      2.
 59  43  0.000E+00  0.000E+00 -0.999E+03  0.154E-43  0.184E+12  0.773E-02  0.109E-06  0.171E-02  0.940E-15      2.
 59  44  0.000E+00  0.000E+00 -0.999E+03  0.154E-43  0.248E+12  0.121E-01  0.117E-06  0.172E-02  0.910E-15      2.
 59  45  0.000E+00  0.000E+00 -0.999E+03  0.154E-43  0.330E+12  0.114E-01  0.120E-06  0.172E-02  0.815E-15      1.
 59  46  0.000E+00  0.000E+00 -0.999E+03  0.154E-43  0.432E+12  0.179E-01  0.112E-06  0.173E-02  0.646E-15      1.
 59  47  0.000E+00  0.000E+00 -0.999E+03  0.154E-43  0.558E+12  0.201E-01  0.963E-07  0.173E-02  0.457E-15      1.
 59  48  0.000E+00  0.000E+00 -0.999E+03  0.154E-43  0.716E+12  0.205E-01  0.805E-07  0.174E-02  0.310E-15      1.
 59  49  0.000E+00  0.000E+00 -0.999E+03  0.154E-43  0.925E+12  0.203E-01  0.696E-07  0.174E-02  0.221E-15      1.
 59  50  0.000E+00  0.000E+00 -0.999E+03  0.154E-43  0.121E+13  0.200E-01  0.651E-07  0.175E-02  0.176E-15      1.
 59  51  0.000E+00  0.000E+00 -0.999E+03  0.154E-43  0.160E+13  0.197E-01  0.639E-07  0.175E-02  0.149E-15      1.
 59  52  0.000E+00  0.000E+00 -0.999E+03  0.154E-43  0.210E+13  0.194E-01  0.596E-07  0.175E-02  0.118E-15      1.
 59  53  0.000E+00  0.000E+00 -0.999E+03  0.154E-43  0.267E+13  0.192E-01  0.474E-07  0.175E-02  0.747E-16      1.
 59  54  0.000E+00  0.000E+00 -0.999E+03  0.154E-43  0.330E+13  0.191E-01  0.323E-07  0.175E-02  0.381E-16      1.
 59  55  0.000E+00  0.000E+00 -0.999E+03  0.154E-43  0.408E+13  0.189E-01  0.222E-07  0.176E-02  0.197E-16      1.
 59  56  0.000E+00  0.000E+00 -0.999E+03  0.154E-43  0.517E+13  0.189E-01  0.175E-07  0.176E-02  0.123E-16      1.
 59  57  0.000E+00  0.000E+00 -0.999E+03  0.154E-43  0.688E+13  0.189E-01  0.179E-07  0.176E-02  0.111E-16      1.
 59  58  0.000E+00  0.000E+00 -0.999E+03  0.154E-43  0.929E+13  0.189E-01  0.196E-07  0.176E-02  0.110E-16      1.
 59  59  0.000E+00  0.000E+00 -0.999E+03  0.154E-43  0.135E+14  0.189E-01  0.314E-07  0.176E-02  0.185E-16      1.
 60   1  0.000E+00  0.000E+00 -0.999E+03  0.154E-43  0.178E+10  0.104E+00  0.155E+04  0.621E-01  0.430E+02      1.
 60   2  0.000E+00  0.328E-32 -0.999E+03  0.154E-43  0.220E+10  0.104E+00  0.177E+04  0.621E-01  0.452E+02      1.
 60   3  0.000E+00  0.113E-31 -0.999E+03  0.154E-43  0.333E+10  0.104E+00  0.279E+04  0.621E-01  0.743E+02      1.
 60   4  0.000E+00  0.436E-31 -0.999E+03  0.154E-43  0.466E+10  0.104E+00  0.387E+04  0.621E-01  0.102E+03      1.
 60   5  0.000E+00  0.169E-30 -0.999E+03  0.154E-43  0.614E+10  0.104E+00  0.489E+04  0.621E-01  0.123E+03      1.
 60   6  0.000E+00  0.620E-30 -0.999E+03  0.154E-43  0.786E+10  0.104E+00  0.586E+04  0.621E-01  0.139E+03      1.
 60   7  0.000E+00  0.215E-29 -0.999E+03  0.154E-43  0.985E+10  0.104E+00  0.677E+04  0.621E-01  0.148E+03      1.
 60   8  0.000E+00  0.668E-29 -0.999E+03  0.154E-43  0.121E+11  0.104E+00  0.754E+04  0.621E-01  0.150E+03      1.
 60   9  0.000E+00  0.182E-28 -0.999E+03  0.154E-43  0.149E+11  0.104E+00  0.835E+04  0.621E-01  0.150E+03      1.
 60  10  0.000E+00  0.426E-28 -0.999E+03  0.154E-43  0.188E+11  0.104E+00  0.964E+04  0.620E-01  0.160E+03      1.
 60  11  0.000E+00  0.888E-28 -0.999E+03  0.154E-43  0.244E+11  0.104E+00  0.116E+05  0.620E-01  0.181E+03      1.
 60  12  0.000E+00  0.186E-27 -0.999E+03  0.154E-43  0.308E+11  0.104E+00  0.132E+05  0.620E-01  0.189E+03      1.
 60  13  0.000E+00  0.424E-27 -0.999E+03  0.154E-43  0.363E+11  0.104E+00  0.132E+05  0.620E-01  0.165E+03      1.
 60  14  0.000E+00  0.991E-27 -0.999E+03  0.154E-43  0.407E+11  0.104E+00  0.117E+05  0.619E-01  0.121E+03      1.
 60  15  0.000E+00  0.220E-26 -0.999E+03  0.154E-43  0.449E+11  0.104E+00  0.985E+04  0.619E-01  0.831E+02      1.
 60  16  0.000E+00  0.468E-26 -0.999E+03  0.154E-43  0.479E+11  0.104E+00  0.746E+04  0.618E-01  0.492E+02      1.
 60  17  0.000E+00  0.867E-26 -0.999E+03  0.154E-43  0.471E+11  0.104E+00  0.448E+04  0.619E-01  0.211E+02      1.
 60  18  0.000E+00  0.918E-26 -0.999E+03  0.154E-43  0.442E+11  0.104E+00  0.223E+04  0.620E-01  0.696E+01      1.
 60  19  0.000E+00  0.686E-26 -0.999E+03  0.154E-43  0.417E+11  0.104E+00  0.104E+04  0.623E-01  0.208E+01      1.
 60  20  0.000E+00  0.212E-26 -0.999E+03  0.154E-43  0.398E+11  0.104E+00  0.455E+03  0.572E-01  0.574E+00      1.
 60  21  0.000E+00  0.167E-27 -0.999E+03  0.154E-43  0.381E+11  0.104E+00  0.184E+03  0.374E-01  0.142E+00      1.
 60  22  0.140E-44  0.182E-29 -0.999E+03  0.154E-43  0.369E+11  0.104E+00  0.706E+02  0.188E-01  0.325E-01      1.
 60  23  0.280E-44  0.174E-31 -0.999E+03  0.154E-43  0.347E+11  0.103E+00  0.219E+02  0.859E-02  0.556E-02      1.
 60  24  0.280E-44  0.125E-33 -0.999E+03  0.154E-43  0.310E+11  0.102E+00  0.501E+01  0.408E-02  0.617E-03      1.
 60  25  0.000E+00  0.649E-36 -0.999E+03  0.154E-43  0.270E+11  0.101E+00  0.896E+00  0.226E-02  0.489E-04      1.
 60  26  0.000E+00  0.322E-38 -0.999E+03  0.154E-43  0.225E+11  0.100E+00  0.116E+00  0.156E-02  0.246E-05      1.
 60  27  0.000E+00  0.159E-40 -0.999E+03  0.154E-43  0.184E+11  0.124E-01  0.118E-01  0.129E-02  0.888E-07     64.
 60  28  0.000E+00  0.897E-43 -0.999E+03  0.154E-43  0.157E+11  0.147E-02  0.133E-02  0.121E-02  0.369E-08     64.
 60  29  0.000E+00  0.000E+00 -0.999E+03  0.154E-43  0.142E+11  0.205E-03  0.191E-03  0.123E-02  0.215E-09     32.
 60  30  0.000E+00  0.000E+00 -0.999E+03  0.154E-43  0.133E+11  0.334E-04  0.301E-04  0.128E-02  0.142E-10     32.
 60  31  0.000E+00  0.000E+00 -0.999E+03  0.154E-43  0.129E+11  0.640E-05  0.573E-05  0.134E-02  0.122E-11     16.
 60  32  0.000E+00  0.000E+00 -0.999E+03  0.154E-43  0.138E+11  0.206E-05  0.186E-05  0.140E-02  0.221E-12      8.
 60  33  0.000E+00  0.000E+00 -0.999E+03  0.154E-43  0.165E+11  0.208E-05  0.104E-05  0.145E-02  0.866E-13      8.
 60  34  0.000E+00  0.000E+00 -0.999E+03  0.154E-43  0.201E+11  0.448E-05  0.670E-06  0.150E-02  0.407E-13      4.
 60  35  0.000E+00  0.000E+00 -0.999E+03  0.154E-43  0.235E+11  0.259E-04  0.336E-06  0.154E-02  0.136E-13      4.
 60  36  0.000E+00  0.000E+00 -0.999E+03  0.154E-43  0.265E+11  0.132E-03  0.139E-06  0.158E-02  0.345E-14      4.
 60  37  0.000E+00  0.000E+00 -0.999E+03  0.154E-43  0.306E+11  0.855E-04  0.659E-07  0.161E-02  0.106E-14      2.
 60  38  0.000E+00  0.000E+00 -0.999E+03  0.154E-43  0.378E+11  0.377E-03  0.444E-07  0.163E-02  0.534E-15      2.
 60  39  0.000E+00  0.000E+00 -0.999E+03  0.154E-43  0.498E+11  0.869E-03  0.425E-07  0.165E-02  0.438E-15      2.
 60  40  0.000E+00  0.000E+00 -0.999E+03  0.154E-43  0.687E+11  0.657E-03  0.524E-07  0.167E-02  0.511E-15      1.
 60  41  0.000E+00  0.000E+00 -0.999E+03  0.154E-43  0.967E+11  0.864E-03  0.719E-07  0.169E-02  0.693E-15      1.
 60  42  0.000E+00  0.000E+00 -0.999E+03  0.154E-43  0.135E+12  0.515E-02  0.939E-07  0.170E-02  0.876E-15      2.
 60  43  0.000E+00  0.000E+00 -0.999E+03  0.154E-43  0.184E+12  0.773E-02  0.109E-06  0.171E-02  0.940E-15      2.
 60  44  0.000E+00  0.000E+00 -0.999E+03  0.154E-43  0.248E+12  0.121E-01  0.117E-06  0.172E-02  0.910E-15      2.
 60  45  0.000E+00  0.000E+00 -0.999E+03  0.154E-43  0.330E+12  0.114E-01  0.120E-06  0.172E-02  0.815E-15      1.
 60  46  0.000E+00  0.000E+00 -0.999E+03  0.154E-43  0.432E+12  0.179E-01  0.112E-06  0.173E-02  0.646E-15      1.
 60  47  0.000E+00  0.000E+00 -0.999E+03  0.154E-43  0.558E+12  0.201E-01  0.963E-07  0.173E-02  0.457E-15      1.
 60  48  0.000E+00  0.000E+00 -0.999E+03  0.154E-43  0.716E+12  0.205E-01  0.805E-07  0.174E-02  0.310E-15      1.
 60  49  0.000E+00  0.000E+00 -0.999E+03  0.154E-43  0.925E+12  0.203E-01  0.696E-07  0.174E-02  0.221E-15      1.
 60  50  0.000E+00  0.000E+00 -0.999E+03  0.154E-43  0.121E+13  0.200E-01  0.651E-07  0.175E-02  0.176E-15      1.
 60  51  0.000E+00  0.000E+00 -0.999E+03  0.154E-43  0.160E+13  0.197E-01  0.639E-07  0.175E-02  0.149E-15      1.
 60  52  0.000E+00  0.000E+00 -0.999E+03  0.154E-43  0.210E+13  0.194E-01  0.596E-07  0.175E-02  0.118E-15      1.
 60  53  0.000E+00  0.000E+00 -0.999E+03  0.154E-43  0.267E+13  0.192E-01  0.474E-07  0.175E-02  0.747E-16      1.
 60  54  0.000E+00  0.000E+00 -0.999E+03  0.154E-43  0.330E+13  0.191E-01  0.323E-07  0.175E-02  0.381E-16      1.
 60  55  0.000E+00  0.000E+00 -0.999E+03  0.154E-43  0.408E+13  0.189E-01  0.222E-07  0.176E-02  0.197E-16      1.
 60  56  0.000E+00  0.000E+00 -0.999E+03  0.154E-43  0.517E+13  0.189E-01  0.175E-07  0.176E-02  0.123E-16      1.
 60  57  0.000E+00  0.000E+00 -0.999E+03  0.154E-43  0.688E+13  0.189E-01  0.179E-07  0.176E-02  0.111E-16      1.
 60  58  0.000E+00  0.000E+00 -0.999E+03  0.154E-43  0.929E+13  0.189E-01  0.196E-07  0.176E-02  0.110E-16      1.
 60  59  0.000E+00  0.000E+00 -0.999E+03  0.154E-43  0.135E+14  0.189E-01  0.314E-07  0.176E-02  0.185E-16      1.
 61   1  0.000E+00  0.000E+00 -0.999E+03  0.154E-43  0.178E+10  0.104E+00  0.155E+04  0.621E-01  0.430E+02      1.
 61   2  0.000E+00  0.542E-34 -0.999E+03  0.154E-43  0.220E+10  0.104E+00  0.177E+04  0.621E-01  0.452E+02      1.
 61   3  0.000E+00  0.125E-33 -0.999E+03  0.154E-43  0.333E+10  0.104E+00  0.279E+04  0.621E-01  0.743E+02      1.
 61   4  0.000E+00  0.336E-33 -0.999E+03  0.154E-43  0.466E+10  0.104E+00  0.387E+04  0.621E-01  0.102E+03      1.
 61   5  0.000E+00  0.929E-33 -0.999E+03  0.154E-43  0.614E+10  0.104E+00  0.489E+04  0.621E-01  0.123E+03      1.
 61   6  0.000E+00  0.247E-32 -0.999E+03  0.154E-43  0.786E+10  0.104E+00  0.586E+04  0.621E-01  0.139E+03      1.
 61   7  0.000E+00  0.618E-32 -0.999E+03  0.154E-43  0.985E+10  0.104E+00  0.677E+04  0.621E-01  0.148E+03      1.
 61   8  0.000E+00  0.143E-31 -0.999E+03  0.154E-43  0.121E+11  0.104E+00  0.754E+04  0.621E-01  0.150E+03      1.
 61   9  0.000E+00  0.300E-31 -0.999E+03  0.154E-43  0.149E+11  0.104E+00  0.835E+04  0.621E-01  0.150E+03      1.
 61  10  0.000E+00  0.549E-31 -0.999E+03  0.154E-43  0.188E+11  0.104E+00  0.964E+04  0.620E-01  0.160E+03      1.
 61  11  0.000E+00  0.900E-31 -0.999E+03  0.154E-43  0.244E+11  0.104E+00  0.116E+05  0.620E-01  0.181E+03      1.
 61  12  0.000E+00  0.150E-30 -0.999E+03  0.154E-43  0.308E+11  0.104E+00  0.132E+05  0.620E-01  0.189E+03      1.
 61  13  0.000E+00  0.281E-30 -0.999E+03  0.154E-43  0.363E+11  0.104E+00  0.132E+05  0.620E-01  0.165E+03      1.
 61  14  0.000E+00  0.549E-30 -0.999E+03  0.154E-43  0.407E+11  0.104E+00  0.117E+05  0.619E-01  0.121E+03      1.
 61  15  0.000E+00  0.986E-30 -0.999E+03  0.154E-43  0.449E+11  0.104E+00  0.985E+04  0.619E-01  0.831E+02      1.
 61  16  0.000E+00  0.163E-29 -0.999E+03  0.154E-43  0.479E+11  0.104E+00  0.746E+04  0.618E-01  0.492E+02      1.
 61  17  0.000E+00  0.198E-29 -0.999E+03  0.154E-43  0.471E+11  0.104E+00  0.448E+04  0.619E-01  0.211E+02      1.
 61  18  0.000E+00  0.185E-29 -0.999E+03  0.154E-43  0.442E+11  0.104E+00  0.223E+04  0.620E-01  0.696E+01      1.
 61  19  0.000E+00  0.105E-29 -0.999E+03  0.154E-43  0.417E+11  0.104E+00  0.104E+04  0.623E-01  0.208E+01      1.
 61  20  0.000E+00  0.252E-30 -0.999E+03  0.154E-43  0.398E+11  0.104E+00  0.455E+03  0.572E-01  0.574E+00      1.
 61  21  0.000E+00  0.157E-31 -0.999E+03  0.154E-43  0.381E+11  0.104E+00  0.184E+03  0.374E-01  0.142E+00      1.
 61  22  0.000E+00  0.125E-33 -0.999E+03  0.154E-43  0.369E+11  0.104E+00  0.706E+02  0.188E-01  0.325E-01      1.
 61  23  0.000E+00  0.100E-35 -0.999E+03  0.154E-43  0.347E+11  0.103E+00  0.219E+02  0.859E-02  0.556E-02      1.
 61  24  0.000E+00  0.600E-38 -0.999E+03  0.154E-43  0.310E+11  0.102E+00  0.501E+01  0.408E-02  0.617E-03      1.
 61  25  0.000E+00  0.230E-40 -0.999E+03  0.154E-43  0.270E+11  0.101E+00  0.896E+00  0.226E-02  0.489E-04      1.
 61  26  0.000E+00  0.883E-43 -0.999E+03  0.154E-43  0.225E+11  0.100E+00  0.116E+00  0.156E-02  0.246E-05      1.
 61  27  0.000E+00  0.000E+00 -0.999E+03  0.154E-43  0.184E+11  0.124E-01  0.118E-01  0.129E-02  0.888E-07     64.
 61  28  0.000E+00  0.000E+00 -0.999E+03  0.154E-43  0.157E+11  0.147E-02  0.133E-02  0.121E-02  0.369E-08     64.
 61  29  0.000E+00  0.000E+00 -0.999E+03  0.154E-43  0.142E+11  0.205E-03  0.191E-03  0.123E-02  0.215E-09     32.
 61  30  0.000E+00  0.000E+00 -0.999E+03  0.154E-43  0.133E+11  0.334E-04  0.301E-04  0.128E-02  0.142E-10     32.
 61  31  0.000E+00  0.000E+00 -0.999E+03  0.154E-43  0.129E+11  0.640E-05  0.573E-05  0.134E-02  0.122E-11     16.
 61  32  0.000E+00  0.000E+00 -0.999E+03  0.154E-43  0.138E+11  0.206E-05  0.186E-05  0.140E-02  0.221E-12      8.
 61  33  0.000E+00  0.000E+00 -0.999E+03  0.154E-43  0.165E+11  0.208E-05  0.104E-05  0.145E-02  0.866E-13      8.
 61  34  0.000E+00  0.000E+00 -0.999E+03  0.154E-43  0.201E+11  0.448E-05  0.670E-06  0.150E-02  0.407E-13      4.
 61  35  0.000E+00  0.000E+00 -0.999E+03  0.154E-43  0.235E+11  0.259E-04  0.336E-06  0.154E-02  0.136E-13      4.
 61  36  0.000E+00  0.000E+00 -0.999E+03  0.154E-43  0.265E+11  0.132E-03  0.139E-06  0.158E-02  0.345E-14      4.
 61  37  0.000E+00  0.000E+00 -0.999E+03  0.154E-43  0.306E+11  0.855E-04  0.659E-07  0.161E-02  0.106E-14      2.
 61  38  0.000E+00  0.000E+00 -0.999E+03  0.154E-43  0.378E+11  0.377E-03  0.444E-07  0.163E-02  0.534E-15      2.
 61  39  0.000E+00  0.000E+00 -0.999E+03  0.154E-43  0.498E+11  0.869E-03  0.425E-07  0.165E-02  0.438E-15      2.
 61  40  0.000E+00  0.000E+00 -0.999E+03  0.154E-43  0.687E+11  0.657E-03  0.524E-07  0.167E-02  0.511E-15      1.
 61  41  0.000E+00  0.000E+00 -0.999E+03  0.154E-43  0.967E+11  0.864E-03  0.719E-07  0.169E-02  0.693E-15      1.
 61  42  0.000E+00  0.000E+00 -0.999E+03  0.154E-43  0.135E+12  0.515E-02  0.939E-07  0.170E-02  0.876E-15      2.
 61  43  0.000E+00  0.000E+00 -0.999E+03  0.154E-43  0.184E+12  0.773E-02  0.109E-06  0.171E-02  0.940E-15      2.
 61  44  0.000E+00  0.000E+00 -0.999E+03  0.154E-43  0.248E+12  0.121E-01  0.117E-06  0.172E-02  0.910E-15      2.
 61  45  0.000E+00  0.000E+00 -0.999E+03  0.154E-43  0.330E+12  0.114E-01  0.120E-06  0.172E-02  0.815E-15      1.
 61  46  0.000E+00  0.000E+00 -0.999E+03  0.154E-43  0.432E+12  0.179E-01  0.112E-06  0.173E-02  0.646E-15      1.
 61  47  0.000E+00  0.000E+00 -0.999E+03  0.154E-43  0.558E+12  0.201E-01  0.963E-07  0.173E-02  0.457E-15      1.
 61  48  0.000E+00  0.000E+00 -0.999E+03  0.154E-43  0.716E+12  0.205E-01  0.805E-07  0.174E-02  0.310E-15      1.
 61  49  0.000E+00  0.000E+00 -0.999E+03  0.154E-43  0.925E+12  0.203E-01  0.696E-07  0.174E-02  0.221E-15      1.
 61  50  0.000E+00  0.000E+00 -0.999E+03  0.154E-43  0.121E+13  0.200E-01  0.651E-07  0.175E-02  0.176E-15      1.
 61  51  0.000E+00  0.000E+00 -0.999E+03  0.154E-43  0.160E+13  0.197E-01  0.639E-07  0.175E-02  0.149E-15      1.
 61  52  0.000E+00  0.000E+00 -0.999E+03  0.154E-43  0.210E+13  0.194E-01  0.596E-07  0.175E-02  0.118E-15      1.
 61  53  0.000E+00  0.000E+00 -0.999E+03  0.154E-43  0.267E+13  0.192E-01  0.474E-07  0.175E-02  0.747E-16      1.
 61  54  0.000E+00  0.000E+00 -0.999E+03  0.154E-43  0.330E+13  0.191E-01  0.323E-07  0.175E-02  0.381E-16      1.
 61  55  0.000E+00  0.000E+00 -0.999E+03  0.154E-43  0.408E+13  0.189E-01  0.222E-07  0.176E-02  0.197E-16      1.
 61  56  0.000E+00  0.000E+00 -0.999E+03  0.154E-43  0.517E+13  0.189E-01  0.175E-07  0.176E-02  0.123E-16      1.
 61  57  0.000E+00  0.000E+00 -0.999E+03  0.154E-43  0.688E+13  0.189E-01  0.179E-07  0.176E-02  0.111E-16      1.
 61  58  0.000E+00  0.000E+00 -0.999E+03  0.154E-43  0.929E+13  0.189E-01  0.196E-07  0.176E-02  0.110E-16      1.
 61  59  0.000E+00  0.000E+00 -0.999E+03  0.154E-43  0.135E+14  0.189E-01  0.314E-07  0.176E-02  0.185E-16      1.
 62   1  0.000E+00  0.000E+00 -0.999E+03  0.154E-43  0.178E+10  0.104E+00  0.155E+04  0.621E-01  0.430E+02      1.
 62   2  0.000E+00  0.268E-36 -0.999E+03  0.154E-43  0.220E+10  0.104E+00  0.177E+04  0.621E-01  0.452E+02      1.
 62   3  0.000E+00  0.427E-36 -0.999E+03  0.154E-43  0.333E+10  0.104E+00  0.279E+04  0.621E-01  0.743E+02      1.
 62   4  0.000E+00  0.838E-36 -0.999E+03  0.154E-43  0.466E+10  0.104E+00  0.387E+04  0.621E-01  0.102E+03      1.
 62   5  0.000E+00  0.171E-35 -0.999E+03  0.154E-43  0.614E+10  0.104E+00  0.489E+04  0.621E-01  0.123E+03      1.
 62   6  0.000E+00  0.343E-35 -0.999E+03  0.154E-43  0.786E+10  0.104E+00  0.586E+04  0.621E-01  0.139E+03      1.
 62   7  0.000E+00  0.659E-35 -0.999E+03  0.154E-43  0.985E+10  0.104E+00  0.677E+04  0.621E-01  0.148E+03      1.
 62   8  0.000E+00  0.120E-34 -0.999E+03  0.154E-43  0.121E+11  0.104E+00  0.754E+04  0.621E-01  0.150E+03      1.
 62   9  0.000E+00  0.204E-34 -0.999E+03  0.154E-43  0.149E+11  0.104E+00  0.835E+04  0.621E-01  0.150E+03      1.
 62  10  0.000E+00  0.311E-34 -0.999E+03  0.154E-43  0.188E+11  0.104E+00  0.964E+04  0.620E-01  0.160E+03      1.
 62  11  0.000E+00  0.436E-34 -0.999E+03  0.154E-43  0.244E+11  0.104E+00  0.116E+05  0.620E-01  0.181E+03      1.
 62  12  0.000E+00  0.624E-34 -0.999E+03  0.154E-43  0.308E+11  0.104E+00  0.132E+05  0.620E-01  0.189E+03      1.
 62  13  0.000E+00  0.988E-34 -0.999E+03  0.154E-43  0.363E+11  0.104E+00  0.132E+05  0.620E-01  0.165E+03      1.
 62  14  0.000E+00  0.161E-33 -0.999E+03  0.154E-43  0.407E+11  0.104E+00  0.117E+05  0.619E-01  0.121E+03      1.
 62  15  0.000E+00  0.236E-33 -0.999E+03  0.154E-43  0.449E+11  0.104E+00  0.985E+04  0.619E-01  0.831E+02      1.
 62  16  0.000E+00  0.309E-33 -0.999E+03  0.154E-43  0.479E+11  0.104E+00  0.746E+04  0.618E-01  0.492E+02      1.
 62  17  0.000E+00  0.271E-33 -0.999E+03  0.154E-43  0.471E+11  0.104E+00  0.448E+04  0.619E-01  0.211E+02      1.
 62  18  0.000E+00  0.217E-33 -0.999E+03  0.154E-43  0.442E+11  0.104E+00  0.223E+04  0.620E-01  0.696E+01      1.
 62  19  0.000E+00  0.956E-34 -0.999E+03  0.154E-43  0.417E+11  0.104E+00  0.104E+04  0.623E-01  0.208E+01      1.
 62  20  0.000E+00  0.187E-34 -0.999E+03  0.154E-43  0.398E+11  0.104E+00  0.455E+03  0.572E-01  0.574E+00      1.
 62  21  0.000E+00  0.934E-36 -0.999E+03  0.154E-43  0.381E+11  0.104E+00  0.184E+03  0.374E-01  0.142E+00      1.
 62  22  0.000E+00  0.546E-38 -0.999E+03  0.154E-43  0.369E+11  0.104E+00  0.706E+02  0.188E-01  0.325E-01      1.
 62  23  0.000E+00  0.354E-40 -0.999E+03  0.154E-43  0.347E+11  0.103E+00  0.219E+02  0.859E-02  0.556E-02      1.
 62  24  0.000E+00  0.172E-42 -0.999E+03  0.154E-43  0.310E+11  0.102E+00  0.501E+01  0.408E-02  0.617E-03      1.
 62  25  0.000E+00  0.000E+00 -0.999E+03  0.154E-43  0.270E+11  0.101E+00  0.896E+00  0.226E-02  0.489E-04      1.
 62  26  0.000E+00  0.000E+00 -0.999E+03  0.154E-43  0.225E+11  0.100E+00  0.116E+00  0.156E-02  0.246E-05      1.
 62  27  0.000E+00  0.000E+00 -0.999E+03  0.154E-43  0.184E+11  0.124E-01  0.118E-01  0.129E-02  0.888E-07     64.
 62  28  0.000E+00  0.000E+00 -0.999E+03  0.154E-43  0.157E+11  0.147E-02  0.133E-02  0.121E-02  0.369E-08     64.
 62  29  0.000E+00  0.000E+00 -0.999E+03  0.154E-43  0.142E+11  0.205E-03  0.191E-03  0.123E-02  0.215E-09     32.
 62  30  0.000E+00  0.000E+00 -0.999E+03  0.154E-43  0.133E+11  0.334E-04  0.301E-04  0.128E-02  0.142E-10     32.
 62  31  0.000E+00  0.000E+00 -0.999E+03  0.154E-43  0.129E+11  0.640E-05  0.573E-05  0.134E-02  0.122E-11     16.
 62  32  0.000E+00  0.000E+00 -0.999E+03  0.154E-43  0.138E+11  0.206E-05  0.186E-05  0.140E-02  0.221E-12      8.
 62  33  0.000E+00  0.000E+00 -0.999E+03  0.154E-43  0.165E+11  0.208E-05  0.104E-05  0.145E-02  0.866E-13      8.
 62  34  0.000E+00  0.000E+00 -0.999E+03  0.154E-43  0.201E+11  0.448E-05  0.670E-06  0.150E-02  0.407E-13      4.
 62  35  0.000E+00  0.000E+00 -0.999E+03  0.154E-43  0.235E+11  0.259E-04  0.336E-06  0.154E-02  0.136E-13      4.
 62  36  0.000E+00  0.000E+00 -0.999E+03  0.154E-43  0.265E+11  0.132E-03  0.139E-06  0.158E-02  0.345E-14      4.
 62  37  0.000E+00  0.000E+00 -0.999E+03  0.154E-43  0.306E+11  0.855E-04  0.659E-07  0.161E-02  0.106E-14      2.
 62  38  0.000E+00  0.000E+00 -0.999E+03  0.154E-43  0.378E+11  0.377E-03  0.444E-07  0.163E-02  0.534E-15      2.
 62  39  0.000E+00  0.000E+00 -0.999E+03  0.154E-43  0.498E+11  0.869E-03  0.425E-07  0.165E-02  0.438E-15      2.
 62  40  0.000E+00  0.000E+00 -0.999E+03  0.154E-43  0.687E+11  0.657E-03  0.524E-07  0.167E-02  0.511E-15      1.
 62  41  0.000E+00  0.000E+00 -0.999E+03  0.154E-43  0.967E+11  0.864E-03  0.719E-07  0.169E-02  0.693E-15      1.
 62  42  0.000E+00  0.000E+00 -0.999E+03  0.154E-43  0.135E+12  0.515E-02  0.939E-07  0.170E-02  0.876E-15      2.
 62  43  0.000E+00  0.000E+00 -0.999E+03  0.154E-43  0.184E+12  0.773E-02  0.109E-06  0.171E-02  0.940E-15      2.
 62  44  0.000E+00  0.000E+00 -0.999E+03  0.154E-43  0.248E+12  0.121E-01  0.117E-06  0.172E-02  0.910E-15      2.
 62  45  0.000E+00  0.000E+00 -0.999E+03  0.154E-43  0.330E+12  0.114E-01  0.120E-06  0.172E-02  0.815E-15      1.
 62  46  0.000E+00  0.000E+00 -0.999E+03  0.154E-43  0.432E+12  0.179E-01  0.112E-06  0.173E-02  0.646E-15      1.
 62  47  0.000E+00  0.000E+00 -0.999E+03  0.154E-43  0.558E+12  0.201E-01  0.963E-07  0.173E-02  0.457E-15      1.
 62  48  0.000E+00  0.000E+00 -0.999E+03  0.154E-43  0.716E+12  0.205E-01  0.805E-07  0.174E-02  0.310E-15      1.
 62  49  0.000E+00  0.000E+00 -0.999E+03  0.154E-43  0.925E+12  0.203E-01  0.696E-07  0.174E-02  0.221E-15      1.
 62  50  0.000E+00  0.000E+00 -0.999E+03  0.154E-43  0.121E+13  0.200E-01  0.651E-07  0.175E-02  0.176E-15      1.
 62  51  0.000E+00  0.000E+00 -0.999E+03  0.154E-43  0.160E+13  0.197E-01  0.639E-07  0.175E-02  0.149E-15      1.
 62  52  0.000E+00  0.000E+00 -0.999E+03  0.154E-43  0.210E+13  0.194E-01  0.596E-07  0.175E-02  0.118E-15      1.
 62  53  0.000E+00  0.000E+00 -0.999E+03  0.154E-43  0.267E+13  0.192E-01  0.474E-07  0.175E-02  0.747E-16      1.
 62  54  0.000E+00  0.000E+00 -0.999E+03  0.154E-43  0.330E+13  0.191E-01  0.323E-07  0.175E-02  0.381E-16      1.
 62  55  0.000E+00  0.000E+00 -0.999E+03  0.154E-43  0.408E+13  0.189E-01  0.222E-07  0.176E-02  0.197E-16      1.
 62  56  0.000E+00  0.000E+00 -0.999E+03  0.154E-43  0.517E+13  0.189E-01  0.175E-07  0.176E-02  0.123E-16      1.
 62  57  0.000E+00  0.000E+00 -0.999E+03  0.154E-43  0.688E+13  0.189E-01  0.179E-07  0.176E-02  0.111E-16      1.
 62  58  0.000E+00  0.000E+00 -0.999E+03  0.154E-43  0.929E+13  0.189E-01  0.196E-07  0.176E-02  0.110E-16      1.
 62  59  0.000E+00  0.000E+00 -0.999E+03  0.154E-43  0.135E+14  0.189E-01  0.314E-07  0.176E-02  0.185E-16      1.
 63   1  0.000E+00  0.000E+00 -0.999E+03  0.154E-43  0.178E+10  0.104E+00  0.155E+04  0.621E-01  0.430E+02      1.
 63   2  0.000E+00  0.504E-39 -0.999E+03  0.154E-43  0.220E+10  0.104E+00  0.177E+04  0.621E-01  0.452E+02      1.
 63   3  0.000E+00  0.592E-39 -0.999E+03  0.154E-43  0.333E+10  0.104E+00  0.279E+04  0.621E-01  0.743E+02      1.
 63   4  0.000E+00  0.883E-39 -0.999E+03  0.154E-43  0.466E+10  0.104E+00  0.387E+04  0.621E-01  0.102E+03      1.
 63   5  0.000E+00  0.140E-38 -0.999E+03  0.154E-43  0.614E+10  0.104E+00  0.489E+04  0.621E-01  0.123E+03      1.
 63   6  0.000E+00  0.221E-38 -0.999E+03  0.154E-43  0.786E+10  0.104E+00  0.586E+04  0.621E-01  0.139E+03      1.
 63   7  0.000E+00  0.341E-38 -0.999E+03  0.154E-43  0.985E+10  0.104E+00  0.677E+04  0.621E-01  0.148E+03      1.
 63   8  0.000E+00  0.519E-38 -0.999E+03  0.154E-43  0.121E+11  0.104E+00  0.754E+04  0.621E-01  0.150E+03      1.
 63   9  0.000E+00  0.749E-38 -0.999E+03  0.154E-43  0.149E+11  0.104E+00  0.835E+04  0.621E-01  0.150E+03      1.
 63  10  0.000E+00  0.972E-38 -0.999E+03  0.154E-43  0.188E+11  0.104E+00  0.964E+04  0.620E-01  0.160E+03      1.
 63  11  0.000E+00  0.116E-37 -0.999E+03  0.154E-43  0.244E+11  0.104E+00  0.116E+05  0.620E-01  0.181E+03      1.
 63  12  0.000E+00  0.142E-37 -0.999E+03  0.154E-43  0.308E+11  0.104E+00  0.132E+05  0.620E-01  0.189E+03      1.
 63  13  0.000E+00  0.192E-37 -0.999E+03  0.154E-43  0.363E+11  0.104E+00  0.132E+05  0.620E-01  0.165E+03      1.
 63  14  0.000E+00  0.261E-37 -0.999E+03  0.154E-43  0.407E+11  0.104E+00  0.117E+05  0.619E-01  0.121E+03      1.
 63  15  0.000E+00  0.313E-37 -0.999E+03  0.154E-43  0.449E+11  0.104E+00  0.985E+04  0.619E-01  0.831E+02      1.
 63  16  0.000E+00  0.308E-37 -0.999E+03  0.154E-43  0.479E+11  0.104E+00  0.746E+04  0.618E-01  0.492E+02      1.
 63  17  0.000E+00  0.235E-37 -0.999E+03  0.154E-43  0.471E+11  0.104E+00  0.448E+04  0.619E-01  0.211E+02      1.
 63  18  0.000E+00  0.158E-37 -0.999E+03  0.154E-43  0.442E+11  0.104E+00  0.223E+04  0.620E-01  0.696E+01      1.
 63  19  0.000E+00  0.565E-38 -0.999E+03  0.154E-43  0.417E+11  0.104E+00  0.104E+04  0.623E-01  0.208E+01      1.
 63  20  0.000E+00  0.936E-39 -0.999E+03  0.154E-43  0.398E+11  0.104E+00  0.455E+03  0.572E-01  0.574E+00      1.
 63  21  0.000E+00  0.375E-40 -0.999E+03  0.154E-43  0.381E+11  0.104E+00  0.184E+03  0.374E-01  0.142E+00      1.
 63  22  0.000E+00  0.163E-42 -0.999E+03  0.154E-43  0.369E+11  0.104E+00  0.706E+02  0.188E-01  0.325E-01      1.
 63  23  0.000E+00  0.140E-44 -0.999E+03  0.154E-43  0.347E+11  0.103E+00  0.219E+02  0.859E-02  0.556E-02      1.
 63  24  0.000E+00  0.000E+00 -0.999E+03  0.154E-43  0.310E+11  0.102E+00  0.501E+01  0.408E-02  0.617E-03      1.
 63  25  0.000E+00  0.000E+00 -0.999E+03  0.154E-43  0.270E+11  0.101E+00  0.896E+00  0.226E-02  0.489E-04      1.
 63  26  0.000E+00  0.000E+00 -0.999E+03  0.154E-43  0.225E+11  0.100E+00  0.116E+00  0.156E-02  0.246E-05      1.
 63  27  0.000E+00  0.000E+00 -0.999E+03  0.154E-43  0.184E+11  0.124E-01  0.118E-01  0.129E-02  0.888E-07     64.
 63  28  0.000E+00  0.000E+00 -0.999E+03  0.154E-43  0.157E+11  0.147E-02  0.133E-02  0.121E-02  0.369E-08     64.
 63  29  0.000E+00  0.000E+00 -0.999E+03  0.154E-43  0.142E+11  0.205E-03  0.191E-03  0.123E-02  0.215E-09     32.
 63  30  0.000E+00  0.000E+00 -0.999E+03  0.154E-43  0.133E+11  0.334E-04  0.301E-04  0.128E-02  0.142E-10     32.
 63  31  0.000E+00  0.000E+00 -0.999E+03  0.154E-43  0.129E+11  0.640E-05  0.573E-05  0.134E-02  0.122E-11     16.
 63  32  0.000E+00  0.000E+00 -0.999E+03  0.154E-43  0.138E+11  0.206E-05  0.186E-05  0.140E-02  0.221E-12      8.
 63  33  0.000E+00  0.000E+00 -0.999E+03  0.154E-43  0.165E+11  0.208E-05  0.104E-05  0.145E-02  0.866E-13      8.
 63  34  0.000E+00  0.000E+00 -0.999E+03  0.154E-43  0.201E+11  0.448E-05  0.670E-06  0.150E-02  0.407E-13      4.
 63  35  0.000E+00  0.000E+00 -0.999E+03  0.154E-43  0.235E+11  0.259E-04  0.336E-06  0.154E-02  0.136E-13      4.
 63  36  0.000E+00  0.000E+00 -0.999E+03  0.154E-43  0.265E+11  0.132E-03  0.139E-06  0.158E-02  0.345E-14      4.
 63  37  0.000E+00  0.000E+00 -0.999E+03  0.154E-43  0.306E+11  0.855E-04  0.659E-07  0.161E-02  0.106E-14      2.
 63  38  0.000E+00  0.000E+00 -0.999E+03  0.154E-43  0.378E+11  0.377E-03  0.444E-07  0.163E-02  0.534E-15      2.
 63  39  0.000E+00  0.000E+00 -0.999E+03  0.154E-43  0.498E+11  0.869E-03  0.425E-07  0.165E-02  0.438E-15      2.
 63  40  0.000E+00  0.000E+00 -0.999E+03  0.154E-43  0.687E+11  0.657E-03  0.524E-07  0.167E-02  0.511E-15      1.
 63  41  0.000E+00  0.000E+00 -0.999E+03  0.154E-43  0.967E+11  0.864E-03  0.719E-07  0.169E-02  0.693E-15      1.
 63  42  0.000E+00  0.000E+00 -0.999E+03  0.154E-43  0.135E+12  0.515E-02  0.939E-07  0.170E-02  0.876E-15      2.
 63  43  0.000E+00  0.000E+00 -0.999E+03  0.154E-43  0.184E+12  0.773E-02  0.109E-06  0.171E-02  0.940E-15      2.
 63  44  0.000E+00  0.000E+00 -0.999E+03  0.154E-43  0.248E+12  0.121E-01  0.117E-06  0.172E-02  0.910E-15      2.
 63  45  0.000E+00  0.000E+00 -0.999E+03  0.154E-43  0.330E+12  0.114E-01  0.120E-06  0.172E-02  0.815E-15      1.
 63  46  0.000E+00  0.000E+00 -0.999E+03  0.154E-43  0.432E+12  0.179E-01  0.112E-06  0.173E-02  0.646E-15      1.
 63  47  0.000E+00  0.000E+00 -0.999E+03  0.154E-43  0.558E+12  0.201E-01  0.963E-07  0.173E-02  0.457E-15      1.
 63  48  0.000E+00  0.000E+00 -0.999E+03  0.154E-43  0.716E+12  0.205E-01  0.805E-07  0.174E-02  0.310E-15      1.
 63  49  0.000E+00  0.000E+00 -0.999E+03  0.154E-43  0.925E+12  0.203E-01  0.696E-07  0.174E-02  0.221E-15      1.
 63  50  0.000E+00  0.000E+00 -0.999E+03  0.154E-43  0.121E+13  0.200E-01  0.651E-07  0.175E-02  0.176E-15      1.
 63  51  0.000E+00  0.000E+00 -0.999E+03  0.154E-43  0.160E+13  0.197E-01  0.639E-07  0.175E-02  0.149E-15      1.
 63  52  0.000E+00  0.000E+00 -0.999E+03  0.154E-43  0.210E+13  0.194E-01  0.596E-07  0.175E-02  0.118E-15      1.
 63  53  0.000E+00  0.000E+00 -0.999E+03  0.154E-43  0.267E+13  0.192E-01  0.474E-07  0.175E-02  0.747E-16      1.
 63  54  0.000E+00  0.000E+00 -0.999E+03  0.154E-43  0.330E+13  0.191E-01  0.323E-07  0.175E-02  0.381E-16      1.
 63  55  0.000E+00  0.000E+00 -0.999E+03  0.154E-43  0.408E+13  0.189E-01  0.222E-07  0.176E-02  0.197E-16      1.
 63  56  0.000E+00  0.000E+00 -0.999E+03  0.154E-43  0.517E+13  0.189E-01  0.175E-07  0.176E-02  0.123E-16      1.
 63  57  0.000E+00  0.000E+00 -0.999E+03  0.154E-43  0.688E+13  0.189E-01  0.179E-07  0.176E-02  0.111E-16      1.
 63  58  0.000E+00  0.000E+00 -0.999E+03  0.154E-43  0.929E+13  0.189E-01  0.196E-07  0.176E-02  0.110E-16      1.
 63  59  0.000E+00  0.000E+00 -0.999E+03  0.154E-43  0.135E+14  0.189E-01  0.314E-07  0.176E-02  0.185E-16      1.
 64   1  0.000E+00  0.000E+00 -0.999E+03  0.154E-43  0.178E+10  0.104E+00  0.155E+04  0.621E-01  0.430E+02      1.
 64   2  0.000E+00  0.461E-42 -0.999E+03  0.154E-43  0.220E+10  0.104E+00  0.177E+04  0.621E-01  0.452E+02      1.
 64   3  0.000E+00  0.413E-42 -0.999E+03  0.154E-43  0.333E+10  0.104E+00  0.279E+04  0.621E-01  0.743E+02      1.
 64   4  0.000E+00  0.483E-42 -0.999E+03  0.154E-43  0.466E+10  0.104E+00  0.387E+04  0.621E-01  0.102E+03      1.
 64   5  0.000E+00  0.610E-42 -0.999E+03  0.154E-43  0.614E+10  0.104E+00  0.489E+04  0.621E-01  0.123E+03      1.
 64   6  0.000E+00  0.785E-42 -0.999E+03  0.154E-43  0.786E+10  0.104E+00  0.586E+04  0.621E-01  0.139E+03      1.
 64   7  0.000E+00  0.102E-41 -0.999E+03  0.154E-43  0.985E+10  0.104E+00  0.677E+04  0.621E-01  0.148E+03      1.
 64   8  0.000E+00  0.131E-41 -0.999E+03  0.154E-43  0.121E+11  0.104E+00  0.754E+04  0.621E-01  0.150E+03      1.
 64   9  0.000E+00  0.159E-41 -0.999E+03  0.154E-43  0.149E+11  0.104E+00  0.835E+04  0.621E-01  0.150E+03      1.
 64  10  0.000E+00  0.176E-41 -0.999E+03  0.154E-43  0.188E+11  0.104E+00  0.964E+04  0.620E-01  0.160E+03      1.
 64  11  0.000E+00  0.181E-41 -0.999E+03  0.154E-43  0.244E+11  0.104E+00  0.116E+05  0.620E-01  0.181E+03      1.
 64  12  0.000E+00  0.192E-41 -0.999E+03  0.154E-43  0.308E+11  0.104E+00  0.132E+05  0.620E-01  0.189E+03      1.
 64  13  0.000E+00  0.222E-41 -0.999E+03  0.154E-43  0.363E+11  0.104E+00  0.132E+05  0.620E-01  0.165E+03      1.
 64  14  0.000E+00  0.256E-41 -0.999E+03  0.154E-43  0.407E+11  0.104E+00  0.117E+05  0.619E-01  0.121E+03      1.
 64  15  0.000E+00  0.254E-41 -0.999E+03  0.154E-43  0.449E+11  0.104E+00  0.985E+04  0.619E-01  0.831E+02      1.
 64  16  0.000E+00  0.186E-41 -0.999E+03  0.154E-43  0.479E+11  0.104E+00  0.746E+04  0.618E-01  0.492E+02      1.
 64  17  0.000E+00  0.134E-41 -0.999E+03  0.154E-43  0.471E+11  0.104E+00  0.448E+04  0.619E-01  0.211E+02      1.
 64  18  0.000E+00  0.758E-42 -0.999E+03  0.154E-43  0.442E+11  0.104E+00  0.223E+04  0.620E-01  0.696E+01      1.
 64  19  0.000E+00  0.226E-42 -0.999E+03  0.154E-43  0.417E+11  0.104E+00  0.104E+04  0.623E-01  0.208E+01      1.
 64  20  0.000E+00  0.322E-43 -0.999E+03  0.154E-43  0.398E+11  0.104E+00  0.455E+03  0.572E-01  0.574E+00      1.
 64  21  0.000E+00  0.140E-44 -0.999E+03  0.154E-43  0.381E+11  0.104E+00  0.184E+03  0.374E-01  0.142E+00      1.
 64  22  0.000E+00  0.000E+00 -0.999E+03  0.154E-43  0.369E+11  0.104E+00  0.706E+02  0.188E-01  0.325E-01      1.
 64  23  0.000E+00  0.000E+00 -0.999E+03  0.154E-43  0.347E+11  0.103E+00  0.219E+02  0.859E-02  0.556E-02      1.
 64  24  0.000E+00  0.000E+00 -0.999E+03  0.154E-43  0.310E+11  0.102E+00  0.501E+01  0.408E-02  0.617E-03      1.
 64  25  0.000E+00  0.000E+00 -0.999E+03  0.154E-43  0.270E+11  0.101E+00  0.896E+00  0.226E-02  0.489E-04      1.
 64  26  0.000E+00  0.000E+00 -0.999E+03  0.154E-43  0.225E+11  0.100E+00  0.116E+00  0.156E-02  0.246E-05      1.
 64  27  0.000E+00  0.000E+00 -0.999E+03  0.154E-43  0.184E+11  0.124E-01  0.118E-01  0.129E-02  0.888E-07     64.
 64  28  0.000E+00  0.000E+00 -0.999E+03  0.154E-43  0.157E+11  0.147E-02  0.133E-02  0.121E-02  0.369E-08     64.
 64  29  0.000E+00  0.000E+00 -0.999E+03  0.154E-43  0.142E+11  0.205E-03  0.191E-03  0.123E-02  0.215E-09     32.
 64  30  0.000E+00  0.000E+00 -0.999E+03  0.154E-43  0.133E+11  0.334E-04  0.301E-04  0.128E-02  0.142E-10     32.
 64  31  0.000E+00  0.000E+00 -0.999E+03  0.154E-43  0.129E+11  0.640E-05  0.573E-05  0.134E-02  0.122E-11     16.
 64  32  0.000E+00  0.000E+00 -0.999E+03  0.154E-43  0.138E+11  0.206E-05  0.186E-05  0.140E-02  0.221E-12      8.
 64  33  0.000E+00  0.000E+00 -0.999E+03  0.154E-43  0.165E+11  0.208E-05  0.104E-05  0.145E-02  0.866E-13      8.
 64  34  0.000E+00  0.000E+00 -0.999E+03  0.154E-43  0.201E+11  0.448E-05  0.670E-06  0.150E-02  0.407E-13      4.
 64  35  0.000E+00  0.000E+00 -0.999E+03  0.154E-43  0.235E+11  0.259E-04  0.336E-06  0.154E-02  0.136E-13      4.
 64  36  0.000E+00  0.000E+00 -0.999E+03  0.154E-43  0.265E+11  0.132E-03  0.139E-06  0.158E-02  0.345E-14      4.
 64  37  0.000E+00  0.000E+00 -0.999E+03  0.154E-43  0.306E+11  0.855E-04  0.659E-07  0.161E-02  0.106E-14      2.
 64  38  0.000E+00  0.000E+00 -0.999E+03  0.154E-43  0.378E+11  0.377E-03  0.444E-07  0.163E-02  0.534E-15      2.
 64  39  0.000E+00  0.000E+00 -0.999E+03  0.154E-43  0.498E+11  0.869E-03  0.425E-07  0.165E-02  0.438E-15      2.
 64  40  0.000E+00  0.000E+00 -0.999E+03  0.154E-43  0.687E+11  0.657E-03  0.524E-07  0.167E-02  0.511E-15      1.
 64  41  0.000E+00  0.000E+00 -0.999E+03  0.154E-43  0.967E+11  0.864E-03  0.719E-07  0.169E-02  0.693E-15      1.
 64  42  0.000E+00  0.000E+00 -0.999E+03  0.154E-43  0.135E+12  0.515E-02  0.939E-07  0.170E-02  0.876E-15      2.
 64  43  0.000E+00  0.000E+00 -0.999E+03  0.154E-43  0.184E+12  0.773E-02  0.109E-06  0.171E-02  0.940E-15      2.
 64  44  0.000E+00  0.000E+00 -0.999E+03  0.154E-43  0.248E+12  0.121E-01  0.117E-06  0.172E-02  0.910E-15      2.
 64  45  0.000E+00  0.000E+00 -0.999E+03  0.154E-43  0.330E+12  0.114E-01  0.120E-06  0.172E-02  0.815E-15      1.
 64  46  0.000E+00  0.000E+00 -0.999E+03  0.154E-43  0.432E+12  0.179E-01  0.112E-06  0.173E-02  0.646E-15      1.
 64  47  0.000E+00  0.000E+00 -0.999E+03  0.154E-43  0.558E+12  0.201E-01  0.963E-07  0.173E-02  0.457E-15      1.
 64  48  0.000E+00  0.000E+00 -0.999E+03  0.154E-43  0.716E+12  0.205E-01  0.805E-07  0.174E-02  0.310E-15      1.
 64  49  0.000E+00  0.000E+00 -0.999E+03  0.154E-43  0.925E+12  0.203E-01  0.696E-07  0.174E-02  0.221E-15      1.
 64  50  0.000E+00  0.000E+00 -0.999E+03  0.154E-43  0.121E+13  0.200E-01  0.651E-07  0.175E-02  0.176E-15      1.
 64  51  0.000E+00  0.000E+00 -0.999E+03  0.154E-43  0.160E+13  0.197E-01  0.639E-07  0.175E-02  0.149E-15      1.
 64  52  0.000E+00  0.000E+00 -0.999E+03  0.154E-43  0.210E+13  0.194E-01  0.596E-07  0.175E-02  0.118E-15      1.
 64  53  0.000E+00  0.000E+00 -0.999E+03  0.154E-43  0.267E+13  0.192E-01  0.474E-07  0.175E-02  0.747E-16      1.
 64  54  0.000E+00  0.000E+00 -0.999E+03  0.154E-43  0.330E+13  0.191E-01  0.323E-07  0.175E-02  0.381E-16      1.
 64  55  0.000E+00  0.000E+00 -0.999E+03  0.154E-43  0.408E+13  0.189E-01  0.222E-07  0.176E-02  0.197E-16      1.
 64  56  0.000E+00  0.000E+00 -0.999E+03  0.154E-43  0.517E+13  0.189E-01  0.175E-07  0.176E-02  0.123E-16      1.
 64  57  0.000E+00  0.000E+00 -0.999E+03  0.154E-43  0.688E+13  0.189E-01  0.179E-07  0.176E-02  0.111E-16      1.
 64  58  0.000E+00  0.000E+00 -0.999E+03  0.154E-43  0.929E+13  0.189E-01  0.196E-07  0.176E-02  0.110E-16      1.
 64  59  0.000E+00  0.000E+00 -0.999E+03  0.154E-43  0.135E+14  0.189E-01  0.314E-07  0.176E-02  0.185E-16      1.
 65   1  0.000E+00  0.000E+00 -0.999E+03  0.154E-43  0.178E+10  0.104E+00  0.155E+04  0.621E-01  0.430E+02      1.
 65   2  0.000E+00  0.000E+00 -0.999E+03  0.154E-43  0.220E+10  0.104E+00  0.177E+04  0.621E-01  0.452E+02      1.
 65   3  0.000E+00  0.000E+00 -0.999E+03  0.154E-43  0.333E+10  0.104E+00  0.279E+04  0.621E-01  0.743E+02      1.
 65   4  0.000E+00  0.000E+00 -0.999E+03  0.154E-43  0.466E+10  0.104E+00  0.387E+04  0.621E-01  0.102E+03      1.
 65   5  0.000E+00  0.000E+00 -0.999E+03  0.154E-43  0.614E+10  0.104E+00  0.489E+04  0.621E-01  0.123E+03      1.
 65   6  0.000E+00  0.000E+00 -0.999E+03  0.154E-43  0.786E+10  0.104E+00  0.586E+04  0.621E-01  0.139E+03      1.
 65   7  0.000E+00  0.000E+00 -0.999E+03  0.154E-43  0.985E+10  0.104E+00  0.677E+04  0.621E-01  0.148E+03      1.
 65   8  0.000E+00  0.000E+00 -0.999E+03  0.154E-43  0.121E+11  0.104E+00  0.754E+04  0.621E-01  0.150E+03      1.
 65   9  0.000E+00  0.000E+00 -0.999E+03  0.154E-43  0.149E+11  0.104E+00  0.835E+04  0.621E-01  0.150E+03      1.
 65  10  0.000E+00  0.000E+00 -0.999E+03  0.154E-43  0.188E+11  0.104E+00  0.964E+04  0.620E-01  0.160E+03      1.
 65  11  0.000E+00  0.000E+00 -0.999E+03  0.154E-43  0.244E+11  0.104E+00  0.116E+05  0.620E-01  0.181E+03      1.
 65  12  0.000E+00  0.000E+00 -0.999E+03  0.154E-43  0.308E+11  0.104E+00  0.132E+05  0.620E-01  0.189E+03      1.
 65  13  0.000E+00  0.000E+00 -0.999E+03  0.154E-43  0.363E+11  0.104E+00  0.132E+05  0.620E-01  0.165E+03      1.
 65  14  0.000E+00  0.000E+00 -0.999E+03  0.154E-43  0.407E+11  0.104E+00  0.117E+05  0.619E-01  0.121E+03      1.
 65  15  0.000E+00  0.000E+00 -0.999E+03  0.154E-43  0.449E+11  0.104E+00  0.985E+04  0.619E-01  0.831E+02      1.
 65  16  0.000E+00  0.000E+00 -0.999E+03  0.154E-43  0.479E+11  0.104E+00  0.746E+04  0.618E-01  0.492E+02      1.
 65  17  0.000E+00  0.000E+00 -0.999E+03  0.154E-43  0.471E+11  0.104E+00  0.448E+04  0.619E-01  0.211E+02      1.
 65  18  0.000E+00  0.000E+00 -0.999E+03  0.154E-43  0.442E+11  0.104E+00  0.223E+04  0.620E-01  0.696E+01      1.
 65  19  0.000E+00  0.000E+00 -0.999E+03  0.154E-43  0.417E+11  0.104E+00  0.104E+04  0.623E-01  0.208E+01      1.
 65  20  0.000E+00  0.000E+00 -0.999E+03  0.154E-43  0.398E+11  0.104E+00  0.455E+03  0.572E-01  0.574E+00      1.
 65  21  0.000E+00  0.000E+00 -0.999E+03  0.154E-43  0.381E+11  0.104E+00  0.184E+03  0.374E-01  0.142E+00      1.
 65  22  0.000E+00  0.000E+00 -0.999E+03  0.154E-43  0.369E+11  0.104E+00  0.706E+02  0.188E-01  0.325E-01      1.
 65  23  0.000E+00  0.000E+00 -0.999E+03  0.154E-43  0.347E+11  0.103E+00  0.219E+02  0.859E-02  0.556E-02      1.
 65  24  0.000E+00  0.000E+00 -0.999E+03  0.154E-43  0.310E+11  0.102E+00  0.501E+01  0.408E-02  0.617E-03      1.
 65  25  0.000E+00  0.000E+00 -0.999E+03  0.154E-43  0.270E+11  0.101E+00  0.896E+00  0.226E-02  0.489E-04      1.
 65  26  0.000E+00  0.000E+00 -0.999E+03  0.154E-43  0.225E+11  0.100E+00  0.116E+00  0.156E-02  0.246E-05      1.
 65  27  0.000E+00  0.000E+00 -0.999E+03  0.154E-43  0.184E+11  0.124E-01  0.118E-01  0.129E-02  0.888E-07     64.
 65  28  0.000E+00  0.000E+00 -0.999E+03  0.154E-43  0.157E+11  0.147E-02  0.133E-02  0.121E-02  0.369E-08     64.
 65  29  0.000E+00  0.000E+00 -0.999E+03  0.154E-43  0.142E+11  0.205E-03  0.191E-03  0.123E-02  0.215E-09     32.
 65  30  0.000E+00  0.000E+00 -0.999E+03  0.154E-43  0.133E+11  0.334E-04  0.301E-04  0.128E-02  0.142E-10     32.
 65  31  0.000E+00  0.000E+00 -0.999E+03  0.154E-43  0.129E+11  0.640E-05  0.573E-05  0.134E-02  0.122E-11     16.
 65  32  0.000E+00  0.000E+00 -0.999E+03  0.154E-43  0.138E+11  0.206E-05  0.186E-05  0.140E-02  0.221E-12      8.
 65  33  0.000E+00  0.000E+00 -0.999E+03  0.154E-43  0.165E+11  0.208E-05  0.104E-05  0.145E-02  0.866E-13      8.
 65  34  0.000E+00  0.000E+00 -0.999E+03  0.154E-43  0.201E+11  0.448E-05  0.670E-06  0.150E-02  0.407E-13      4.
 65  35  0.000E+00  0.000E+00 -0.999E+03  0.154E-43  0.235E+11  0.259E-04  0.336E-06  0.154E-02  0.136E-13      4.
 65  36  0.000E+00  0.000E+00 -0.999E+03  0.154E-43  0.265E+11  0.132E-03  0.139E-06  0.158E-02  0.345E-14      4.
 65  37  0.000E+00  0.000E+00 -0.999E+03  0.154E-43  0.306E+11  0.855E-04  0.659E-07  0.161E-02  0.106E-14      2.
 65  38  0.000E+00  0.000E+00 -0.999E+03  0.154E-43  0.378E+11  0.377E-03  0.444E-07  0.163E-02  0.534E-15      2.
 65  39  0.000E+00  0.000E+00 -0.999E+03  0.154E-43  0.498E+11  0.869E-03  0.425E-07  0.165E-02  0.438E-15      2.
 65  40  0.000E+00  0.000E+00 -0.999E+03  0.154E-43  0.687E+11  0.657E-03  0.524E-07  0.167E-02  0.511E-15      1.
 65  41  0.000E+00  0.000E+00 -0.999E+03  0.154E-43  0.967E+11  0.864E-03  0.719E-07  0.169E-02  0.693E-15      1.
 65  42  0.000E+00  0.000E+00 -0.999E+03  0.154E-43  0.135E+12  0.515E-02  0.939E-07  0.170E-02  0.876E-15      2.
 65  43  0.000E+00  0.000E+00 -0.999E+03  0.154E-43  0.184E+12  0.773E-02  0.109E-06  0.171E-02  0.940E-15      2.
 65  44  0.000E+00  0.000E+00 -0.999E+03  0.154E-43  0.248E+12  0.121E-01  0.117E-06  0.172E-02  0.910E-15      2.
 65  45  0.000E+00  0.000E+00 -0.999E+03  0.154E-43  0.330E+12  0.114E-01  0.120E-06  0.172E-02  0.815E-15      1.
 65  46  0.000E+00  0.000E+00 -0.999E+03  0.154E-43  0.432E+12  0.179E-01  0.112E-06  0.173E-02  0.646E-15      1.
 65  47  0.000E+00  0.000E+00 -0.999E+03  0.154E-43  0.558E+12  0.201E-01  0.963E-07  0.173E-02  0.457E-15      1.
 65  48  0.000E+00  0.000E+00 -0.999E+03  0.154E-43  0.716E+12  0.205E-01  0.805E-07  0.174E-02  0.310E-15      1.
 65  49  0.000E+00  0.000E+00 -0.999E+03  0.154E-43  0.925E+12  0.203E-01  0.696E-07  0.174E-02  0.221E-15      1.
 65  50  0.000E+00  0.000E+00 -0.999E+03  0.154E-43  0.121E+13  0.200E-01  0.651E-07  0.175E-02  0.176E-15      1.
 65  51  0.000E+00  0.000E+00 -0.999E+03  0.154E-43  0.160E+13  0.197E-01  0.639E-07  0.175E-02  0.149E-15      1.
 65  52  0.000E+00  0.000E+00 -0.999E+03  0.154E-43  0.210E+13  0.194E-01  0.596E-07  0.175E-02  0.118E-15      1.
 65  53  0.000E+00  0.000E+00 -0.999E+03  0.154E-43  0.267E+13  0.192E-01  0.474E-07  0.175E-02  0.747E-16      1.
 65  54  0.000E+00  0.000E+00 -0.999E+03  0.154E-43  0.330E+13  0.191E-01  0.323E-07  0.175E-02  0.381E-16      1.
 65  55  0.000E+00  0.000E+00 -0.999E+03  0.154E-43  0.408E+13  0.189E-01  0.222E-07  0.176E-02  0.197E-16      1.
 65  56  0.000E+00  0.000E+00 -0.999E+03  0.154E-43  0.517E+13  0.189E-01  0.175E-07  0.176E-02  0.123E-16      1.
 65  57  0.000E+00  0.000E+00 -0.999E+03  0.154E-43  0.688E+13  0.189E-01  0.179E-07  0.176E-02  0.111E-16      1.
 65  58  0.000E+00  0.000E+00 -0.999E+03  0.154E-43  0.929E+13  0.189E-01  0.196E-07  0.176E-02  0.110E-16      1.
 65  59  0.000E+00  0.000E+00 -0.999E+03  0.154E-43  0.135E+14  0.189E-01  0.314E-07  0.176E-02  0.185E-16      1.
 66   1  0.000E+00  0.000E+00 -0.999E+03  0.154E-43  0.178E+10  0.104E+00  0.155E+04  0.621E-01  0.430E+02      1.
 66   2  0.000E+00  0.000E+00 -0.999E+03  0.154E-43  0.220E+10  0.104E+00  0.177E+04  0.621E-01  0.452E+02      1.
 66   3  0.000E+00  0.000E+00 -0.999E+03  0.154E-43  0.333E+10  0.104E+00  0.279E+04  0.621E-01  0.743E+02      1.
 66   4  0.000E+00  0.000E+00 -0.999E+03  0.154E-43  0.466E+10  0.104E+00  0.387E+04  0.621E-01  0.102E+03      1.
 66   5  0.000E+00  0.000E+00 -0.999E+03  0.154E-43  0.614E+10  0.104E+00  0.489E+04  0.621E-01  0.123E+03      1.
 66   6  0.000E+00  0.000E+00 -0.999E+03  0.154E-43  0.786E+10  0.104E+00  0.586E+04  0.621E-01  0.139E+03      1.
 66   7  0.000E+00  0.000E+00 -0.999E+03  0.154E-43  0.985E+10  0.104E+00  0.677E+04  0.621E-01  0.148E+03      1.
 66   8  0.000E+00  0.000E+00 -0.999E+03  0.154E-43  0.121E+11  0.104E+00  0.754E+04  0.621E-01  0.150E+03      1.
 66   9  0.000E+00  0.000E+00 -0.999E+03  0.154E-43  0.149E+11  0.104E+00  0.835E+04  0.621E-01  0.150E+03      1.
 66  10  0.000E+00  0.000E+00 -0.999E+03  0.154E-43  0.188E+11  0.104E+00  0.964E+04  0.620E-01  0.160E+03      1.
 66  11  0.000E+00  0.000E+00 -0.999E+03  0.154E-43  0.244E+11  0.104E+00  0.116E+05  0.620E-01  0.181E+03      1.
 66  12  0.000E+00  0.000E+00 -0.999E+03  0.154E-43  0.308E+11  0.104E+00  0.132E+05  0.620E-01  0.189E+03      1.
 66  13  0.000E+00  0.000E+00 -0.999E+03  0.154E-43  0.363E+11  0.104E+00  0.132E+05  0.620E-01  0.165E+03      1.
 66  14  0.000E+00  0.000E+00 -0.999E+03  0.154E-43  0.407E+11  0.104E+00  0.117E+05  0.619E-01  0.121E+03      1.
 66  15  0.000E+00  0.000E+00 -0.999E+03  0.154E-43  0.449E+11  0.104E+00  0.985E+04  0.619E-01  0.831E+02      1.
 66  16  0.000E+00  0.000E+00 -0.999E+03  0.154E-43  0.479E+11  0.104E+00  0.746E+04  0.618E-01  0.492E+02      1.
 66  17  0.000E+00  0.000E+00 -0.999E+03  0.154E-43  0.471E+11  0.104E+00  0.448E+04  0.619E-01  0.211E+02      1.
 66  18  0.000E+00  0.000E+00 -0.999E+03  0.154E-43  0.442E+11  0.104E+00  0.223E+04  0.620E-01  0.696E+01      1.
 66  19  0.000E+00  0.000E+00 -0.999E+03  0.154E-43  0.417E+11  0.104E+00  0.104E+04  0.623E-01  0.208E+01      1.
 66  20  0.000E+00  0.000E+00 -0.999E+03  0.154E-43  0.398E+11  0.104E+00  0.455E+03  0.572E-01  0.574E+00      1.
 66  21  0.000E+00  0.000E+00 -0.999E+03  0.154E-43  0.381E+11  0.104E+00  0.184E+03  0.374E-01  0.142E+00      1.
 66  22  0.000E+00  0.000E+00 -0.999E+03  0.154E-43  0.369E+11  0.104E+00  0.706E+02  0.188E-01  0.325E-01      1.
 66  23  0.000E+00  0.000E+00 -0.999E+03  0.154E-43  0.347E+11  0.103E+00  0.219E+02  0.859E-02  0.556E-02      1.
 66  24  0.000E+00  0.000E+00 -0.999E+03  0.154E-43  0.310E+11  0.102E+00  0.501E+01  0.408E-02  0.617E-03      1.
 66  25  0.000E+00  0.000E+00 -0.999E+03  0.154E-43  0.270E+11  0.101E+00  0.896E+00  0.226E-02  0.489E-04      1.
 66  26  0.000E+00  0.000E+00 -0.999E+03  0.154E-43  0.225E+11  0.100E+00  0.116E+00  0.156E-02  0.246E-05      1.
 66  27  0.000E+00  0.000E+00 -0.999E+03  0.154E-43  0.184E+11  0.124E-01  0.118E-01  0.129E-02  0.888E-07     64.
 66  28  0.000E+00  0.000E+00 -0.999E+03  0.154E-43  0.157E+11  0.147E-02  0.133E-02  0.121E-02  0.369E-08     64.
 66  29  0.000E+00  0.000E+00 -0.999E+03  0.154E-43  0.142E+11  0.205E-03  0.191E-03  0.123E-02  0.215E-09     32.
 66  30  0.000E+00  0.000E+00 -0.999E+03  0.154E-43  0.133E+11  0.334E-04  0.301E-04  0.128E-02  0.142E-10     32.
 66  31  0.000E+00  0.000E+00 -0.999E+03  0.154E-43  0.129E+11  0.640E-05  0.573E-05  0.134E-02  0.122E-11     16.
 66  32  0.000E+00  0.000E+00 -0.999E+03  0.154E-43  0.138E+11  0.206E-05  0.186E-05  0.140E-02  0.221E-12      8.
 66  33  0.000E+00  0.000E+00 -0.999E+03  0.154E-43  0.165E+11  0.208E-05  0.104E-05  0.145E-02  0.866E-13      8.
 66  34  0.000E+00  0.000E+00 -0.999E+03  0.154E-43  0.201E+11  0.448E-05  0.670E-06  0.150E-02  0.407E-13      4.
 66  35  0.000E+00  0.000E+00 -0.999E+03  0.154E-43  0.235E+11  0.259E-04  0.336E-06  0.154E-02  0.136E-13      4.
 66  36  0.000E+00  0.000E+00 -0.999E+03  0.154E-43  0.265E+11  0.132E-03  0.139E-06  0.158E-02  0.345E-14      4.
 66  37  0.000E+00  0.000E+00 -0.999E+03  0.154E-43  0.306E+11  0.855E-04  0.659E-07  0.161E-02  0.106E-14      2.
 66  38  0.000E+00  0.000E+00 -0.999E+03  0.154E-43  0.378E+11  0.377E-03  0.444E-07  0.163E-02  0.534E-15      2.
 66  39  0.000E+00  0.000E+00 -0.999E+03  0.154E-43  0.498E+11  0.869E-03  0.425E-07  0.165E-02  0.438E-15      2.
 66  40  0.000E+00  0.000E+00 -0.999E+03  0.154E-43  0.687E+11  0.657E-03  0.524E-07  0.167E-02  0.511E-15      1.
 66  41  0.000E+00  0.000E+00 -0.999E+03  0.154E-43  0.967E+11  0.864E-03  0.719E-07  0.169E-02  0.693E-15      1.
 66  42  0.000E+00  0.000E+00 -0.999E+03  0.154E-43  0.135E+12  0.515E-02  0.939E-07  0.170E-02  0.876E-15      2.
 66  43  0.000E+00  0.000E+00 -0.999E+03  0.154E-43  0.184E+12  0.773E-02  0.109E-06  0.171E-02  0.940E-15      2.
 66  44  0.000E+00  0.000E+00 -0.999E+03  0.154E-43  0.248E+12  0.121E-01  0.117E-06  0.172E-02  0.910E-15      2.
 66  45  0.000E+00  0.000E+00 -0.999E+03  0.154E-43  0.330E+12  0.114E-01  0.120E-06  0.172E-02  0.815E-15      1.
 66  46  0.000E+00  0.000E+00 -0.999E+03  0.154E-43  0.432E+12  0.179E-01  0.112E-06  0.173E-02  0.646E-15      1.
 66  47  0.000E+00  0.000E+00 -0.999E+03  0.154E-43  0.558E+12  0.201E-01  0.963E-07  0.173E-02  0.457E-15      1.
 66  48  0.000E+00  0.000E+00 -0.999E+03  0.154E-43  0.716E+12  0.205E-01  0.805E-07  0.174E-02  0.310E-15      1.
 66  49  0.000E+00  0.000E+00 -0.999E+03  0.154E-43  0.925E+12  0.203E-01  0.696E-07  0.174E-02  0.221E-15      1.
 66  50  0.000E+00  0.000E+00 -0.999E+03  0.154E-43  0.121E+13  0.200E-01  0.651E-07  0.175E-02  0.176E-15      1.
 66  51  0.000E+00  0.000E+00 -0.999E+03  0.154E-43  0.160E+13  0.197E-01  0.639E-07  0.175E-02  0.149E-15      1.
 66  52  0.000E+00  0.000E+00 -0.999E+03  0.154E-43  0.210E+13  0.194E-01  0.596E-07  0.175E-02  0.118E-15      1.
 66  53  0.000E+00  0.000E+00 -0.999E+03  0.154E-43  0.267E+13  0.192E-01  0.474E-07  0.175E-02  0.747E-16      1.
 66  54  0.000E+00  0.000E+00 -0.999E+03  0.154E-43  0.330E+13  0.191E-01  0.323E-07  0.175E-02  0.381E-16      1.
 66  55  0.000E+00  0.000E+00 -0.999E+03  0.154E-43  0.408E+13  0.189E-01  0.222E-07  0.176E-02  0.197E-16      1.
 66  56  0.000E+00  0.000E+00 -0.999E+03  0.154E-43  0.517E+13  0.189E-01  0.175E-07  0.176E-02  0.123E-16      1.
 66  57  0.000E+00  0.000E+00 -0.999E+03  0.154E-43  0.688E+13  0.189E-01  0.179E-07  0.176E-02  0.111E-16      1.
 66  58  0.000E+00  0.000E+00 -0.999E+03  0.154E-43  0.929E+13  0.189E-01  0.196E-07  0.176E-02  0.110E-16      1.
 66  59  0.000E+00  0.000E+00 -0.999E+03  0.154E-43  0.135E+14  0.189E-01  0.314E-07  0.176E-02  0.185E-16      1.
 67   1  0.000E+00  0.000E+00 -0.999E+03  0.154E-43  0.178E+10  0.104E+00  0.155E+04  0.621E-01  0.430E+02      1.
 67   2  0.000E+00  0.000E+00 -0.999E+03  0.154E-43  0.220E+10  0.104E+00  0.177E+04  0.621E-01  0.452E+02      1.
 67   3  0.000E+00  0.000E+00 -0.999E+03  0.154E-43  0.333E+10  0.104E+00  0.279E+04  0.621E-01  0.743E+02      1.
 67   4  0.000E+00  0.000E+00 -0.999E+03  0.154E-43  0.466E+10  0.104E+00  0.387E+04  0.621E-01  0.102E+03      1.
 67   5  0.000E+00  0.000E+00 -0.999E+03  0.154E-43  0.614E+10  0.104E+00  0.489E+04  0.621E-01  0.123E+03      1.
 67   6  0.000E+00  0.000E+00 -0.999E+03  0.154E-43  0.786E+10  0.104E+00  0.586E+04  0.621E-01  0.139E+03      1.
 67   7  0.000E+00  0.000E+00 -0.999E+03  0.154E-43  0.985E+10  0.104E+00  0.677E+04  0.621E-01  0.148E+03      1.
 67   8  0.000E+00  0.000E+00 -0.999E+03  0.154E-43  0.121E+11  0.104E+00  0.754E+04  0.621E-01  0.150E+03      1.
 67   9  0.000E+00  0.000E+00 -0.999E+03  0.154E-43  0.149E+11  0.104E+00  0.835E+04  0.621E-01  0.150E+03      1.
 67  10  0.000E+00  0.000E+00 -0.999E+03  0.154E-43  0.188E+11  0.104E+00  0.964E+04  0.620E-01  0.160E+03      1.
 67  11  0.000E+00  0.000E+00 -0.999E+03  0.154E-43  0.244E+11  0.104E+00  0.116E+05  0.620E-01  0.181E+03      1.
 67  12  0.000E+00  0.000E+00 -0.999E+03  0.154E-43  0.308E+11  0.104E+00  0.132E+05  0.620E-01  0.189E+03      1.
 67  13  0.000E+00  0.000E+00 -0.999E+03  0.154E-43  0.363E+11  0.104E+00  0.132E+05  0.620E-01  0.165E+03      1.
 67  14  0.000E+00  0.000E+00 -0.999E+03  0.154E-43  0.407E+11  0.104E+00  0.117E+05  0.619E-01  0.121E+03      1.
 67  15  0.000E+00  0.000E+00 -0.999E+03  0.154E-43  0.449E+11  0.104E+00  0.985E+04  0.619E-01  0.831E+02      1.
 67  16  0.000E+00  0.000E+00 -0.999E+03  0.154E-43  0.479E+11  0.104E+00  0.746E+04  0.618E-01  0.492E+02      1.
 67  17  0.000E+00  0.000E+00 -0.999E+03  0.154E-43  0.471E+11  0.104E+00  0.448E+04  0.619E-01  0.211E+02      1.
 67  18  0.000E+00  0.000E+00 -0.999E+03  0.154E-43  0.442E+11  0.104E+00  0.223E+04  0.620E-01  0.696E+01      1.
 67  19  0.000E+00  0.000E+00 -0.999E+03  0.154E-43  0.417E+11  0.104E+00  0.104E+04  0.623E-01  0.208E+01      1.
 67  20  0.000E+00  0.000E+00 -0.999E+03  0.154E-43  0.398E+11  0.104E+00  0.455E+03  0.572E-01  0.574E+00      1.
 67  21  0.000E+00  0.000E+00 -0.999E+03  0.154E-43  0.381E+11  0.104E+00  0.184E+03  0.374E-01  0.142E+00      1.
 67  22  0.000E+00  0.000E+00 -0.999E+03  0.154E-43  0.369E+11  0.104E+00  0.706E+02  0.188E-01  0.325E-01      1.
 67  23  0.000E+00  0.000E+00 -0.999E+03  0.154E-43  0.347E+11  0.103E+00  0.219E+02  0.859E-02  0.556E-02      1.
 67  24  0.000E+00  0.000E+00 -0.999E+03  0.154E-43  0.310E+11  0.102E+00  0.501E+01  0.408E-02  0.617E-03      1.
 67  25  0.000E+00  0.000E+00 -0.999E+03  0.154E-43  0.270E+11  0.101E+00  0.896E+00  0.226E-02  0.489E-04      1.
 67  26  0.000E+00  0.000E+00 -0.999E+03  0.154E-43  0.225E+11  0.100E+00  0.116E+00  0.156E-02  0.246E-05      1.
 67  27  0.000E+00  0.000E+00 -0.999E+03  0.154E-43  0.184E+11  0.124E-01  0.118E-01  0.129E-02  0.888E-07     64.
 67  28  0.000E+00  0.000E+00 -0.999E+03  0.154E-43  0.157E+11  0.147E-02  0.133E-02  0.121E-02  0.369E-08     64.
 67  29  0.000E+00  0.000E+00 -0.999E+03  0.154E-43  0.142E+11  0.205E-03  0.191E-03  0.123E-02  0.215E-09     32.
 67  30  0.000E+00  0.000E+00 -0.999E+03  0.154E-43  0.133E+11  0.334E-04  0.301E-04  0.128E-02  0.142E-10     32.
 67  31  0.000E+00  0.000E+00 -0.999E+03  0.154E-43  0.129E+11  0.640E-05  0.573E-05  0.134E-02  0.122E-11     16.
 67  32  0.000E+00  0.000E+00 -0.999E+03  0.154E-43  0.138E+11  0.206E-05  0.186E-05  0.140E-02  0.221E-12      8.
 67  33  0.000E+00  0.000E+00 -0.999E+03  0.154E-43  0.165E+11  0.208E-05  0.104E-05  0.145E-02  0.866E-13      8.
 67  34  0.000E+00  0.000E+00 -0.999E+03  0.154E-43  0.201E+11  0.448E-05  0.670E-06  0.150E-02  0.407E-13      4.
 67  35  0.000E+00  0.000E+00 -0.999E+03  0.154E-43  0.235E+11  0.259E-04  0.336E-06  0.154E-02  0.136E-13      4.
 67  36  0.000E+00  0.000E+00 -0.999E+03  0.154E-43  0.265E+11  0.132E-03  0.139E-06  0.158E-02  0.345E-14      4.
 67  37  0.000E+00  0.000E+00 -0.999E+03  0.154E-43  0.306E+11  0.855E-04  0.659E-07  0.161E-02  0.106E-14      2.
 67  38  0.000E+00  0.000E+00 -0.999E+03  0.154E-43  0.378E+11  0.377E-03  0.444E-07  0.163E-02  0.534E-15      2.
 67  39  0.000E+00  0.000E+00 -0.999E+03  0.154E-43  0.498E+11  0.869E-03  0.425E-07  0.165E-02  0.438E-15      2.
 67  40  0.000E+00  0.000E+00 -0.999E+03  0.154E-43  0.687E+11  0.657E-03  0.524E-07  0.167E-02  0.511E-15      1.
 67  41  0.000E+00  0.000E+00 -0.999E+03  0.154E-43  0.967E+11  0.864E-03  0.719E-07  0.169E-02  0.693E-15      1.
 67  42  0.000E+00  0.000E+00 -0.999E+03  0.154E-43  0.135E+12  0.515E-02  0.939E-07  0.170E-02  0.876E-15      2.
 67  43  0.000E+00  0.000E+00 -0.999E+03  0.154E-43  0.184E+12  0.773E-02  0.109E-06  0.171E-02  0.940E-15      2.
 67  44  0.000E+00  0.000E+00 -0.999E+03  0.154E-43  0.248E+12  0.121E-01  0.117E-06  0.172E-02  0.910E-15      2.
 67  45  0.000E+00  0.000E+00 -0.999E+03  0.154E-43  0.330E+12  0.114E-01  0.120E-06  0.172E-02  0.815E-15      1.
 67  46  0.000E+00  0.000E+00 -0.999E+03  0.154E-43  0.432E+12  0.179E-01  0.112E-06  0.173E-02  0.646E-15      1.
 67  47  0.000E+00  0.000E+00 -0.999E+03  0.154E-43  0.558E+12  0.201E-01  0.963E-07  0.173E-02  0.457E-15      1.
 67  48  0.000E+00  0.000E+00 -0.999E+03  0.154E-43  0.716E+12  0.205E-01  0.805E-07  0.174E-02  0.310E-15      1.
 67  49  0.000E+00  0.000E+00 -0.999E+03  0.154E-43  0.925E+12  0.203E-01  0.696E-07  0.174E-02  0.221E-15      1.
 67  50  0.000E+00  0.000E+00 -0.999E+03  0.154E-43  0.121E+13  0.200E-01  0.651E-07  0.175E-02  0.176E-15      1.
 67  51  0.000E+00  0.000E+00 -0.999E+03  0.154E-43  0.160E+13  0.197E-01  0.639E-07  0.175E-02  0.149E-15      1.
 67  52  0.000E+00  0.000E+00 -0.999E+03  0.154E-43  0.210E+13  0.194E-01  0.596E-07  0.175E-02  0.118E-15      1.
 67  53  0.000E+00  0.000E+00 -0.999E+03  0.154E-43  0.267E+13  0.192E-01  0.474E-07  0.175E-02  0.747E-16      1.
 67  54  0.000E+00  0.000E+00 -0.999E+03  0.154E-43  0.330E+13  0.191E-01  0.323E-07  0.175E-02  0.381E-16      1.
 67  55  0.000E+00  0.000E+00 -0.999E+03  0.154E-43  0.408E+13  0.189E-01  0.222E-07  0.176E-02  0.197E-16      1.
 67  56  0.000E+00  0.000E+00 -0.999E+03  0.154E-43  0.517E+13  0.189E-01  0.175E-07  0.176E-02  0.123E-16      1.
 67  57  0.000E+00  0.000E+00 -0.999E+03  0.154E-43  0.688E+13  0.189E-01  0.179E-07  0.176E-02  0.111E-16      1.
 67  58  0.000E+00  0.000E+00 -0.999E+03  0.154E-43  0.929E+13  0.189E-01  0.196E-07  0.176E-02  0.110E-16      1.
 67  59  0.000E+00  0.000E+00 -0.999E+03  0.154E-43  0.135E+14  0.189E-01  0.314E-07  0.176E-02  0.185E-16      1.
 68   1  0.000E+00  0.000E+00 -0.999E+03  0.154E-43  0.178E+10  0.104E+00  0.155E+04  0.621E-01  0.430E+02      1.
 68   2  0.000E+00  0.000E+00 -0.999E+03  0.154E-43  0.220E+10  0.104E+00  0.177E+04  0.621E-01  0.452E+02      1.
 68   3  0.000E+00  0.000E+00 -0.999E+03  0.154E-43  0.333E+10  0.104E+00  0.279E+04  0.621E-01  0.743E+02      1.
 68   4  0.000E+00  0.000E+00 -0.999E+03  0.154E-43  0.466E+10  0.104E+00  0.387E+04  0.621E-01  0.102E+03      1.
 68   5  0.000E+00  0.000E+00 -0.999E+03  0.154E-43  0.614E+10  0.104E+00  0.489E+04  0.621E-01  0.123E+03      1.
 68   6  0.000E+00  0.000E+00 -0.999E+03  0.154E-43  0.786E+10  0.104E+00  0.586E+04  0.621E-01  0.139E+03      1.
 68   7  0.000E+00  0.000E+00 -0.999E+03  0.154E-43  0.985E+10  0.104E+00  0.677E+04  0.621E-01  0.148E+03      1.
 68   8  0.000E+00  0.000E+00 -0.999E+03  0.154E-43  0.121E+11  0.104E+00  0.754E+04  0.621E-01  0.150E+03      1.
 68   9  0.000E+00  0.000E+00 -0.999E+03  0.154E-43  0.149E+11  0.104E+00  0.835E+04  0.621E-01  0.150E+03      1.
 68  10  0.000E+00  0.000E+00 -0.999E+03  0.154E-43  0.188E+11  0.104E+00  0.964E+04  0.620E-01  0.160E+03      1.
 68  11  0.000E+00  0.000E+00 -0.999E+03  0.154E-43  0.244E+11  0.104E+00  0.116E+05  0.620E-01  0.181E+03      1.
 68  12  0.000E+00  0.000E+00 -0.999E+03  0.154E-43  0.308E+11  0.104E+00  0.132E+05  0.620E-01  0.189E+03      1.
 68  13  0.000E+00  0.000E+00 -0.999E+03  0.154E-43  0.363E+11  0.104E+00  0.132E+05  0.620E-01  0.165E+03      1.
 68  14  0.000E+00  0.000E+00 -0.999E+03  0.154E-43  0.407E+11  0.104E+00  0.117E+05  0.619E-01  0.121E+03      1.
 68  15  0.000E+00  0.000E+00 -0.999E+03  0.154E-43  0.449E+11  0.104E+00  0.985E+04  0.619E-01  0.831E+02      1.
 68  16  0.000E+00  0.000E+00 -0.999E+03  0.154E-43  0.479E+11  0.104E+00  0.746E+04  0.618E-01  0.492E+02      1.
 68  17  0.000E+00  0.000E+00 -0.999E+03  0.154E-43  0.471E+11  0.104E+00  0.448E+04  0.619E-01  0.211E+02      1.
 68  18  0.000E+00  0.000E+00 -0.999E+03  0.154E-43  0.442E+11  0.104E+00  0.223E+04  0.620E-01  0.696E+01      1.
 68  19  0.000E+00  0.000E+00 -0.999E+03  0.154E-43  0.417E+11  0.104E+00  0.104E+04  0.623E-01  0.208E+01      1.
 68  20  0.000E+00  0.000E+00 -0.999E+03  0.154E-43  0.398E+11  0.104E+00  0.455E+03  0.572E-01  0.574E+00      1.
 68  21  0.000E+00  0.000E+00 -0.999E+03  0.154E-43  0.381E+11  0.104E+00  0.184E+03  0.374E-01  0.142E+00      1.
 68  22  0.000E+00  0.000E+00 -0.999E+03  0.154E-43  0.369E+11  0.104E+00  0.706E+02  0.188E-01  0.325E-01      1.
 68  23  0.000E+00  0.000E+00 -0.999E+03  0.154E-43  0.347E+11  0.103E+00  0.219E+02  0.859E-02  0.556E-02      1.
 68  24  0.000E+00  0.000E+00 -0.999E+03  0.154E-43  0.310E+11  0.102E+00  0.501E+01  0.408E-02  0.617E-03      1.
 68  25  0.000E+00  0.000E+00 -0.999E+03  0.154E-43  0.270E+11  0.101E+00  0.896E+00  0.226E-02  0.489E-04      1.
 68  26  0.000E+00  0.000E+00 -0.999E+03  0.154E-43  0.225E+11  0.100E+00  0.116E+00  0.156E-02  0.246E-05      1.
 68  27  0.000E+00  0.000E+00 -0.999E+03  0.154E-43  0.184E+11  0.124E-01  0.118E-01  0.129E-02  0.888E-07     64.
 68  28  0.000E+00  0.000E+00 -0.999E+03  0.154E-43  0.157E+11  0.147E-02  0.133E-02  0.121E-02  0.369E-08     64.
 68  29  0.000E+00  0.000E+00 -0.999E+03  0.154E-43  0.142E+11  0.205E-03  0.191E-03  0.123E-02  0.215E-09     32.
 68  30  0.000E+00  0.000E+00 -0.999E+03  0.154E-43  0.133E+11  0.334E-04  0.301E-04  0.128E-02  0.142E-10     32.
 68  31  0.000E+00  0.000E+00 -0.999E+03  0.154E-43  0.129E+11  0.640E-05  0.573E-05  0.134E-02  0.122E-11     16.
 68  32  0.000E+00  0.000E+00 -0.999E+03  0.154E-43  0.138E+11  0.206E-05  0.186E-05  0.140E-02  0.221E-12      8.
 68  33  0.000E+00  0.000E+00 -0.999E+03  0.154E-43  0.165E+11  0.208E-05  0.104E-05  0.145E-02  0.866E-13      8.
 68  34  0.000E+00  0.000E+00 -0.999E+03  0.154E-43  0.201E+11  0.448E-05  0.670E-06  0.150E-02  0.407E-13      4.
 68  35  0.000E+00  0.000E+00 -0.999E+03  0.154E-43  0.235E+11  0.259E-04  0.336E-06  0.154E-02  0.136E-13      4.
 68  36  0.000E+00  0.000E+00 -0.999E+03  0.154E-43  0.265E+11  0.132E-03  0.139E-06  0.158E-02  0.345E-14      4.
 68  37  0.000E+00  0.000E+00 -0.999E+03  0.154E-43  0.306E+11  0.855E-04  0.659E-07  0.161E-02  0.106E-14      2.
 68  38  0.000E+00  0.000E+00 -0.999E+03  0.154E-43  0.378E+11  0.377E-03  0.444E-07  0.163E-02  0.534E-15      2.
 68  39  0.000E+00  0.000E+00 -0.999E+03  0.154E-43  0.498E+11  0.869E-03  0.425E-07  0.165E-02  0.438E-15      2.
 68  40  0.000E+00  0.000E+00 -0.999E+03  0.154E-43  0.687E+11  0.657E-03  0.524E-07  0.167E-02  0.511E-15      1.
 68  41  0.000E+00  0.000E+00 -0.999E+03  0.154E-43  0.967E+11  0.864E-03  0.719E-07  0.169E-02  0.693E-15      1.
 68  42  0.000E+00  0.000E+00 -0.999E+03  0.154E-43  0.135E+12  0.515E-02  0.939E-07  0.170E-02  0.876E-15      2.
 68  43  0.000E+00  0.000E+00 -0.999E+03  0.154E-43  0.184E+12  0.773E-02  0.109E-06  0.171E-02  0.940E-15      2.
 68  44  0.000E+00  0.000E+00 -0.999E+03  0.154E-43  0.248E+12  0.121E-01  0.117E-06  0.172E-02  0.910E-15      2.
 68  45  0.000E+00  0.000E+00 -0.999E+03  0.154E-43  0.330E+12  0.114E-01  0.120E-06  0.172E-02  0.815E-15      1.
 68  46  0.000E+00  0.000E+00 -0.999E+03  0.154E-43  0.432E+12  0.179E-01  0.112E-06  0.173E-02  0.646E-15      1.
 68  47  0.000E+00  0.000E+00 -0.999E+03  0.154E-43  0.558E+12  0.201E-01  0.963E-07  0.173E-02  0.457E-15      1.
 68  48  0.000E+00  0.000E+00 -0.999E+03  0.154E-43  0.716E+12  0.205E-01  0.805E-07  0.174E-02  0.310E-15      1.
 68  49  0.000E+00  0.000E+00 -0.999E+03  0.154E-43  0.925E+12  0.203E-01  0.696E-07  0.174E-02  0.221E-15      1.
 68  50  0.000E+00  0.000E+00 -0.999E+03  0.154E-43  0.121E+13  0.200E-01  0.651E-07  0.175E-02  0.176E-15      1.
 68  51  0.000E+00  0.000E+00 -0.999E+03  0.154E-43  0.160E+13  0.197E-01  0.639E-07  0.175E-02  0.149E-15      1.
 68  52  0.000E+00  0.000E+00 -0.999E+03  0.154E-43  0.210E+13  0.194E-01  0.596E-07  0.175E-02  0.118E-15      1.
 68  53  0.000E+00  0.000E+00 -0.999E+03  0.154E-43  0.267E+13  0.192E-01  0.474E-07  0.175E-02  0.747E-16      1.
 68  54  0.000E+00  0.000E+00 -0.999E+03  0.154E-43  0.330E+13  0.191E-01  0.323E-07  0.175E-02  0.381E-16      1.
 68  55  0.000E+00  0.000E+00 -0.999E+03  0.154E-43  0.408E+13  0.189E-01  0.222E-07  0.176E-02  0.197E-16      1.
 68  56  0.000E+00  0.000E+00 -0.999E+03  0.154E-43  0.517E+13  0.189E-01  0.175E-07  0.176E-02  0.123E-16      1.
 68  57  0.000E+00  0.000E+00 -0.999E+03  0.154E-43  0.688E+13  0.189E-01  0.179E-07  0.176E-02  0.111E-16      1.
 68  58  0.000E+00  0.000E+00 -0.999E+03  0.154E-43  0.929E+13  0.189E-01  0.196E-07  0.176E-02  0.110E-16      1.
 68  59  0.000E+00  0.000E+00 -0.999E+03  0.154E-43  0.135E+14  0.189E-01  0.314E-07  0.176E-02  0.185E-16      1.
 69   1  0.000E+00  0.000E+00 -0.999E+03  0.154E-43  0.178E+10  0.104E+00  0.155E+04  0.621E-01  0.430E+02      1.
 69   2  0.000E+00  0.000E+00 -0.999E+03  0.154E-43  0.220E+10  0.104E+00  0.177E+04  0.621E-01  0.452E+02      1.
 69   3  0.000E+00  0.000E+00 -0.999E+03  0.154E-43  0.333E+10  0.104E+00  0.279E+04  0.621E-01  0.743E+02      1.
 69   4  0.000E+00  0.000E+00 -0.999E+03  0.154E-43  0.466E+10  0.104E+00  0.387E+04  0.621E-01  0.102E+03      1.
 69   5  0.000E+00  0.000E+00 -0.999E+03  0.154E-43  0.614E+10  0.104E+00  0.489E+04  0.621E-01  0.123E+03      1.
 69   6  0.000E+00  0.000E+00 -0.999E+03  0.154E-43  0.786E+10  0.104E+00  0.586E+04  0.621E-01  0.139E+03      1.
 69   7  0.000E+00  0.000E+00 -0.999E+03  0.154E-43  0.985E+10  0.104E+00  0.677E+04  0.621E-01  0.148E+03      1.
 69   8  0.000E+00  0.000E+00 -0.999E+03  0.154E-43  0.121E+11  0.104E+00  0.754E+04  0.621E-01  0.150E+03      1.
 69   9  0.000E+00  0.000E+00 -0.999E+03  0.154E-43  0.149E+11  0.104E+00  0.835E+04  0.621E-01  0.150E+03      1.
 69  10  0.000E+00  0.000E+00 -0.999E+03  0.154E-43  0.188E+11  0.104E+00  0.964E+04  0.620E-01  0.160E+03      1.
 69  11  0.000E+00  0.000E+00 -0.999E+03  0.154E-43  0.244E+11  0.104E+00  0.116E+05  0.620E-01  0.181E+03      1.
 69  12  0.000E+00  0.000E+00 -0.999E+03  0.154E-43  0.308E+11  0.104E+00  0.132E+05  0.620E-01  0.189E+03      1.
 69  13  0.000E+00  0.000E+00 -0.999E+03  0.154E-43  0.363E+11  0.104E+00  0.132E+05  0.620E-01  0.165E+03      1.
 69  14  0.000E+00  0.000E+00 -0.999E+03  0.154E-43  0.407E+11  0.104E+00  0.117E+05  0.619E-01  0.121E+03      1.
 69  15  0.000E+00  0.000E+00 -0.999E+03  0.154E-43  0.449E+11  0.104E+00  0.985E+04  0.619E-01  0.831E+02      1.
 69  16  0.000E+00  0.000E+00 -0.999E+03  0.154E-43  0.479E+11  0.104E+00  0.746E+04  0.618E-01  0.492E+02      1.
 69  17  0.000E+00  0.000E+00 -0.999E+03  0.154E-43  0.471E+11  0.104E+00  0.448E+04  0.619E-01  0.211E+02      1.
 69  18  0.000E+00  0.000E+00 -0.999E+03  0.154E-43  0.442E+11  0.104E+00  0.223E+04  0.620E-01  0.696E+01      1.
 69  19  0.000E+00  0.000E+00 -0.999E+03  0.154E-43  0.417E+11  0.104E+00  0.104E+04  0.623E-01  0.208E+01      1.
 69  20  0.000E+00  0.000E+00 -0.999E+03  0.154E-43  0.398E+11  0.104E+00  0.455E+03  0.572E-01  0.574E+00      1.
 69  21  0.000E+00  0.000E+00 -0.999E+03  0.154E-43  0.381E+11  0.104E+00  0.184E+03  0.374E-01  0.142E+00      1.
 69  22  0.000E+00  0.000E+00 -0.999E+03  0.154E-43  0.369E+11  0.104E+00  0.706E+02  0.188E-01  0.325E-01      1.
 69  23  0.000E+00  0.000E+00 -0.999E+03  0.154E-43  0.347E+11  0.103E+00  0.219E+02  0.859E-02  0.556E-02      1.
 69  24  0.000E+00  0.000E+00 -0.999E+03  0.154E-43  0.310E+11  0.102E+00  0.501E+01  0.408E-02  0.617E-03      1.
 69  25  0.000E+00  0.000E+00 -0.999E+03  0.154E-43  0.270E+11  0.101E+00  0.896E+00  0.226E-02  0.489E-04      1.
 69  26  0.000E+00  0.000E+00 -0.999E+03  0.154E-43  0.225E+11  0.100E+00  0.116E+00  0.156E-02  0.246E-05      1.
 69  27  0.000E+00  0.000E+00 -0.999E+03  0.154E-43  0.184E+11  0.124E-01  0.118E-01  0.129E-02  0.888E-07     64.
 69  28  0.000E+00  0.000E+00 -0.999E+03  0.154E-43  0.157E+11  0.147E-02  0.133E-02  0.121E-02  0.369E-08     64.
 69  29  0.000E+00  0.000E+00 -0.999E+03  0.154E-43  0.142E+11  0.205E-03  0.191E-03  0.123E-02  0.215E-09     32.
 69  30  0.000E+00  0.000E+00 -0.999E+03  0.154E-43  0.133E+11  0.334E-04  0.301E-04  0.128E-02  0.142E-10     32.
 69  31  0.000E+00  0.000E+00 -0.999E+03  0.154E-43  0.129E+11  0.640E-05  0.573E-05  0.134E-02  0.122E-11     16.
 69  32  0.000E+00  0.000E+00 -0.999E+03  0.154E-43  0.138E+11  0.206E-05  0.186E-05  0.140E-02  0.221E-12      8.
 69  33  0.000E+00  0.000E+00 -0.999E+03  0.154E-43  0.165E+11  0.208E-05  0.104E-05  0.145E-02  0.866E-13      8.
 69  34  0.000E+00  0.000E+00 -0.999E+03  0.154E-43  0.201E+11  0.448E-05  0.670E-06  0.150E-02  0.407E-13      4.
 69  35  0.000E+00  0.000E+00 -0.999E+03  0.154E-43  0.235E+11  0.259E-04  0.336E-06  0.154E-02  0.136E-13      4.
 69  36  0.000E+00  0.000E+00 -0.999E+03  0.154E-43  0.265E+11  0.132E-03  0.139E-06  0.158E-02  0.345E-14      4.
 69  37  0.000E+00  0.000E+00 -0.999E+03  0.154E-43  0.306E+11  0.855E-04  0.659E-07  0.161E-02  0.106E-14      2.
 69  38  0.000E+00  0.000E+00 -0.999E+03  0.154E-43  0.378E+11  0.377E-03  0.444E-07  0.163E-02  0.534E-15      2.
 69  39  0.000E+00  0.000E+00 -0.999E+03  0.154E-43  0.498E+11  0.869E-03  0.425E-07  0.165E-02  0.438E-15      2.
 69  40  0.000E+00  0.000E+00 -0.999E+03  0.154E-43  0.687E+11  0.657E-03  0.524E-07  0.167E-02  0.511E-15      1.
 69  41  0.000E+00  0.000E+00 -0.999E+03  0.154E-43  0.967E+11  0.864E-03  0.719E-07  0.169E-02  0.693E-15      1.
 69  42  0.000E+00  0.000E+00 -0.999E+03  0.154E-43  0.135E+12  0.515E-02  0.939E-07  0.170E-02  0.876E-15      2.
 69  43  0.000E+00  0.000E+00 -0.999E+03  0.154E-43  0.184E+12  0.773E-02  0.109E-06  0.171E-02  0.940E-15      2.
 69  44  0.000E+00  0.000E+00 -0.999E+03  0.154E-43  0.248E+12  0.121E-01  0.117E-06  0.172E-02  0.910E-15      2.
 69  45  0.000E+00  0.000E+00 -0.999E+03  0.154E-43  0.330E+12  0.114E-01  0.120E-06  0.172E-02  0.815E-15      1.
 69  46  0.000E+00  0.000E+00 -0.999E+03  0.154E-43  0.432E+12  0.179E-01  0.112E-06  0.173E-02  0.646E-15      1.
 69  47  0.000E+00  0.000E+00 -0.999E+03  0.154E-43  0.558E+12  0.201E-01  0.963E-07  0.173E-02  0.457E-15      1.
 69  48  0.000E+00  0.000E+00 -0.999E+03  0.154E-43  0.716E+12  0.205E-01  0.805E-07  0.174E-02  0.310E-15      1.
 69  49  0.000E+00  0.000E+00 -0.999E+03  0.154E-43  0.925E+12  0.203E-01  0.696E-07  0.174E-02  0.221E-15      1.
 69  50  0.000E+00  0.000E+00 -0.999E+03  0.154E-43  0.121E+13  0.200E-01  0.651E-07  0.175E-02  0.176E-15      1.
 69  51  0.000E+00  0.000E+00 -0.999E+03  0.154E-43  0.160E+13  0.197E-01  0.639E-07  0.175E-02  0.149E-15      1.
 69  52  0.000E+00  0.000E+00 -0.999E+03  0.154E-43  0.210E+13  0.194E-01  0.596E-07  0.175E-02  0.118E-15      1.
 69  53  0.000E+00  0.000E+00 -0.999E+03  0.154E-43  0.267E+13  0.192E-01  0.474E-07  0.175E-02  0.747E-16      1.
 69  54  0.000E+00  0.000E+00 -0.999E+03  0.154E-43  0.330E+13  0.191E-01  0.323E-07  0.175E-02  0.381E-16      1.
 69  55  0.000E+00  0.000E+00 -0.999E+03  0.154E-43  0.408E+13  0.189E-01  0.222E-07  0.176E-02  0.197E-16      1.
 69  56  0.000E+00  0.000E+00 -0.999E+03  0.154E-43  0.517E+13  0.189E-01  0.175E-07  0.176E-02  0.123E-16      1.
 69  57  0.000E+00  0.000E+00 -0.999E+03  0.154E-43  0.688E+13  0.189E-01  0.179E-07  0.176E-02  0.111E-16      1.
 69  58  0.000E+00  0.000E+00 -0.999E+03  0.154E-43  0.929E+13  0.189E-01  0.196E-07  0.176E-02  0.110E-16      1.
 69  59  0.000E+00  0.000E+00 -0.999E+03  0.154E-43  0.135E+14  0.189E-01  0.314E-07  0.176E-02  0.185E-16      1.
 70   1  0.000E+00  0.000E+00 -0.999E+03  0.154E-43  0.178E+10  0.104E+00  0.155E+04  0.621E-01  0.430E+02      1.
 70   2  0.000E+00  0.000E+00 -0.999E+03  0.154E-43  0.220E+10  0.104E+00  0.177E+04  0.621E-01  0.452E+02      1.
 70   3  0.000E+00  0.000E+00 -0.999E+03  0.154E-43  0.333E+10  0.104E+00  0.279E+04  0.621E-01  0.743E+02      1.
 70   4  0.000E+00  0.000E+00 -0.999E+03  0.154E-43  0.466E+10  0.104E+00  0.387E+04  0.621E-01  0.102E+03      1.
 70   5  0.000E+00  0.000E+00 -0.999E+03  0.154E-43  0.614E+10  0.104E+00  0.489E+04  0.621E-01  0.123E+03      1.
 70   6  0.000E+00  0.000E+00 -0.999E+03  0.154E-43  0.786E+10  0.104E+00  0.586E+04  0.621E-01  0.139E+03      1.
 70   7  0.000E+00  0.000E+00 -0.999E+03  0.154E-43  0.985E+10  0.104E+00  0.677E+04  0.621E-01  0.148E+03      1.
 70   8  0.000E+00  0.000E+00 -0.999E+03  0.154E-43  0.121E+11  0.104E+00  0.754E+04  0.621E-01  0.150E+03      1.
 70   9  0.000E+00  0.000E+00 -0.999E+03  0.154E-43  0.149E+11  0.104E+00  0.835E+04  0.621E-01  0.150E+03      1.
 70  10  0.000E+00  0.000E+00 -0.999E+03  0.154E-43  0.188E+11  0.104E+00  0.964E+04  0.620E-01  0.160E+03      1.
 70  11  0.000E+00  0.000E+00 -0.999E+03  0.154E-43  0.244E+11  0.104E+00  0.116E+05  0.620E-01  0.181E+03      1.
 70  12  0.000E+00  0.000E+00 -0.999E+03  0.154E-43  0.308E+11  0.104E+00  0.132E+05  0.620E-01  0.189E+03      1.
 70  13  0.000E+00  0.000E+00 -0.999E+03  0.154E-43  0.363E+11  0.104E+00  0.132E+05  0.620E-01  0.165E+03      1.
 70  14  0.000E+00  0.000E+00 -0.999E+03  0.154E-43  0.407E+11  0.104E+00  0.117E+05  0.619E-01  0.121E+03      1.
 70  15  0.000E+00  0.000E+00 -0.999E+03  0.154E-43  0.449E+11  0.104E+00  0.985E+04  0.619E-01  0.831E+02      1.
 70  16  0.000E+00  0.000E+00 -0.999E+03  0.154E-43  0.479E+11  0.104E+00  0.746E+04  0.618E-01  0.492E+02      1.
 70  17  0.000E+00  0.000E+00 -0.999E+03  0.154E-43  0.471E+11  0.104E+00  0.448E+04  0.619E-01  0.211E+02      1.
 70  18  0.000E+00  0.000E+00 -0.999E+03  0.154E-43  0.442E+11  0.104E+00  0.223E+04  0.620E-01  0.696E+01      1.
 70  19  0.000E+00  0.000E+00 -0.999E+03  0.154E-43  0.417E+11  0.104E+00  0.104E+04  0.623E-01  0.208E+01      1.
 70  20  0.000E+00  0.000E+00 -0.999E+03  0.154E-43  0.398E+11  0.104E+00  0.455E+03  0.572E-01  0.574E+00      1.
 70  21  0.000E+00  0.000E+00 -0.999E+03  0.154E-43  0.381E+11  0.104E+00  0.184E+03  0.374E-01  0.142E+00      1.
 70  22  0.000E+00  0.000E+00 -0.999E+03  0.154E-43  0.369E+11  0.104E+00  0.706E+02  0.188E-01  0.325E-01      1.
 70  23  0.000E+00  0.000E+00 -0.999E+03  0.154E-43  0.347E+11  0.103E+00  0.219E+02  0.859E-02  0.556E-02      1.
 70  24  0.000E+00  0.000E+00 -0.999E+03  0.154E-43  0.310E+11  0.102E+00  0.501E+01  0.408E-02  0.617E-03      1.
 70  25  0.000E+00  0.000E+00 -0.999E+03  0.154E-43  0.270E+11  0.101E+00  0.896E+00  0.226E-02  0.489E-04      1.
 70  26  0.000E+00  0.000E+00 -0.999E+03  0.154E-43  0.225E+11  0.100E+00  0.116E+00  0.156E-02  0.246E-05      1.
 70  27  0.000E+00  0.000E+00 -0.999E+03  0.154E-43  0.184E+11  0.124E-01  0.118E-01  0.129E-02  0.888E-07     64.
 70  28  0.000E+00  0.000E+00 -0.999E+03  0.154E-43  0.157E+11  0.147E-02  0.133E-02  0.121E-02  0.369E-08     64.
 70  29  0.000E+00  0.000E+00 -0.999E+03  0.154E-43  0.142E+11  0.205E-03  0.191E-03  0.123E-02  0.215E-09     32.
 70  30  0.000E+00  0.000E+00 -0.999E+03  0.154E-43  0.133E+11  0.334E-04  0.301E-04  0.128E-02  0.142E-10     32.
 70  31  0.000E+00  0.000E+00 -0.999E+03  0.154E-43  0.129E+11  0.640E-05  0.573E-05  0.134E-02  0.122E-11     16.
 70  32  0.000E+00  0.000E+00 -0.999E+03  0.154E-43  0.138E+11  0.206E-05  0.186E-05  0.140E-02  0.221E-12      8.
 70  33  0.000E+00  0.000E+00 -0.999E+03  0.154E-43  0.165E+11  0.208E-05  0.104E-05  0.145E-02  0.866E-13      8.
 70  34  0.000E+00  0.000E+00 -0.999E+03  0.154E-43  0.201E+11  0.448E-05  0.670E-06  0.150E-02  0.407E-13      4.
 70  35  0.000E+00  0.000E+00 -0.999E+03  0.154E-43  0.235E+11  0.259E-04  0.336E-06  0.154E-02  0.136E-13      4.
 70  36  0.000E+00  0.000E+00 -0.999E+03  0.154E-43  0.265E+11  0.132E-03  0.139E-06  0.158E-02  0.345E-14      4.
 70  37  0.000E+00  0.000E+00 -0.999E+03  0.154E-43  0.306E+11  0.855E-04  0.659E-07  0.161E-02  0.106E-14      2.
 70  38  0.000E+00  0.000E+00 -0.999E+03  0.154E-43  0.378E+11  0.377E-03  0.444E-07  0.163E-02  0.534E-15      2.
 70  39  0.000E+00  0.000E+00 -0.999E+03  0.154E-43  0.498E+11  0.869E-03  0.425E-07  0.165E-02  0.438E-15      2.
 70  40  0.000E+00  0.000E+00 -0.999E+03  0.154E-43  0.687E+11  0.657E-03  0.524E-07  0.167E-02  0.511E-15      1.
 70  41  0.000E+00  0.000E+00 -0.999E+03  0.154E-43  0.967E+11  0.864E-03  0.719E-07  0.169E-02  0.693E-15      1.
 70  42  0.000E+00  0.000E+00 -0.999E+03  0.154E-43  0.135E+12  0.515E-02  0.939E-07  0.170E-02  0.876E-15      2.
 70  43  0.000E+00  0.000E+00 -0.999E+03  0.154E-43  0.184E+12  0.773E-02  0.109E-06  0.171E-02  0.940E-15      2.
 70  44  0.000E+00  0.000E+00 -0.999E+03  0.154E-43  0.248E+12  0.121E-01  0.117E-06  0.172E-02  0.910E-15      2.
 70  45  0.000E+00  0.000E+00 -0.999E+03  0.154E-43  0.330E+12  0.114E-01  0.120E-06  0.172E-02  0.815E-15      1.
 70  46  0.000E+00  0.000E+00 -0.999E+03  0.154E-43  0.432E+12  0.179E-01  0.112E-06  0.173E-02  0.646E-15      1.
 70  47  0.000E+00  0.000E+00 -0.999E+03  0.154E-43  0.558E+12  0.201E-01  0.963E-07  0.173E-02  0.457E-15      1.
 70  48  0.000E+00  0.000E+00 -0.999E+03  0.154E-43  0.716E+12  0.205E-01  0.805E-07  0.174E-02  0.310E-15      1.
 70  49  0.000E+00  0.000E+00 -0.999E+03  0.154E-43  0.925E+12  0.203E-01  0.696E-07  0.174E-02  0.221E-15      1.
 70  50  0.000E+00  0.000E+00 -0.999E+03  0.154E-43  0.121E+13  0.200E-01  0.651E-07  0.175E-02  0.176E-15      1.
 70  51  0.000E+00  0.000E+00 -0.999E+03  0.154E-43  0.160E+13  0.197E-01  0.639E-07  0.175E-02  0.149E-15      1.
 70  52  0.000E+00  0.000E+00 -0.999E+03  0.154E-43  0.210E+13  0.194E-01  0.596E-07  0.175E-02  0.118E-15      1.
 70  53  0.000E+00  0.000E+00 -0.999E+03  0.154E-43  0.267E+13  0.192E-01  0.474E-07  0.175E-02  0.747E-16      1.
 70  54  0.000E+00  0.000E+00 -0.999E+03  0.154E-43  0.330E+13  0.191E-01  0.323E-07  0.175E-02  0.381E-16      1.
 70  55  0.000E+00  0.000E+00 -0.999E+03  0.154E-43  0.408E+13  0.189E-01  0.222E-07  0.176E-02  0.197E-16      1.
 70  56  0.000E+00  0.000E+00 -0.999E+03  0.154E-43  0.517E+13  0.189E-01  0.175E-07  0.176E-02  0.123E-16      1.
 70  57  0.000E+00  0.000E+00 -0.999E+03  0.154E-43  0.688E+13  0.189E-01  0.179E-07  0.176E-02  0.111E-16      1.
 70  58  0.000E+00  0.000E+00 -0.999E+03  0.154E-43  0.929E+13  0.189E-01  0.196E-07  0.176E-02  0.110E-16      1.
 70  59  0.000E+00  0.000E+00 -0.999E+03  0.154E-43  0.135E+14  0.189E-01  0.314E-07  0.176E-02  0.185E-16      1.
 71   1  0.000E+00  0.000E+00 -0.999E+03  0.154E-43  0.178E+10  0.104E+00  0.155E+04  0.621E-01  0.430E+02      1.
 71   2  0.000E+00  0.000E+00 -0.999E+03  0.154E-43  0.220E+10  0.104E+00  0.177E+04  0.621E-01  0.452E+02      1.
 71   3  0.000E+00  0.000E+00 -0.999E+03  0.154E-43  0.333E+10  0.104E+00  0.279E+04  0.621E-01  0.743E+02      1.
 71   4  0.000E+00  0.000E+00 -0.999E+03  0.154E-43  0.466E+10  0.104E+00  0.387E+04  0.621E-01  0.102E+03      1.
 71   5  0.000E+00  0.000E+00 -0.999E+03  0.154E-43  0.614E+10  0.104E+00  0.489E+04  0.621E-01  0.123E+03      1.
 71   6  0.000E+00  0.000E+00 -0.999E+03  0.154E-43  0.786E+10  0.104E+00  0.586E+04  0.621E-01  0.139E+03      1.
 71   7  0.000E+00  0.000E+00 -0.999E+03  0.154E-43  0.985E+10  0.104E+00  0.677E+04  0.621E-01  0.148E+03      1.
 71   8  0.000E+00  0.000E+00 -0.999E+03  0.154E-43  0.121E+11  0.104E+00  0.754E+04  0.621E-01  0.150E+03      1.
 71   9  0.000E+00  0.000E+00 -0.999E+03  0.154E-43  0.149E+11  0.104E+00  0.835E+04  0.621E-01  0.150E+03      1.
 71  10  0.000E+00  0.000E+00 -0.999E+03  0.154E-43  0.188E+11  0.104E+00  0.964E+04  0.620E-01  0.160E+03      1.
 71  11  0.000E+00  0.000E+00 -0.999E+03  0.154E-43  0.244E+11  0.104E+00  0.116E+05  0.620E-01  0.181E+03      1.
 71  12  0.000E+00  0.000E+00 -0.999E+03  0.154E-43  0.308E+11  0.104E+00  0.132E+05  0.620E-01  0.189E+03      1.
 71  13  0.000E+00  0.000E+00 -0.999E+03  0.154E-43  0.363E+11  0.104E+00  0.132E+05  0.620E-01  0.165E+03      1.
 71  14  0.000E+00  0.000E+00 -0.999E+03  0.154E-43  0.407E+11  0.104E+00  0.117E+05  0.619E-01  0.121E+03      1.
 71  15  0.000E+00  0.000E+00 -0.999E+03  0.154E-43  0.449E+11  0.104E+00  0.985E+04  0.619E-01  0.831E+02      1.
 71  16  0.000E+00  0.000E+00 -0.999E+03  0.154E-43  0.479E+11  0.104E+00  0.746E+04  0.618E-01  0.492E+02      1.
 71  17  0.000E+00  0.000E+00 -0.999E+03  0.154E-43  0.471E+11  0.104E+00  0.448E+04  0.619E-01  0.211E+02      1.
 71  18  0.000E+00  0.000E+00 -0.999E+03  0.154E-43  0.442E+11  0.104E+00  0.223E+04  0.620E-01  0.696E+01      1.
 71  19  0.000E+00  0.000E+00 -0.999E+03  0.154E-43  0.417E+11  0.104E+00  0.104E+04  0.623E-01  0.208E+01      1.
 71  20  0.000E+00  0.000E+00 -0.999E+03  0.154E-43  0.398E+11  0.104E+00  0.455E+03  0.572E-01  0.574E+00      1.
 71  21  0.000E+00  0.000E+00 -0.999E+03  0.154E-43  0.381E+11  0.104E+00  0.184E+03  0.374E-01  0.142E+00      1.
 71  22  0.000E+00  0.000E+00 -0.999E+03  0.154E-43  0.369E+11  0.104E+00  0.706E+02  0.188E-01  0.325E-01      1.
 71  23  0.000E+00  0.000E+00 -0.999E+03  0.154E-43  0.347E+11  0.103E+00  0.219E+02  0.859E-02  0.556E-02      1.
 71  24  0.000E+00  0.000E+00 -0.999E+03  0.154E-43  0.310E+11  0.102E+00  0.501E+01  0.408E-02  0.617E-03      1.
 71  25  0.000E+00  0.000E+00 -0.999E+03  0.154E-43  0.270E+11  0.101E+00  0.896E+00  0.226E-02  0.489E-04      1.
 71  26  0.000E+00  0.000E+00 -0.999E+03  0.154E-43  0.225E+11  0.100E+00  0.116E+00  0.156E-02  0.246E-05      1.
 71  27  0.000E+00  0.000E+00 -0.999E+03  0.154E-43  0.184E+11  0.124E-01  0.118E-01  0.129E-02  0.888E-07     64.
 71  28  0.000E+00  0.000E+00 -0.999E+03  0.154E-43  0.157E+11  0.147E-02  0.133E-02  0.121E-02  0.369E-08     64.
 71  29  0.000E+00  0.000E+00 -0.999E+03  0.154E-43  0.142E+11  0.205E-03  0.191E-03  0.123E-02  0.215E-09     32.
 71  30  0.000E+00  0.000E+00 -0.999E+03  0.154E-43  0.133E+11  0.334E-04  0.301E-04  0.128E-02  0.142E-10     32.
 71  31  0.000E+00  0.000E+00 -0.999E+03  0.154E-43  0.129E+11  0.640E-05  0.573E-05  0.134E-02  0.122E-11     16.
 71  32  0.000E+00  0.000E+00 -0.999E+03  0.154E-43  0.138E+11  0.206E-05  0.186E-05  0.140E-02  0.221E-12      8.
 71  33  0.000E+00  0.000E+00 -0.999E+03  0.154E-43  0.165E+11  0.208E-05  0.104E-05  0.145E-02  0.866E-13      8.
 71  34  0.000E+00  0.000E+00 -0.999E+03  0.154E-43  0.201E+11  0.448E-05  0.670E-06  0.150E-02  0.407E-13      4.
 71  35  0.000E+00  0.000E+00 -0.999E+03  0.154E-43  0.235E+11  0.259E-04  0.336E-06  0.154E-02  0.136E-13      4.
 71  36  0.000E+00  0.000E+00 -0.999E+03  0.154E-43  0.265E+11  0.132E-03  0.139E-06  0.158E-02  0.345E-14      4.
 71  37  0.000E+00  0.000E+00 -0.999E+03  0.154E-43  0.306E+11  0.855E-04  0.659E-07  0.161E-02  0.106E-14      2.
 71  38  0.000E+00  0.000E+00 -0.999E+03  0.154E-43  0.378E+11  0.377E-03  0.444E-07  0.163E-02  0.534E-15      2.
 71  39  0.000E+00  0.000E+00 -0.999E+03  0.154E-43  0.498E+11  0.869E-03  0.425E-07  0.165E-02  0.438E-15      2.
 71  40  0.000E+00  0.000E+00 -0.999E+03  0.154E-43  0.687E+11  0.657E-03  0.524E-07  0.167E-02  0.511E-15      1.
 71  41  0.000E+00  0.000E+00 -0.999E+03  0.154E-43  0.967E+11  0.864E-03  0.719E-07  0.169E-02  0.693E-15      1.
 71  42  0.000E+00  0.000E+00 -0.999E+03  0.154E-43  0.135E+12  0.515E-02  0.939E-07  0.170E-02  0.876E-15      2.
 71  43  0.000E+00  0.000E+00 -0.999E+03  0.154E-43  0.184E+12  0.773E-02  0.109E-06  0.171E-02  0.940E-15      2.
 71  44  0.000E+00  0.000E+00 -0.999E+03  0.154E-43  0.248E+12  0.121E-01  0.117E-06  0.172E-02  0.910E-15      2.
 71  45  0.000E+00  0.000E+00 -0.999E+03  0.154E-43  0.330E+12  0.114E-01  0.120E-06  0.172E-02  0.815E-15      1.
 71  46  0.000E+00  0.000E+00 -0.999E+03  0.154E-43  0.432E+12  0.179E-01  0.112E-06  0.173E-02  0.646E-15      1.
 71  47  0.000E+00  0.000E+00 -0.999E+03  0.154E-43  0.558E+12  0.201E-01  0.963E-07  0.173E-02  0.457E-15      1.
 71  48  0.000E+00  0.000E+00 -0.999E+03  0.154E-43  0.716E+12  0.205E-01  0.805E-07  0.174E-02  0.310E-15      1.
 71  49  0.000E+00  0.000E+00 -0.999E+03  0.154E-43  0.925E+12  0.203E-01  0.696E-07  0.174E-02  0.221E-15      1.
 71  50  0.000E+00  0.000E+00 -0.999E+03  0.154E-43  0.121E+13  0.200E-01  0.651E-07  0.175E-02  0.176E-15      1.
 71  51  0.000E+00  0.000E+00 -0.999E+03  0.154E-43  0.160E+13  0.197E-01  0.639E-07  0.175E-02  0.149E-15      1.
 71  52  0.000E+00  0.000E+00 -0.999E+03  0.154E-43  0.210E+13  0.194E-01  0.596E-07  0.175E-02  0.118E-15      1.
 71  53  0.000E+00  0.000E+00 -0.999E+03  0.154E-43  0.267E+13  0.192E-01  0.474E-07  0.175E-02  0.747E-16      1.
 71  54  0.000E+00  0.000E+00 -0.999E+03  0.154E-43  0.330E+13  0.191E-01  0.323E-07  0.175E-02  0.381E-16      1.
 71  55  0.000E+00  0.000E+00 -0.999E+03  0.154E-43  0.408E+13  0.189E-01  0.222E-07  0.176E-02  0.197E-16      1.
 71  56  0.000E+00  0.000E+00 -0.999E+03  0.154E-43  0.517E+13  0.189E-01  0.175E-07  0.176E-02  0.123E-16      1.
 71  57  0.000E+00  0.000E+00 -0.999E+03  0.154E-43  0.688E+13  0.189E-01  0.179E-07  0.176E-02  0.111E-16      1.
 71  58  0.000E+00  0.000E+00 -0.999E+03  0.154E-43  0.929E+13  0.189E-01  0.196E-07  0.176E-02  0.110E-16      1.
 71  59  0.000E+00  0.000E+00 -0.999E+03  0.154E-43  0.135E+14  0.189E-01  0.314E-07  0.176E-02  0.185E-16      1.
 72   1  0.000E+00  0.000E+00 -0.999E+03  0.154E-43  0.178E+10  0.104E+00  0.155E+04  0.621E-01  0.430E+02      1.
 72   2  0.000E+00  0.000E+00 -0.999E+03  0.154E-43  0.220E+10  0.104E+00  0.177E+04  0.621E-01  0.452E+02      1.
 72   3  0.000E+00  0.000E+00 -0.999E+03  0.154E-43  0.333E+10  0.104E+00  0.279E+04  0.621E-01  0.743E+02      1.
 72   4  0.000E+00  0.000E+00 -0.999E+03  0.154E-43  0.466E+10  0.104E+00  0.387E+04  0.621E-01  0.102E+03      1.
 72   5  0.000E+00  0.000E+00 -0.999E+03  0.154E-43  0.614E+10  0.104E+00  0.489E+04  0.621E-01  0.123E+03      1.
 72   6  0.000E+00  0.000E+00 -0.999E+03  0.154E-43  0.786E+10  0.104E+00  0.586E+04  0.621E-01  0.139E+03      1.
 72   7  0.000E+00  0.000E+00 -0.999E+03  0.154E-43  0.985E+10  0.104E+00  0.677E+04  0.621E-01  0.148E+03      1.
 72   8  0.000E+00  0.000E+00 -0.999E+03  0.154E-43  0.121E+11  0.104E+00  0.754E+04  0.621E-01  0.150E+03      1.
 72   9  0.000E+00  0.000E+00 -0.999E+03  0.154E-43  0.149E+11  0.104E+00  0.835E+04  0.621E-01  0.150E+03      1.
 72  10  0.000E+00  0.000E+00 -0.999E+03  0.154E-43  0.188E+11  0.104E+00  0.964E+04  0.620E-01  0.160E+03      1.
 72  11  0.000E+00  0.000E+00 -0.999E+03  0.154E-43  0.244E+11  0.104E+00  0.116E+05  0.620E-01  0.181E+03      1.
 72  12  0.000E+00  0.000E+00 -0.999E+03  0.154E-43  0.308E+11  0.104E+00  0.132E+05  0.620E-01  0.189E+03      1.
 72  13  0.000E+00  0.000E+00 -0.999E+03  0.154E-43  0.363E+11  0.104E+00  0.132E+05  0.620E-01  0.165E+03      1.
 72  14  0.000E+00  0.000E+00 -0.999E+03  0.154E-43  0.407E+11  0.104E+00  0.117E+05  0.619E-01  0.121E+03      1.
 72  15  0.000E+00  0.000E+00 -0.999E+03  0.154E-43  0.449E+11  0.104E+00  0.985E+04  0.619E-01  0.831E+02      1.
 72  16  0.000E+00  0.000E+00 -0.999E+03  0.154E-43  0.479E+11  0.104E+00  0.746E+04  0.618E-01  0.492E+02      1.
 72  17  0.000E+00  0.000E+00 -0.999E+03  0.154E-43  0.471E+11  0.104E+00  0.448E+04  0.619E-01  0.211E+02      1.
 72  18  0.000E+00  0.000E+00 -0.999E+03  0.154E-43  0.442E+11  0.104E+00  0.223E+04  0.620E-01  0.696E+01      1.
 72  19  0.000E+00  0.000E+00 -0.999E+03  0.154E-43  0.417E+11  0.104E+00  0.104E+04  0.623E-01  0.208E+01      1.
 72  20  0.000E+00  0.000E+00 -0.999E+03  0.154E-43  0.398E+11  0.104E+00  0.455E+03  0.572E-01  0.574E+00      1.
 72  21  0.000E+00  0.000E+00 -0.999E+03  0.154E-43  0.381E+11  0.104E+00  0.184E+03  0.374E-01  0.142E+00      1.
 72  22  0.000E+00  0.000E+00 -0.999E+03  0.154E-43  0.369E+11  0.104E+00  0.706E+02  0.188E-01  0.325E-01      1.
 72  23  0.000E+00  0.000E+00 -0.999E+03  0.154E-43  0.347E+11  0.103E+00  0.219E+02  0.859E-02  0.556E-02      1.
 72  24  0.000E+00  0.000E+00 -0.999E+03  0.154E-43  0.310E+11  0.102E+00  0.501E+01  0.408E-02  0.617E-03      1.
 72  25  0.000E+00  0.000E+00 -0.999E+03  0.154E-43  0.270E+11  0.101E+00  0.896E+00  0.226E-02  0.489E-04      1.
 72  26  0.000E+00  0.000E+00 -0.999E+03  0.154E-43  0.225E+11  0.100E+00  0.116E+00  0.156E-02  0.246E-05      1.
 72  27  0.000E+00  0.000E+00 -0.999E+03  0.154E-43  0.184E+11  0.124E-01  0.118E-01  0.129E-02  0.888E-07     64.
 72  28  0.000E+00  0.000E+00 -0.999E+03  0.154E-43  0.157E+11  0.147E-02  0.133E-02  0.121E-02  0.369E-08     64.
 72  29  0.000E+00  0.000E+00 -0.999E+03  0.154E-43  0.142E+11  0.205E-03  0.191E-03  0.123E-02  0.215E-09     32.
 72  30  0.000E+00  0.000E+00 -0.999E+03  0.154E-43  0.133E+11  0.334E-04  0.301E-04  0.128E-02  0.142E-10     32.
 72  31  0.000E+00  0.000E+00 -0.999E+03  0.154E-43  0.129E+11  0.640E-05  0.573E-05  0.134E-02  0.122E-11     16.
 72  32  0.000E+00  0.000E+00 -0.999E+03  0.154E-43  0.138E+11  0.206E-05  0.186E-05  0.140E-02  0.221E-12      8.
 72  33  0.000E+00  0.000E+00 -0.999E+03  0.154E-43  0.165E+11  0.208E-05  0.104E-05  0.145E-02  0.866E-13      8.
 72  34  0.000E+00  0.000E+00 -0.999E+03  0.154E-43  0.201E+11  0.448E-05  0.670E-06  0.150E-02  0.407E-13      4.
 72  35  0.000E+00  0.000E+00 -0.999E+03  0.154E-43  0.235E+11  0.259E-04  0.336E-06  0.154E-02  0.136E-13      4.
 72  36  0.000E+00  0.000E+00 -0.999E+03  0.154E-43  0.265E+11  0.132E-03  0.139E-06  0.158E-02  0.345E-14      4.
 72  37  0.000E+00  0.000E+00 -0.999E+03  0.154E-43  0.306E+11  0.855E-04  0.659E-07  0.161E-02  0.106E-14      2.
 72  38  0.000E+00  0.000E+00 -0.999E+03  0.154E-43  0.378E+11  0.377E-03  0.444E-07  0.163E-02  0.534E-15      2.
 72  39  0.000E+00  0.000E+00 -0.999E+03  0.154E-43  0.498E+11  0.869E-03  0.425E-07  0.165E-02  0.438E-15      2.
 72  40  0.000E+00  0.000E+00 -0.999E+03  0.154E-43  0.687E+11  0.657E-03  0.524E-07  0.167E-02  0.511E-15      1.
 72  41  0.000E+00  0.000E+00 -0.999E+03  0.154E-43  0.967E+11  0.864E-03  0.719E-07  0.169E-02  0.693E-15      1.
 72  42  0.000E+00  0.000E+00 -0.999E+03  0.154E-43  0.135E+12  0.515E-02  0.939E-07  0.170E-02  0.876E-15      2.
 72  43  0.000E+00  0.000E+00 -0.999E+03  0.154E-43  0.184E+12  0.773E-02  0.109E-06  0.171E-02  0.940E-15      2.
 72  44  0.000E+00  0.000E+00 -0.999E+03  0.154E-43  0.248E+12  0.121E-01  0.117E-06  0.172E-02  0.910E-15      2.
 72  45  0.000E+00  0.000E+00 -0.999E+03  0.154E-43  0.330E+12  0.114E-01  0.120E-06  0.172E-02  0.815E-15      1.
 72  46  0.000E+00  0.000E+00 -0.999E+03  0.154E-43  0.432E+12  0.179E-01  0.112E-06  0.173E-02  0.646E-15      1.
 72  47  0.000E+00  0.000E+00 -0.999E+03  0.154E-43  0.558E+12  0.201E-01  0.963E-07  0.173E-02  0.457E-15      1.
 72  48  0.000E+00  0.000E+00 -0.999E+03  0.154E-43  0.716E+12  0.205E-01  0.805E-07  0.174E-02  0.310E-15      1.
 72  49  0.000E+00  0.000E+00 -0.999E+03  0.154E-43  0.925E+12  0.203E-01  0.696E-07  0.174E-02  0.221E-15      1.
 72  50  0.000E+00  0.000E+00 -0.999E+03  0.154E-43  0.121E+13  0.200E-01  0.651E-07  0.175E-02  0.176E-15      1.
 72  51  0.000E+00  0.000E+00 -0.999E+03  0.154E-43  0.160E+13  0.197E-01  0.639E-07  0.175E-02  0.149E-15      1.
 72  52  0.000E+00  0.000E+00 -0.999E+03  0.154E-43  0.210E+13  0.194E-01  0.596E-07  0.175E-02  0.118E-15      1.
 72  53  0.000E+00  0.000E+00 -0.999E+03  0.154E-43  0.267E+13  0.192E-01  0.474E-07  0.175E-02  0.747E-16      1.
 72  54  0.000E+00  0.000E+00 -0.999E+03  0.154E-43  0.330E+13  0.191E-01  0.323E-07  0.175E-02  0.381E-16      1.
 72  55  0.000E+00  0.000E+00 -0.999E+03  0.154E-43  0.408E+13  0.189E-01  0.222E-07  0.176E-02  0.197E-16      1.
 72  56  0.000E+00  0.000E+00 -0.999E+03  0.154E-43  0.517E+13  0.189E-01  0.175E-07  0.176E-02  0.123E-16      1.
 72  57  0.000E+00  0.000E+00 -0.999E+03  0.154E-43  0.688E+13  0.189E-01  0.179E-07  0.176E-02  0.111E-16      1.
 72  58  0.000E+00  0.000E+00 -0.999E+03  0.154E-43  0.929E+13  0.189E-01  0.196E-07  0.176E-02  0.110E-16      1.
 72  59  0.000E+00  0.000E+00 -0.999E+03  0.154E-43  0.135E+14  0.189E-01  0.314E-07  0.176E-02  0.185E-16      1.
 73   1  0.000E+00  0.000E+00 -0.999E+03  0.154E-43  0.178E+10  0.104E+00  0.155E+04  0.621E-01  0.430E+02      1.
 73   2  0.000E+00  0.000E+00 -0.999E+03  0.154E-43  0.220E+10  0.104E+00  0.177E+04  0.621E-01  0.452E+02      1.
 73   3  0.000E+00  0.000E+00 -0.999E+03  0.154E-43  0.333E+10  0.104E+00  0.279E+04  0.621E-01  0.743E+02      1.
 73   4  0.000E+00  0.000E+00 -0.999E+03  0.154E-43  0.466E+10  0.104E+00  0.387E+04  0.621E-01  0.102E+03      1.
 73   5  0.000E+00  0.000E+00 -0.999E+03  0.154E-43  0.614E+10  0.104E+00  0.489E+04  0.621E-01  0.123E+03      1.
 73   6  0.000E+00  0.000E+00 -0.999E+03  0.154E-43  0.786E+10  0.104E+00  0.586E+04  0.621E-01  0.139E+03      1.
 73   7  0.000E+00  0.000E+00 -0.999E+03  0.154E-43  0.985E+10  0.104E+00  0.677E+04  0.621E-01  0.148E+03      1.
 73   8  0.000E+00  0.000E+00 -0.999E+03  0.154E-43  0.121E+11  0.104E+00  0.754E+04  0.621E-01  0.150E+03      1.
 73   9  0.000E+00  0.000E+00 -0.999E+03  0.154E-43  0.149E+11  0.104E+00  0.835E+04  0.621E-01  0.150E+03      1.
 73  10  0.000E+00  0.000E+00 -0.999E+03  0.154E-43  0.188E+11  0.104E+00  0.964E+04  0.620E-01  0.160E+03      1.
 73  11  0.000E+00  0.000E+00 -0.999E+03  0.154E-43  0.244E+11  0.104E+00  0.116E+05  0.620E-01  0.181E+03      1.
 73  12  0.000E+00  0.000E+00 -0.999E+03  0.154E-43  0.308E+11  0.104E+00  0.132E+05  0.620E-01  0.189E+03      1.
 73  13  0.000E+00  0.000E+00 -0.999E+03  0.154E-43  0.363E+11  0.104E+00  0.132E+05  0.620E-01  0.165E+03      1.
 73  14  0.000E+00  0.000E+00 -0.999E+03  0.154E-43  0.407E+11  0.104E+00  0.117E+05  0.619E-01  0.121E+03      1.
 73  15  0.000E+00  0.000E+00 -0.999E+03  0.154E-43  0.449E+11  0.104E+00  0.985E+04  0.619E-01  0.831E+02      1.
 73  16  0.000E+00  0.000E+00 -0.999E+03  0.154E-43  0.479E+11  0.104E+00  0.746E+04  0.618E-01  0.492E+02      1.
 73  17  0.000E+00  0.000E+00 -0.999E+03  0.154E-43  0.471E+11  0.104E+00  0.448E+04  0.619E-01  0.211E+02      1.
 73  18  0.000E+00  0.000E+00 -0.999E+03  0.154E-43  0.442E+11  0.104E+00  0.223E+04  0.620E-01  0.696E+01      1.
 73  19  0.000E+00  0.000E+00 -0.999E+03  0.154E-43  0.417E+11  0.104E+00  0.104E+04  0.623E-01  0.208E+01      1.
 73  20  0.000E+00  0.000E+00 -0.999E+03  0.154E-43  0.398E+11  0.104E+00  0.455E+03  0.572E-01  0.574E+00      1.
 73  21  0.000E+00  0.000E+00 -0.999E+03  0.154E-43  0.381E+11  0.104E+00  0.184E+03  0.374E-01  0.142E+00      1.
 73  22  0.000E+00  0.000E+00 -0.999E+03  0.154E-43  0.369E+11  0.104E+00  0.706E+02  0.188E-01  0.325E-01      1.
 73  23  0.000E+00  0.000E+00 -0.999E+03  0.154E-43  0.347E+11  0.103E+00  0.219E+02  0.859E-02  0.556E-02      1.
 73  24  0.000E+00  0.000E+00 -0.999E+03  0.154E-43  0.310E+11  0.102E+00  0.501E+01  0.408E-02  0.617E-03      1.
 73  25  0.000E+00  0.000E+00 -0.999E+03  0.154E-43  0.270E+11  0.101E+00  0.896E+00  0.226E-02  0.489E-04      1.
 73  26  0.000E+00  0.000E+00 -0.999E+03  0.154E-43  0.225E+11  0.100E+00  0.116E+00  0.156E-02  0.246E-05      1.
 73  27  0.000E+00  0.000E+00 -0.999E+03  0.154E-43  0.184E+11  0.124E-01  0.118E-01  0.129E-02  0.888E-07     64.
 73  28  0.000E+00  0.000E+00 -0.999E+03  0.154E-43  0.157E+11  0.147E-02  0.133E-02  0.121E-02  0.369E-08     64.
 73  29  0.000E+00  0.000E+00 -0.999E+03  0.154E-43  0.142E+11  0.205E-03  0.191E-03  0.123E-02  0.215E-09     32.
 73  30  0.000E+00  0.000E+00 -0.999E+03  0.154E-43  0.133E+11  0.334E-04  0.301E-04  0.128E-02  0.142E-10     32.
 73  31  0.000E+00  0.000E+00 -0.999E+03  0.154E-43  0.129E+11  0.640E-05  0.573E-05  0.134E-02  0.122E-11     16.
 73  32  0.000E+00  0.000E+00 -0.999E+03  0.154E-43  0.138E+11  0.206E-05  0.186E-05  0.140E-02  0.221E-12      8.
 73  33  0.000E+00  0.000E+00 -0.999E+03  0.154E-43  0.165E+11  0.208E-05  0.104E-05  0.145E-02  0.866E-13      8.
 73  34  0.000E+00  0.000E+00 -0.999E+03  0.154E-43  0.201E+11  0.448E-05  0.670E-06  0.150E-02  0.407E-13      4.
 73  35  0.000E+00  0.000E+00 -0.999E+03  0.154E-43  0.235E+11  0.259E-04  0.336E-06  0.154E-02  0.136E-13      4.
 73  36  0.000E+00  0.000E+00 -0.999E+03  0.154E-43  0.265E+11  0.132E-03  0.139E-06  0.158E-02  0.345E-14      4.
 73  37  0.000E+00  0.000E+00 -0.999E+03  0.154E-43  0.306E+11  0.855E-04  0.659E-07  0.161E-02  0.106E-14      2.
 73  38  0.000E+00  0.000E+00 -0.999E+03  0.154E-43  0.378E+11  0.377E-03  0.444E-07  0.163E-02  0.534E-15      2.
 73  39  0.000E+00  0.000E+00 -0.999E+03  0.154E-43  0.498E+11  0.869E-03  0.425E-07  0.165E-02  0.438E-15      2.
 73  40  0.000E+00  0.000E+00 -0.999E+03  0.154E-43  0.687E+11  0.657E-03  0.524E-07  0.167E-02  0.511E-15      1.
 73  41  0.000E+00  0.000E+00 -0.999E+03  0.154E-43  0.967E+11  0.864E-03  0.719E-07  0.169E-02  0.693E-15      1.
 73  42  0.000E+00  0.000E+00 -0.999E+03  0.154E-43  0.135E+12  0.515E-02  0.939E-07  0.170E-02  0.876E-15      2.
 73  43  0.000E+00  0.000E+00 -0.999E+03  0.154E-43  0.184E+12  0.773E-02  0.109E-06  0.171E-02  0.940E-15      2.
 73  44  0.000E+00  0.000E+00 -0.999E+03  0.154E-43  0.248E+12  0.121E-01  0.117E-06  0.172E-02  0.910E-15      2.
 73  45  0.000E+00  0.000E+00 -0.999E+03  0.154E-43  0.330E+12  0.114E-01  0.120E-06  0.172E-02  0.815E-15      1.
 73  46  0.000E+00  0.000E+00 -0.999E+03  0.154E-43  0.432E+12  0.179E-01  0.112E-06  0.173E-02  0.646E-15      1.
 73  47  0.000E+00  0.000E+00 -0.999E+03  0.154E-43  0.558E+12  0.201E-01  0.963E-07  0.173E-02  0.457E-15      1.
 73  48  0.000E+00  0.000E+00 -0.999E+03  0.154E-43  0.716E+12  0.205E-01  0.805E-07  0.174E-02  0.310E-15      1.
 73  49  0.000E+00  0.000E+00 -0.999E+03  0.154E-43  0.925E+12  0.203E-01  0.696E-07  0.174E-02  0.221E-15      1.
 73  50  0.000E+00  0.000E+00 -0.999E+03  0.154E-43  0.121E+13  0.200E-01  0.651E-07  0.175E-02  0.176E-15      1.
 73  51  0.000E+00  0.000E+00 -0.999E+03  0.154E-43  0.160E+13  0.197E-01  0.639E-07  0.175E-02  0.149E-15      1.
 73  52  0.000E+00  0.000E+00 -0.999E+03  0.154E-43  0.210E+13  0.194E-01  0.596E-07  0.175E-02  0.118E-15      1.
 73  53  0.000E+00  0.000E+00 -0.999E+03  0.154E-43  0.267E+13  0.192E-01  0.474E-07  0.175E-02  0.747E-16      1.
 73  54  0.000E+00  0.000E+00 -0.999E+03  0.154E-43  0.330E+13  0.191E-01  0.323E-07  0.175E-02  0.381E-16      1.
 73  55  0.000E+00  0.000E+00 -0.999E+03  0.154E-43  0.408E+13  0.189E-01  0.222E-07  0.176E-02  0.197E-16      1.
 73  56  0.000E+00  0.000E+00 -0.999E+03  0.154E-43  0.517E+13  0.189E-01  0.175E-07  0.176E-02  0.123E-16      1.
 73  57  0.000E+00  0.000E+00 -0.999E+03  0.154E-43  0.688E+13  0.189E-01  0.179E-07  0.176E-02  0.111E-16      1.
 73  58  0.000E+00  0.000E+00 -0.999E+03  0.154E-43  0.929E+13  0.189E-01  0.196E-07  0.176E-02  0.110E-16      1.
 73  59  0.000E+00  0.000E+00 -0.999E+03  0.154E-43  0.135E+14  0.189E-01  0.314E-07  0.176E-02  0.185E-16      1.
 74   1  0.000E+00  0.000E+00 -0.999E+03  0.154E-43  0.178E+10  0.104E+00  0.155E+04  0.621E-01  0.430E+02      1.
 74   2  0.000E+00  0.000E+00 -0.999E+03  0.154E-43  0.220E+10  0.104E+00  0.177E+04  0.621E-01  0.452E+02      1.
 74   3  0.000E+00  0.000E+00 -0.999E+03  0.154E-43  0.333E+10  0.104E+00  0.279E+04  0.621E-01  0.743E+02      1.
 74   4  0.000E+00  0.000E+00 -0.999E+03  0.154E-43  0.466E+10  0.104E+00  0.387E+04  0.621E-01  0.102E+03      1.
 74   5  0.000E+00  0.000E+00 -0.999E+03  0.154E-43  0.614E+10  0.104E+00  0.489E+04  0.621E-01  0.123E+03      1.
 74   6  0.000E+00  0.000E+00 -0.999E+03  0.154E-43  0.786E+10  0.104E+00  0.586E+04  0.621E-01  0.139E+03      1.
 74   7  0.000E+00  0.000E+00 -0.999E+03  0.154E-43  0.985E+10  0.104E+00  0.677E+04  0.621E-01  0.148E+03      1.
 74   8  0.000E+00  0.000E+00 -0.999E+03  0.154E-43  0.121E+11  0.104E+00  0.754E+04  0.621E-01  0.150E+03      1.
 74   9  0.000E+00  0.000E+00 -0.999E+03  0.154E-43  0.149E+11  0.104E+00  0.835E+04  0.621E-01  0.150E+03      1.
 74  10  0.000E+00  0.000E+00 -0.999E+03  0.154E-43  0.188E+11  0.104E+00  0.964E+04  0.620E-01  0.160E+03      1.
 74  11  0.000E+00  0.000E+00 -0.999E+03  0.154E-43  0.244E+11  0.104E+00  0.116E+05  0.620E-01  0.181E+03      1.
 74  12  0.000E+00  0.000E+00 -0.999E+03  0.154E-43  0.308E+11  0.104E+00  0.132E+05  0.620E-01  0.189E+03      1.
 74  13  0.000E+00  0.000E+00 -0.999E+03  0.154E-43  0.363E+11  0.104E+00  0.132E+05  0.620E-01  0.165E+03      1.
 74  14  0.000E+00  0.000E+00 -0.999E+03  0.154E-43  0.407E+11  0.104E+00  0.117E+05  0.619E-01  0.121E+03      1.
 74  15  0.000E+00  0.000E+00 -0.999E+03  0.154E-43  0.449E+11  0.104E+00  0.985E+04  0.619E-01  0.831E+02      1.
 74  16  0.000E+00  0.000E+00 -0.999E+03  0.154E-43  0.479E+11  0.104E+00  0.746E+04  0.618E-01  0.492E+02      1.
 74  17  0.000E+00  0.000E+00 -0.999E+03  0.154E-43  0.471E+11  0.104E+00  0.448E+04  0.619E-01  0.211E+02      1.
 74  18  0.000E+00  0.000E+00 -0.999E+03  0.154E-43  0.442E+11  0.104E+00  0.223E+04  0.620E-01  0.696E+01      1.
 74  19  0.000E+00  0.000E+00 -0.999E+03  0.154E-43  0.417E+11  0.104E+00  0.104E+04  0.623E-01  0.208E+01      1.
 74  20  0.000E+00  0.000E+00 -0.999E+03  0.154E-43  0.398E+11  0.104E+00  0.455E+03  0.572E-01  0.574E+00      1.
 74  21  0.000E+00  0.000E+00 -0.999E+03  0.154E-43  0.381E+11  0.104E+00  0.184E+03  0.374E-01  0.142E+00      1.
 74  22  0.000E+00  0.000E+00 -0.999E+03  0.154E-43  0.369E+11  0.104E+00  0.706E+02  0.188E-01  0.325E-01      1.
 74  23  0.000E+00  0.000E+00 -0.999E+03  0.154E-43  0.347E+11  0.103E+00  0.219E+02  0.859E-02  0.556E-02      1.
 74  24  0.000E+00  0.000E+00 -0.999E+03  0.154E-43  0.310E+11  0.102E+00  0.501E+01  0.408E-02  0.617E-03      1.
 74  25  0.000E+00  0.000E+00 -0.999E+03  0.154E-43  0.270E+11  0.101E+00  0.896E+00  0.226E-02  0.489E-04      1.
 74  26  0.000E+00  0.000E+00 -0.999E+03  0.154E-43  0.225E+11  0.100E+00  0.116E+00  0.156E-02  0.246E-05      1.
 74  27  0.000E+00  0.000E+00 -0.999E+03  0.154E-43  0.184E+11  0.124E-01  0.118E-01  0.129E-02  0.888E-07     64.
 74  28  0.000E+00  0.000E+00 -0.999E+03  0.154E-43  0.157E+11  0.147E-02  0.133E-02  0.121E-02  0.369E-08     64.
 74  29  0.000E+00  0.000E+00 -0.999E+03  0.154E-43  0.142E+11  0.205E-03  0.191E-03  0.123E-02  0.215E-09     32.
 74  30  0.000E+00  0.000E+00 -0.999E+03  0.154E-43  0.133E+11  0.334E-04  0.301E-04  0.128E-02  0.142E-10     32.
 74  31  0.000E+00  0.000E+00 -0.999E+03  0.154E-43  0.129E+11  0.640E-05  0.573E-05  0.134E-02  0.122E-11     16.
 74  32  0.000E+00  0.000E+00 -0.999E+03  0.154E-43  0.138E+11  0.206E-05  0.186E-05  0.140E-02  0.221E-12      8.
 74  33  0.000E+00  0.000E+00 -0.999E+03  0.154E-43  0.165E+11  0.208E-05  0.104E-05  0.145E-02  0.866E-13      8.
 74  34  0.000E+00  0.000E+00 -0.999E+03  0.154E-43  0.201E+11  0.448E-05  0.670E-06  0.150E-02  0.407E-13      4.
 74  35  0.000E+00  0.000E+00 -0.999E+03  0.154E-43  0.235E+11  0.259E-04  0.336E-06  0.154E-02  0.136E-13      4.
 74  36  0.000E+00  0.000E+00 -0.999E+03  0.154E-43  0.265E+11  0.132E-03  0.139E-06  0.158E-02  0.345E-14      4.
 74  37  0.000E+00  0.000E+00 -0.999E+03  0.154E-43  0.306E+11  0.855E-04  0.659E-07  0.161E-02  0.106E-14      2.
 74  38  0.000E+00  0.000E+00 -0.999E+03  0.154E-43  0.378E+11  0.377E-03  0.444E-07  0.163E-02  0.534E-15      2.
 74  39  0.000E+00  0.000E+00 -0.999E+03  0.154E-43  0.498E+11  0.869E-03  0.425E-07  0.165E-02  0.438E-15      2.
 74  40  0.000E+00  0.000E+00 -0.999E+03  0.154E-43  0.687E+11  0.657E-03  0.524E-07  0.167E-02  0.511E-15      1.
 74  41  0.000E+00  0.000E+00 -0.999E+03  0.154E-43  0.967E+11  0.864E-03  0.719E-07  0.169E-02  0.693E-15      1.
 74  42  0.000E+00  0.000E+00 -0.999E+03  0.154E-43  0.135E+12  0.515E-02  0.939E-07  0.170E-02  0.876E-15      2.
 74  43  0.000E+00  0.000E+00 -0.999E+03  0.154E-43  0.184E+12  0.773E-02  0.109E-06  0.171E-02  0.940E-15      2.
 74  44  0.000E+00  0.000E+00 -0.999E+03  0.154E-43  0.248E+12  0.121E-01  0.117E-06  0.172E-02  0.910E-15      2.
 74  45  0.000E+00  0.000E+00 -0.999E+03  0.154E-43  0.330E+12  0.114E-01  0.120E-06  0.172E-02  0.815E-15      1.
 74  46  0.000E+00  0.000E+00 -0.999E+03  0.154E-43  0.432E+12  0.179E-01  0.112E-06  0.173E-02  0.646E-15      1.
 74  47  0.000E+00  0.000E+00 -0.999E+03  0.154E-43  0.558E+12  0.201E-01  0.963E-07  0.173E-02  0.457E-15      1.
 74  48  0.000E+00  0.000E+00 -0.999E+03  0.154E-43  0.716E+12  0.205E-01  0.805E-07  0.174E-02  0.310E-15      1.
 74  49  0.000E+00  0.000E+00 -0.999E+03  0.154E-43  0.925E+12  0.203E-01  0.696E-07  0.174E-02  0.221E-15      1.
 74  50  0.000E+00  0.000E+00 -0.999E+03  0.154E-43  0.121E+13  0.200E-01  0.651E-07  0.175E-02  0.176E-15      1.
 74  51  0.000E+00  0.000E+00 -0.999E+03  0.154E-43  0.160E+13  0.197E-01  0.639E-07  0.175E-02  0.149E-15      1.
 74  52  0.000E+00  0.000E+00 -0.999E+03  0.154E-43  0.210E+13  0.194E-01  0.596E-07  0.175E-02  0.118E-15      1.
 74  53  0.000E+00  0.000E+00 -0.999E+03  0.154E-43  0.267E+13  0.192E-01  0.474E-07  0.175E-02  0.747E-16      1.
 74  54  0.000E+00  0.000E+00 -0.999E+03  0.154E-43  0.330E+13  0.191E-01  0.323E-07  0.175E-02  0.381E-16      1.
 74  55  0.000E+00  0.000E+00 -0.999E+03  0.154E-43  0.408E+13  0.189E-01  0.222E-07  0.176E-02  0.197E-16      1.
 74  56  0.000E+00  0.000E+00 -0.999E+03  0.154E-43  0.517E+13  0.189E-01  0.175E-07  0.176E-02  0.123E-16      1.
 74  57  0.000E+00  0.000E+00 -0.999E+03  0.154E-43  0.688E+13  0.189E-01  0.179E-07  0.176E-02  0.111E-16      1.
 74  58  0.000E+00  0.000E+00 -0.999E+03  0.154E-43  0.929E+13  0.189E-01  0.196E-07  0.176E-02  0.110E-16      1.
 74  59  0.000E+00  0.000E+00 -0.999E+03  0.154E-43  0.135E+14  0.189E-01  0.314E-07  0.176E-02  0.185E-16      1.
 75   1  0.000E+00  0.000E+00 -0.999E+03  0.154E-43  0.178E+10  0.104E+00  0.155E+04  0.621E-01  0.430E+02      1.
 75   2  0.000E+00  0.000E+00 -0.999E+03  0.154E-43  0.220E+10  0.104E+00  0.177E+04  0.621E-01  0.452E+02      1.
 75   3  0.000E+00  0.000E+00 -0.999E+03  0.154E-43  0.333E+10  0.104E+00  0.279E+04  0.621E-01  0.743E+02      1.
 75   4  0.000E+00  0.000E+00 -0.999E+03  0.154E-43  0.466E+10  0.104E+00  0.387E+04  0.621E-01  0.102E+03      1.
 75   5  0.000E+00  0.000E+00 -0.999E+03  0.154E-43  0.614E+10  0.104E+00  0.489E+04  0.621E-01  0.123E+03      1.
 75   6  0.000E+00  0.000E+00 -0.999E+03  0.154E-43  0.786E+10  0.104E+00  0.586E+04  0.621E-01  0.139E+03      1.
 75   7  0.000E+00  0.000E+00 -0.999E+03  0.154E-43  0.985E+10  0.104E+00  0.677E+04  0.621E-01  0.148E+03      1.
 75   8  0.000E+00  0.000E+00 -0.999E+03  0.154E-43  0.121E+11  0.104E+00  0.754E+04  0.621E-01  0.150E+03      1.
 75   9  0.000E+00  0.000E+00 -0.999E+03  0.154E-43  0.149E+11  0.104E+00  0.835E+04  0.621E-01  0.150E+03      1.
 75  10  0.000E+00  0.000E+00 -0.999E+03  0.154E-43  0.188E+11  0.104E+00  0.964E+04  0.620E-01  0.160E+03      1.
 75  11  0.000E+00  0.000E+00 -0.999E+03  0.154E-43  0.244E+11  0.104E+00  0.116E+05  0.620E-01  0.181E+03      1.
 75  12  0.000E+00  0.000E+00 -0.999E+03  0.154E-43  0.308E+11  0.104E+00  0.132E+05  0.620E-01  0.189E+03      1.
 75  13  0.000E+00  0.000E+00 -0.999E+03  0.154E-43  0.363E+11  0.104E+00  0.132E+05  0.620E-01  0.165E+03      1.
 75  14  0.000E+00  0.000E+00 -0.999E+03  0.154E-43  0.407E+11  0.104E+00  0.117E+05  0.619E-01  0.121E+03      1.
 75  15  0.000E+00  0.000E+00 -0.999E+03  0.154E-43  0.449E+11  0.104E+00  0.985E+04  0.619E-01  0.831E+02      1.
 75  16  0.000E+00  0.000E+00 -0.999E+03  0.154E-43  0.479E+11  0.104E+00  0.746E+04  0.618E-01  0.492E+02      1.
 75  17  0.000E+00  0.000E+00 -0.999E+03  0.154E-43  0.471E+11  0.104E+00  0.448E+04  0.619E-01  0.211E+02      1.
 75  18  0.000E+00  0.000E+00 -0.999E+03  0.154E-43  0.442E+11  0.104E+00  0.223E+04  0.620E-01  0.696E+01      1.
 75  19  0.000E+00  0.000E+00 -0.999E+03  0.154E-43  0.417E+11  0.104E+00  0.104E+04  0.623E-01  0.208E+01      1.
 75  20  0.000E+00  0.000E+00 -0.999E+03  0.154E-43  0.398E+11  0.104E+00  0.455E+03  0.572E-01  0.574E+00      1.
 75  21  0.000E+00  0.000E+00 -0.999E+03  0.154E-43  0.381E+11  0.104E+00  0.184E+03  0.374E-01  0.142E+00      1.
 75  22  0.000E+00  0.000E+00 -0.999E+03  0.154E-43  0.369E+11  0.104E+00  0.706E+02  0.188E-01  0.325E-01      1.
 75  23  0.000E+00  0.000E+00 -0.999E+03  0.154E-43  0.347E+11  0.103E+00  0.219E+02  0.859E-02  0.556E-02      1.
 75  24  0.000E+00  0.000E+00 -0.999E+03  0.154E-43  0.310E+11  0.102E+00  0.501E+01  0.408E-02  0.617E-03      1.
 75  25  0.000E+00  0.000E+00 -0.999E+03  0.154E-43  0.270E+11  0.101E+00  0.896E+00  0.226E-02  0.489E-04      1.
 75  26  0.000E+00  0.000E+00 -0.999E+03  0.154E-43  0.225E+11  0.100E+00  0.116E+00  0.156E-02  0.246E-05      1.
 75  27  0.000E+00  0.000E+00 -0.999E+03  0.154E-43  0.184E+11  0.124E-01  0.118E-01  0.129E-02  0.888E-07     64.
 75  28  0.000E+00  0.000E+00 -0.999E+03  0.154E-43  0.157E+11  0.147E-02  0.133E-02  0.121E-02  0.369E-08     64.
 75  29  0.000E+00  0.000E+00 -0.999E+03  0.154E-43  0.142E+11  0.205E-03  0.191E-03  0.123E-02  0.215E-09     32.
 75  30  0.000E+00  0.000E+00 -0.999E+03  0.154E-43  0.133E+11  0.334E-04  0.301E-04  0.128E-02  0.142E-10     32.
 75  31  0.000E+00  0.000E+00 -0.999E+03  0.154E-43  0.129E+11  0.640E-05  0.573E-05  0.134E-02  0.122E-11     16.
 75  32  0.000E+00  0.000E+00 -0.999E+03  0.154E-43  0.138E+11  0.206E-05  0.186E-05  0.140E-02  0.221E-12      8.
 75  33  0.000E+00  0.000E+00 -0.999E+03  0.154E-43  0.165E+11  0.208E-05  0.104E-05  0.145E-02  0.866E-13      8.
 75  34  0.000E+00  0.000E+00 -0.999E+03  0.154E-43  0.201E+11  0.448E-05  0.670E-06  0.150E-02  0.407E-13      4.
 75  35  0.000E+00  0.000E+00 -0.999E+03  0.154E-43  0.235E+11  0.259E-04  0.336E-06  0.154E-02  0.136E-13      4.
 75  36  0.000E+00  0.000E+00 -0.999E+03  0.154E-43  0.265E+11  0.132E-03  0.139E-06  0.158E-02  0.345E-14      4.
 75  37  0.000E+00  0.000E+00 -0.999E+03  0.154E-43  0.306E+11  0.855E-04  0.659E-07  0.161E-02  0.106E-14      2.
 75  38  0.000E+00  0.000E+00 -0.999E+03  0.154E-43  0.378E+11  0.377E-03  0.444E-07  0.163E-02  0.534E-15      2.
 75  39  0.000E+00  0.000E+00 -0.999E+03  0.154E-43  0.498E+11  0.869E-03  0.425E-07  0.165E-02  0.438E-15      2.
 75  40  0.000E+00  0.000E+00 -0.999E+03  0.154E-43  0.687E+11  0.657E-03  0.524E-07  0.167E-02  0.511E-15      1.
 75  41  0.000E+00  0.000E+00 -0.999E+03  0.154E-43  0.967E+11  0.864E-03  0.719E-07  0.169E-02  0.693E-15      1.
 75  42  0.000E+00  0.000E+00 -0.999E+03  0.154E-43  0.135E+12  0.515E-02  0.939E-07  0.170E-02  0.876E-15      2.
 75  43  0.000E+00  0.000E+00 -0.999E+03  0.154E-43  0.184E+12  0.773E-02  0.109E-06  0.171E-02  0.940E-15      2.
 75  44  0.000E+00  0.000E+00 -0.999E+03  0.154E-43  0.248E+12  0.121E-01  0.117E-06  0.172E-02  0.910E-15      2.
 75  45  0.000E+00  0.000E+00 -0.999E+03  0.154E-43  0.330E+12  0.114E-01  0.120E-06  0.172E-02  0.815E-15      1.
 75  46  0.000E+00  0.000E+00 -0.999E+03  0.154E-43  0.432E+12  0.179E-01  0.112E-06  0.173E-02  0.646E-15      1.
 75  47  0.000E+00  0.000E+00 -0.999E+03  0.154E-43  0.558E+12  0.201E-01  0.963E-07  0.173E-02  0.457E-15      1.
 75  48  0.000E+00  0.000E+00 -0.999E+03  0.154E-43  0.716E+12  0.205E-01  0.805E-07  0.174E-02  0.310E-15      1.
 75  49  0.000E+00  0.000E+00 -0.999E+03  0.154E-43  0.925E+12  0.203E-01  0.696E-07  0.174E-02  0.221E-15      1.
 75  50  0.000E+00  0.000E+00 -0.999E+03  0.154E-43  0.121E+13  0.200E-01  0.651E-07  0.175E-02  0.176E-15      1.
 75  51  0.000E+00  0.000E+00 -0.999E+03  0.154E-43  0.160E+13  0.197E-01  0.639E-07  0.175E-02  0.149E-15      1.
 75  52  0.000E+00  0.000E+00 -0.999E+03  0.154E-43  0.210E+13  0.194E-01  0.596E-07  0.175E-02  0.118E-15      1.
 75  53  0.000E+00  0.000E+00 -0.999E+03  0.154E-43  0.267E+13  0.192E-01  0.474E-07  0.175E-02  0.747E-16      1.
 75  54  0.000E+00  0.000E+00 -0.999E+03  0.154E-43  0.330E+13  0.191E-01  0.323E-07  0.175E-02  0.381E-16      1.
 75  55  0.000E+00  0.000E+00 -0.999E+03  0.154E-43  0.408E+13  0.189E-01  0.222E-07  0.176E-02  0.197E-16      1.
 75  56  0.000E+00  0.000E+00 -0.999E+03  0.154E-43  0.517E+13  0.189E-01  0.175E-07  0.176E-02  0.123E-16      1.
 75  57  0.000E+00  0.000E+00 -0.999E+03  0.154E-43  0.688E+13  0.189E-01  0.179E-07  0.176E-02  0.111E-16      1.
 75  58  0.000E+00  0.000E+00 -0.999E+03  0.154E-43  0.929E+13  0.189E-01  0.196E-07  0.176E-02  0.110E-16      1.
 75  59  0.000E+00  0.000E+00 -0.999E+03  0.154E-43  0.135E+14  0.189E-01  0.314E-07  0.176E-02  0.185E-16      1.
 76   1  0.000E+00  0.000E+00 -0.999E+03  0.154E-43  0.178E+10  0.104E+00  0.155E+04  0.621E-01  0.430E+02      1.
 76   2  0.000E+00  0.000E+00 -0.999E+03  0.154E-43  0.220E+10  0.104E+00  0.177E+04  0.621E-01  0.452E+02      1.
 76   3  0.000E+00  0.000E+00 -0.999E+03  0.154E-43  0.333E+10  0.104E+00  0.279E+04  0.621E-01  0.743E+02      1.
 76   4  0.000E+00  0.000E+00 -0.999E+03  0.154E-43  0.466E+10  0.104E+00  0.387E+04  0.621E-01  0.102E+03      1.
 76   5  0.000E+00  0.000E+00 -0.999E+03  0.154E-43  0.614E+10  0.104E+00  0.489E+04  0.621E-01  0.123E+03      1.
 76   6  0.000E+00  0.000E+00 -0.999E+03  0.154E-43  0.786E+10  0.104E+00  0.586E+04  0.621E-01  0.139E+03      1.
 76   7  0.000E+00  0.000E+00 -0.999E+03  0.154E-43  0.985E+10  0.104E+00  0.677E+04  0.621E-01  0.148E+03      1.
 76   8  0.000E+00  0.000E+00 -0.999E+03  0.154E-43  0.121E+11  0.104E+00  0.754E+04  0.621E-01  0.150E+03      1.
 76   9  0.000E+00  0.000E+00 -0.999E+03  0.154E-43  0.149E+11  0.104E+00  0.835E+04  0.621E-01  0.150E+03      1.
 76  10  0.000E+00  0.000E+00 -0.999E+03  0.154E-43  0.188E+11  0.104E+00  0.964E+04  0.620E-01  0.160E+03      1.
 76  11  0.000E+00  0.000E+00 -0.999E+03  0.154E-43  0.244E+11  0.104E+00  0.116E+05  0.620E-01  0.181E+03      1.
 76  12  0.000E+00  0.000E+00 -0.999E+03  0.154E-43  0.308E+11  0.104E+00  0.132E+05  0.620E-01  0.189E+03      1.
 76  13  0.000E+00  0.000E+00 -0.999E+03  0.154E-43  0.363E+11  0.104E+00  0.132E+05  0.620E-01  0.165E+03      1.
 76  14  0.000E+00  0.000E+00 -0.999E+03  0.154E-43  0.407E+11  0.104E+00  0.117E+05  0.619E-01  0.121E+03      1.
 76  15  0.000E+00  0.000E+00 -0.999E+03  0.154E-43  0.449E+11  0.104E+00  0.985E+04  0.619E-01  0.831E+02      1.
 76  16  0.000E+00  0.000E+00 -0.999E+03  0.154E-43  0.479E+11  0.104E+00  0.746E+04  0.618E-01  0.492E+02      1.
 76  17  0.000E+00  0.000E+00 -0.999E+03  0.154E-43  0.471E+11  0.104E+00  0.448E+04  0.619E-01  0.211E+02      1.
 76  18  0.000E+00  0.000E+00 -0.999E+03  0.154E-43  0.442E+11  0.104E+00  0.223E+04  0.620E-01  0.696E+01      1.
 76  19  0.000E+00  0.000E+00 -0.999E+03  0.154E-43  0.417E+11  0.104E+00  0.104E+04  0.623E-01  0.208E+01      1.
 76  20  0.000E+00  0.000E+00 -0.999E+03  0.154E-43  0.398E+11  0.104E+00  0.455E+03  0.572E-01  0.574E+00      1.
 76  21  0.000E+00  0.000E+00 -0.999E+03  0.154E-43  0.381E+11  0.104E+00  0.184E+03  0.374E-01  0.142E+00      1.
 76  22  0.000E+00  0.000E+00 -0.999E+03  0.154E-43  0.369E+11  0.104E+00  0.706E+02  0.188E-01  0.325E-01      1.
 76  23  0.000E+00  0.000E+00 -0.999E+03  0.154E-43  0.347E+11  0.103E+00  0.219E+02  0.859E-02  0.556E-02      1.
 76  24  0.000E+00  0.000E+00 -0.999E+03  0.154E-43  0.310E+11  0.102E+00  0.501E+01  0.408E-02  0.617E-03      1.
 76  25  0.000E+00  0.000E+00 -0.999E+03  0.154E-43  0.270E+11  0.101E+00  0.896E+00  0.226E-02  0.489E-04      1.
 76  26  0.000E+00  0.000E+00 -0.999E+03  0.154E-43  0.225E+11  0.100E+00  0.116E+00  0.156E-02  0.246E-05      1.
 76  27  0.000E+00  0.000E+00 -0.999E+03  0.154E-43  0.184E+11  0.124E-01  0.118E-01  0.129E-02  0.888E-07     64.
 76  28  0.000E+00  0.000E+00 -0.999E+03  0.154E-43  0.157E+11  0.147E-02  0.133E-02  0.121E-02  0.369E-08     64.
 76  29  0.000E+00  0.000E+00 -0.999E+03  0.154E-43  0.142E+11  0.205E-03  0.191E-03  0.123E-02  0.215E-09     32.
 76  30  0.000E+00  0.000E+00 -0.999E+03  0.154E-43  0.133E+11  0.334E-04  0.301E-04  0.128E-02  0.142E-10     32.
 76  31  0.000E+00  0.000E+00 -0.999E+03  0.154E-43  0.129E+11  0.640E-05  0.573E-05  0.134E-02  0.122E-11     16.
 76  32  0.000E+00  0.000E+00 -0.999E+03  0.154E-43  0.138E+11  0.206E-05  0.186E-05  0.140E-02  0.221E-12      8.
 76  33  0.000E+00  0.000E+00 -0.999E+03  0.154E-43  0.165E+11  0.208E-05  0.104E-05  0.145E-02  0.866E-13      8.
 76  34  0.000E+00  0.000E+00 -0.999E+03  0.154E-43  0.201E+11  0.448E-05  0.670E-06  0.150E-02  0.407E-13      4.
 76  35  0.000E+00  0.000E+00 -0.999E+03  0.154E-43  0.235E+11  0.259E-04  0.336E-06  0.154E-02  0.136E-13      4.
 76  36  0.000E+00  0.000E+00 -0.999E+03  0.154E-43  0.265E+11  0.132E-03  0.139E-06  0.158E-02  0.345E-14      4.
 76  37  0.000E+00  0.000E+00 -0.999E+03  0.154E-43  0.306E+11  0.855E-04  0.659E-07  0.161E-02  0.106E-14      2.
 76  38  0.000E+00  0.000E+00 -0.999E+03  0.154E-43  0.378E+11  0.377E-03  0.444E-07  0.163E-02  0.534E-15      2.
 76  39  0.000E+00  0.000E+00 -0.999E+03  0.154E-43  0.498E+11  0.869E-03  0.425E-07  0.165E-02  0.438E-15      2.
 76  40  0.000E+00  0.000E+00 -0.999E+03  0.154E-43  0.687E+11  0.657E-03  0.524E-07  0.167E-02  0.511E-15      1.
 76  41  0.000E+00  0.000E+00 -0.999E+03  0.154E-43  0.967E+11  0.864E-03  0.719E-07  0.169E-02  0.693E-15      1.
 76  42  0.000E+00  0.000E+00 -0.999E+03  0.154E-43  0.135E+12  0.515E-02  0.939E-07  0.170E-02  0.876E-15      2.
 76  43  0.000E+00  0.000E+00 -0.999E+03  0.154E-43  0.184E+12  0.773E-02  0.109E-06  0.171E-02  0.940E-15      2.
 76  44  0.000E+00  0.000E+00 -0.999E+03  0.154E-43  0.248E+12  0.121E-01  0.117E-06  0.172E-02  0.910E-15      2.
 76  45  0.000E+00  0.000E+00 -0.999E+03  0.154E-43  0.330E+12  0.114E-01  0.120E-06  0.172E-02  0.815E-15      1.
 76  46  0.000E+00  0.000E+00 -0.999E+03  0.154E-43  0.432E+12  0.179E-01  0.112E-06  0.173E-02  0.646E-15      1.
 76  47  0.000E+00  0.000E+00 -0.999E+03  0.154E-43  0.558E+12  0.201E-01  0.963E-07  0.173E-02  0.457E-15      1.
 76  48  0.000E+00  0.000E+00 -0.999E+03  0.154E-43  0.716E+12  0.205E-01  0.805E-07  0.174E-02  0.310E-15      1.
 76  49  0.000E+00  0.000E+00 -0.999E+03  0.154E-43  0.925E+12  0.203E-01  0.696E-07  0.174E-02  0.221E-15      1.
 76  50  0.000E+00  0.000E+00 -0.999E+03  0.154E-43  0.121E+13  0.200E-01  0.651E-07  0.175E-02  0.176E-15      1.
 76  51  0.000E+00  0.000E+00 -0.999E+03  0.154E-43  0.160E+13  0.197E-01  0.639E-07  0.175E-02  0.149E-15      1.
 76  52  0.000E+00  0.000E+00 -0.999E+03  0.154E-43  0.210E+13  0.194E-01  0.596E-07  0.175E-02  0.118E-15      1.
 76  53  0.000E+00  0.000E+00 -0.999E+03  0.154E-43  0.267E+13  0.192E-01  0.474E-07  0.175E-02  0.747E-16      1.
 76  54  0.000E+00  0.000E+00 -0.999E+03  0.154E-43  0.330E+13  0.191E-01  0.323E-07  0.175E-02  0.381E-16      1.
 76  55  0.000E+00  0.000E+00 -0.999E+03  0.154E-43  0.408E+13  0.189E-01  0.222E-07  0.176E-02  0.197E-16      1.
 76  56  0.000E+00  0.000E+00 -0.999E+03  0.154E-43  0.517E+13  0.189E-01  0.175E-07  0.176E-02  0.123E-16      1.
 76  57  0.000E+00  0.000E+00 -0.999E+03  0.154E-43  0.688E+13  0.189E-01  0.179E-07  0.176E-02  0.111E-16      1.
 76  58  0.000E+00  0.000E+00 -0.999E+03  0.154E-43  0.929E+13  0.189E-01  0.196E-07  0.176E-02  0.110E-16      1.
 76  59  0.000E+00  0.000E+00 -0.999E+03  0.154E-43  0.135E+14  0.189E-01  0.314E-07  0.176E-02  0.185E-16      1.
 77   1  0.000E+00  0.000E+00 -0.999E+03  0.154E-43  0.178E+10  0.104E+00  0.155E+04  0.621E-01  0.430E+02      1.
 77   2  0.000E+00  0.000E+00 -0.999E+03  0.154E-43  0.220E+10  0.104E+00  0.177E+04  0.621E-01  0.452E+02      1.
 77   3  0.000E+00  0.000E+00 -0.999E+03  0.154E-43  0.333E+10  0.104E+00  0.279E+04  0.621E-01  0.743E+02      1.
 77   4  0.000E+00  0.000E+00 -0.999E+03  0.154E-43  0.466E+10  0.104E+00  0.387E+04  0.621E-01  0.102E+03      1.
 77   5  0.000E+00  0.000E+00 -0.999E+03  0.154E-43  0.614E+10  0.104E+00  0.489E+04  0.621E-01  0.123E+03      1.
 77   6  0.000E+00  0.000E+00 -0.999E+03  0.154E-43  0.786E+10  0.104E+00  0.586E+04  0.621E-01  0.139E+03      1.
 77   7  0.000E+00  0.000E+00 -0.999E+03  0.154E-43  0.985E+10  0.104E+00  0.677E+04  0.621E-01  0.148E+03      1.
 77   8  0.000E+00  0.000E+00 -0.999E+03  0.154E-43  0.121E+11  0.104E+00  0.754E+04  0.621E-01  0.150E+03      1.
 77   9  0.000E+00  0.000E+00 -0.999E+03  0.154E-43  0.149E+11  0.104E+00  0.835E+04  0.621E-01  0.150E+03      1.
 77  10  0.000E+00  0.000E+00 -0.999E+03  0.154E-43  0.188E+11  0.104E+00  0.964E+04  0.620E-01  0.160E+03      1.
 77  11  0.000E+00  0.000E+00 -0.999E+03  0.154E-43  0.244E+11  0.104E+00  0.116E+05  0.620E-01  0.181E+03      1.
 77  12  0.000E+00  0.000E+00 -0.999E+03  0.154E-43  0.308E+11  0.104E+00  0.132E+05  0.620E-01  0.189E+03      1.
 77  13  0.000E+00  0.000E+00 -0.999E+03  0.154E-43  0.363E+11  0.104E+00  0.132E+05  0.620E-01  0.165E+03      1.
 77  14  0.000E+00  0.000E+00 -0.999E+03  0.154E-43  0.407E+11  0.104E+00  0.117E+05  0.619E-01  0.121E+03      1.
 77  15  0.000E+00  0.000E+00 -0.999E+03  0.154E-43  0.449E+11  0.104E+00  0.985E+04  0.619E-01  0.831E+02      1.
 77  16  0.000E+00  0.000E+00 -0.999E+03  0.154E-43  0.479E+11  0.104E+00  0.746E+04  0.618E-01  0.492E+02      1.
 77  17  0.000E+00  0.000E+00 -0.999E+03  0.154E-43  0.471E+11  0.104E+00  0.448E+04  0.619E-01  0.211E+02      1.
 77  18  0.000E+00  0.000E+00 -0.999E+03  0.154E-43  0.442E+11  0.104E+00  0.223E+04  0.620E-01  0.696E+01      1.
 77  19  0.000E+00  0.000E+00 -0.999E+03  0.154E-43  0.417E+11  0.104E+00  0.104E+04  0.623E-01  0.208E+01      1.
 77  20  0.000E+00  0.000E+00 -0.999E+03  0.154E-43  0.398E+11  0.104E+00  0.455E+03  0.572E-01  0.574E+00      1.
 77  21  0.000E+00  0.000E+00 -0.999E+03  0.154E-43  0.381E+11  0.104E+00  0.184E+03  0.374E-01  0.142E+00      1.
 77  22  0.000E+00  0.000E+00 -0.999E+03  0.154E-43  0.369E+11  0.104E+00  0.706E+02  0.188E-01  0.325E-01      1.
 77  23  0.000E+00  0.000E+00 -0.999E+03  0.154E-43  0.347E+11  0.103E+00  0.219E+02  0.859E-02  0.556E-02      1.
 77  24  0.000E+00  0.000E+00 -0.999E+03  0.154E-43  0.310E+11  0.102E+00  0.501E+01  0.408E-02  0.617E-03      1.
 77  25  0.000E+00  0.000E+00 -0.999E+03  0.154E-43  0.270E+11  0.101E+00  0.896E+00  0.226E-02  0.489E-04      1.
 77  26  0.000E+00  0.000E+00 -0.999E+03  0.154E-43  0.225E+11  0.100E+00  0.116E+00  0.156E-02  0.246E-05      1.
 77  27  0.000E+00  0.000E+00 -0.999E+03  0.154E-43  0.184E+11  0.124E-01  0.118E-01  0.129E-02  0.888E-07     64.
 77  28  0.000E+00  0.000E+00 -0.999E+03  0.154E-43  0.157E+11  0.147E-02  0.133E-02  0.121E-02  0.369E-08     64.
 77  29  0.000E+00  0.000E+00 -0.999E+03  0.154E-43  0.142E+11  0.205E-03  0.191E-03  0.123E-02  0.215E-09     32.
 77  30  0.000E+00  0.000E+00 -0.999E+03  0.154E-43  0.133E+11  0.334E-04  0.301E-04  0.128E-02  0.142E-10     32.
 77  31  0.000E+00  0.000E+00 -0.999E+03  0.154E-43  0.129E+11  0.640E-05  0.573E-05  0.134E-02  0.122E-11     16.
 77  32  0.000E+00  0.000E+00 -0.999E+03  0.154E-43  0.138E+11  0.206E-05  0.186E-05  0.140E-02  0.221E-12      8.
 77  33  0.000E+00  0.000E+00 -0.999E+03  0.154E-43  0.165E+11  0.208E-05  0.104E-05  0.145E-02  0.866E-13      8.
 77  34  0.000E+00  0.000E+00 -0.999E+03  0.154E-43  0.201E+11  0.448E-05  0.670E-06  0.150E-02  0.407E-13      4.
 77  35  0.000E+00  0.000E+00 -0.999E+03  0.154E-43  0.235E+11  0.259E-04  0.336E-06  0.154E-02  0.136E-13      4.
 77  36  0.000E+00  0.000E+00 -0.999E+03  0.154E-43  0.265E+11  0.132E-03  0.139E-06  0.158E-02  0.345E-14      4.
 77  37  0.000E+00  0.000E+00 -0.999E+03  0.154E-43  0.306E+11  0.855E-04  0.659E-07  0.161E-02  0.106E-14      2.
 77  38  0.000E+00  0.000E+00 -0.999E+03  0.154E-43  0.378E+11  0.377E-03  0.444E-07  0.163E-02  0.534E-15      2.
 77  39  0.000E+00  0.000E+00 -0.999E+03  0.154E-43  0.498E+11  0.869E-03  0.425E-07  0.165E-02  0.438E-15      2.
 77  40  0.000E+00  0.000E+00 -0.999E+03  0.154E-43  0.687E+11  0.657E-03  0.524E-07  0.167E-02  0.511E-15      1.
 77  41  0.000E+00  0.000E+00 -0.999E+03  0.154E-43  0.967E+11  0.864E-03  0.719E-07  0.169E-02  0.693E-15      1.
 77  42  0.000E+00  0.000E+00 -0.999E+03  0.154E-43  0.135E+12  0.515E-02  0.939E-07  0.170E-02  0.876E-15      2.
 77  43  0.000E+00  0.000E+00 -0.999E+03  0.154E-43  0.184E+12  0.773E-02  0.109E-06  0.171E-02  0.940E-15      2.
 77  44  0.000E+00  0.000E+00 -0.999E+03  0.154E-43  0.248E+12  0.121E-01  0.117E-06  0.172E-02  0.910E-15      2.
 77  45  0.000E+00  0.000E+00 -0.999E+03  0.154E-43  0.330E+12  0.114E-01  0.120E-06  0.172E-02  0.815E-15      1.
 77  46  0.000E+00  0.000E+00 -0.999E+03  0.154E-43  0.432E+12  0.179E-01  0.112E-06  0.173E-02  0.646E-15      1.
 77  47  0.000E+00  0.000E+00 -0.999E+03  0.154E-43  0.558E+12  0.201E-01  0.963E-07  0.173E-02  0.457E-15      1.
 77  48  0.000E+00  0.000E+00 -0.999E+03  0.154E-43  0.716E+12  0.205E-01  0.805E-07  0.174E-02  0.310E-15      1.
 77  49  0.000E+00  0.000E+00 -0.999E+03  0.154E-43  0.925E+12  0.203E-01  0.696E-07  0.174E-02  0.221E-15      1.
 77  50  0.000E+00  0.000E+00 -0.999E+03  0.154E-43  0.121E+13  0.200E-01  0.651E-07  0.175E-02  0.176E-15      1.
 77  51  0.000E+00  0.000E+00 -0.999E+03  0.154E-43  0.160E+13  0.197E-01  0.639E-07  0.175E-02  0.149E-15      1.
 77  52  0.000E+00  0.000E+00 -0.999E+03  0.154E-43  0.210E+13  0.194E-01  0.596E-07  0.175E-02  0.118E-15      1.
 77  53  0.000E+00  0.000E+00 -0.999E+03  0.154E-43  0.267E+13  0.192E-01  0.474E-07  0.175E-02  0.747E-16      1.
 77  54  0.000E+00  0.000E+00 -0.999E+03  0.154E-43  0.330E+13  0.191E-01  0.323E-07  0.175E-02  0.381E-16      1.
 77  55  0.000E+00  0.000E+00 -0.999E+03  0.154E-43  0.408E+13  0.189E-01  0.222E-07  0.176E-02  0.197E-16      1.
 77  56  0.000E+00  0.000E+00 -0.999E+03  0.154E-43  0.517E+13  0.189E-01  0.175E-07  0.176E-02  0.123E-16      1.
 77  57  0.000E+00  0.000E+00 -0.999E+03  0.154E-43  0.688E+13  0.189E-01  0.179E-07  0.176E-02  0.111E-16      1.
 77  58  0.000E+00  0.000E+00 -0.999E+03  0.154E-43  0.929E+13  0.189E-01  0.196E-07  0.176E-02  0.110E-16      1.
 77  59  0.000E+00  0.000E+00 -0.999E+03  0.154E-43  0.135E+14  0.189E-01  0.314E-07  0.176E-02  0.185E-16      1.
 78   1  0.000E+00  0.000E+00 -0.999E+03  0.154E-43  0.178E+10  0.104E+00  0.155E+04  0.621E-01  0.430E+02      1.
 78   2  0.000E+00  0.000E+00 -0.999E+03  0.154E-43  0.220E+10  0.104E+00  0.177E+04  0.621E-01  0.452E+02      1.
 78   3  0.000E+00  0.000E+00 -0.999E+03  0.154E-43  0.333E+10  0.104E+00  0.279E+04  0.621E-01  0.743E+02      1.
 78   4  0.000E+00  0.000E+00 -0.999E+03  0.154E-43  0.466E+10  0.104E+00  0.387E+04  0.621E-01  0.102E+03      1.
 78   5  0.000E+00  0.000E+00 -0.999E+03  0.154E-43  0.614E+10  0.104E+00  0.489E+04  0.621E-01  0.123E+03      1.
 78   6  0.000E+00  0.000E+00 -0.999E+03  0.154E-43  0.786E+10  0.104E+00  0.586E+04  0.621E-01  0.139E+03      1.
 78   7  0.000E+00  0.000E+00 -0.999E+03  0.154E-43  0.985E+10  0.104E+00  0.677E+04  0.621E-01  0.148E+03      1.
 78   8  0.000E+00  0.000E+00 -0.999E+03  0.154E-43  0.121E+11  0.104E+00  0.754E+04  0.621E-01  0.150E+03      1.
 78   9  0.000E+00  0.000E+00 -0.999E+03  0.154E-43  0.149E+11  0.104E+00  0.835E+04  0.621E-01  0.150E+03      1.
 78  10  0.000E+00  0.000E+00 -0.999E+03  0.154E-43  0.188E+11  0.104E+00  0.964E+04  0.620E-01  0.160E+03      1.
 78  11  0.000E+00  0.000E+00 -0.999E+03  0.154E-43  0.244E+11  0.104E+00  0.116E+05  0.620E-01  0.181E+03      1.
 78  12  0.000E+00  0.000E+00 -0.999E+03  0.154E-43  0.308E+11  0.104E+00  0.132E+05  0.620E-01  0.189E+03      1.
 78  13  0.000E+00  0.000E+00 -0.999E+03  0.154E-43  0.363E+11  0.104E+00  0.132E+05  0.620E-01  0.165E+03      1.
 78  14  0.000E+00  0.000E+00 -0.999E+03  0.154E-43  0.407E+11  0.104E+00  0.117E+05  0.619E-01  0.121E+03      1.
 78  15  0.000E+00  0.000E+00 -0.999E+03  0.154E-43  0.449E+11  0.104E+00  0.985E+04  0.619E-01  0.831E+02      1.
 78  16  0.000E+00  0.000E+00 -0.999E+03  0.154E-43  0.479E+11  0.104E+00  0.746E+04  0.618E-01  0.492E+02      1.
 78  17  0.000E+00  0.000E+00 -0.999E+03  0.154E-43  0.471E+11  0.104E+00  0.448E+04  0.619E-01  0.211E+02      1.
 78  18  0.000E+00  0.000E+00 -0.999E+03  0.154E-43  0.442E+11  0.104E+00  0.223E+04  0.620E-01  0.696E+01      1.
 78  19  0.000E+00  0.000E+00 -0.999E+03  0.154E-43  0.417E+11  0.104E+00  0.104E+04  0.623E-01  0.208E+01      1.
 78  20  0.000E+00  0.000E+00 -0.999E+03  0.154E-43  0.398E+11  0.104E+00  0.455E+03  0.572E-01  0.574E+00      1.
 78  21  0.000E+00  0.000E+00 -0.999E+03  0.154E-43  0.381E+11  0.104E+00  0.184E+03  0.374E-01  0.142E+00      1.
 78  22  0.000E+00  0.000E+00 -0.999E+03  0.154E-43  0.369E+11  0.104E+00  0.706E+02  0.188E-01  0.325E-01      1.
 78  23  0.000E+00  0.000E+00 -0.999E+03  0.154E-43  0.347E+11  0.103E+00  0.219E+02  0.859E-02  0.556E-02      1.
 78  24  0.000E+00  0.000E+00 -0.999E+03  0.154E-43  0.310E+11  0.102E+00  0.501E+01  0.408E-02  0.617E-03      1.
 78  25  0.000E+00  0.000E+00 -0.999E+03  0.154E-43  0.270E+11  0.101E+00  0.896E+00  0.226E-02  0.489E-04      1.
 78  26  0.000E+00  0.000E+00 -0.999E+03  0.154E-43  0.225E+11  0.100E+00  0.116E+00  0.156E-02  0.246E-05      1.
 78  27  0.000E+00  0.000E+00 -0.999E+03  0.154E-43  0.184E+11  0.124E-01  0.118E-01  0.129E-02  0.888E-07     64.
 78  28  0.000E+00  0.000E+00 -0.999E+03  0.154E-43  0.157E+11  0.147E-02  0.133E-02  0.121E-02  0.369E-08     64.
 78  29  0.000E+00  0.000E+00 -0.999E+03  0.154E-43  0.142E+11  0.205E-03  0.191E-03  0.123E-02  0.215E-09     32.
 78  30  0.000E+00  0.000E+00 -0.999E+03  0.154E-43  0.133E+11  0.334E-04  0.301E-04  0.128E-02  0.142E-10     32.
 78  31  0.000E+00  0.000E+00 -0.999E+03  0.154E-43  0.129E+11  0.640E-05  0.573E-05  0.134E-02  0.122E-11     16.
 78  32  0.000E+00  0.000E+00 -0.999E+03  0.154E-43  0.138E+11  0.206E-05  0.186E-05  0.140E-02  0.221E-12      8.
 78  33  0.000E+00  0.000E+00 -0.999E+03  0.154E-43  0.165E+11  0.208E-05  0.104E-05  0.145E-02  0.866E-13      8.
 78  34  0.000E+00  0.000E+00 -0.999E+03  0.154E-43  0.201E+11  0.448E-05  0.670E-06  0.150E-02  0.407E-13      4.
 78  35  0.000E+00  0.000E+00 -0.999E+03  0.154E-43  0.235E+11  0.259E-04  0.336E-06  0.154E-02  0.136E-13      4.
 78  36  0.000E+00  0.000E+00 -0.999E+03  0.154E-43  0.265E+11  0.132E-03  0.139E-06  0.158E-02  0.345E-14      4.
 78  37  0.000E+00  0.000E+00 -0.999E+03  0.154E-43  0.306E+11  0.855E-04  0.659E-07  0.161E-02  0.106E-14      2.
 78  38  0.000E+00  0.000E+00 -0.999E+03  0.154E-43  0.378E+11  0.377E-03  0.444E-07  0.163E-02  0.534E-15      2.
 78  39  0.000E+00  0.000E+00 -0.999E+03  0.154E-43  0.498E+11  0.869E-03  0.425E-07  0.165E-02  0.438E-15      2.
 78  40  0.000E+00  0.000E+00 -0.999E+03  0.154E-43  0.687E+11  0.657E-03  0.524E-07  0.167E-02  0.511E-15      1.
 78  41  0.000E+00  0.000E+00 -0.999E+03  0.154E-43  0.967E+11  0.864E-03  0.719E-07  0.169E-02  0.693E-15      1.
 78  42  0.000E+00  0.000E+00 -0.999E+03  0.154E-43  0.135E+12  0.515E-02  0.939E-07  0.170E-02  0.876E-15      2.
 78  43  0.000E+00  0.000E+00 -0.999E+03  0.154E-43  0.184E+12  0.773E-02  0.109E-06  0.171E-02  0.940E-15      2.
 78  44  0.000E+00  0.000E+00 -0.999E+03  0.154E-43  0.248E+12  0.121E-01  0.117E-06  0.172E-02  0.910E-15      2.
 78  45  0.000E+00  0.000E+00 -0.999E+03  0.154E-43  0.330E+12  0.114E-01  0.120E-06  0.172E-02  0.815E-15      1.
 78  46  0.000E+00  0.000E+00 -0.999E+03  0.154E-43  0.432E+12  0.179E-01  0.112E-06  0.173E-02  0.646E-15      1.
 78  47  0.000E+00  0.000E+00 -0.999E+03  0.154E-43  0.558E+12  0.201E-01  0.963E-07  0.173E-02  0.457E-15      1.
 78  48  0.000E+00  0.000E+00 -0.999E+03  0.154E-43  0.716E+12  0.205E-01  0.805E-07  0.174E-02  0.310E-15      1.
 78  49  0.000E+00  0.000E+00 -0.999E+03  0.154E-43  0.925E+12  0.203E-01  0.696E-07  0.174E-02  0.221E-15      1.
 78  50  0.000E+00  0.000E+00 -0.999E+03  0.154E-43  0.121E+13  0.200E-01  0.651E-07  0.175E-02  0.176E-15      1.
 78  51  0.000E+00  0.000E+00 -0.999E+03  0.154E-43  0.160E+13  0.197E-01  0.639E-07  0.175E-02  0.149E-15      1.
 78  52  0.000E+00  0.000E+00 -0.999E+03  0.154E-43  0.210E+13  0.194E-01  0.596E-07  0.175E-02  0.118E-15      1.
 78  53  0.000E+00  0.000E+00 -0.999E+03  0.154E-43  0.267E+13  0.192E-01  0.474E-07  0.175E-02  0.747E-16      1.
 78  54  0.000E+00  0.000E+00 -0.999E+03  0.154E-43  0.330E+13  0.191E-01  0.323E-07  0.175E-02  0.381E-16      1.
 78  55  0.000E+00  0.000E+00 -0.999E+03  0.154E-43  0.408E+13  0.189E-01  0.222E-07  0.176E-02  0.197E-16      1.
 78  56  0.000E+00  0.000E+00 -0.999E+03  0.154E-43  0.517E+13  0.189E-01  0.175E-07  0.176E-02  0.123E-16      1.
 78  57  0.000E+00  0.000E+00 -0.999E+03  0.154E-43  0.688E+13  0.189E-01  0.179E-07  0.176E-02  0.111E-16      1.
 78  58  0.000E+00  0.000E+00 -0.999E+03  0.154E-43  0.929E+13  0.189E-01  0.196E-07  0.176E-02  0.110E-16      1.
 78  59  0.000E+00  0.000E+00 -0.999E+03  0.154E-43  0.135E+14  0.189E-01  0.314E-07  0.176E-02  0.185E-16      1.
 79   1  0.000E+00  0.000E+00 -0.999E+03  0.154E-43  0.178E+10  0.104E+00  0.155E+04  0.621E-01  0.430E+02      1.
 79   2  0.000E+00  0.000E+00 -0.999E+03  0.154E-43  0.220E+10  0.104E+00  0.177E+04  0.621E-01  0.452E+02      1.
 79   3  0.000E+00  0.000E+00 -0.999E+03  0.154E-43  0.333E+10  0.104E+00  0.279E+04  0.621E-01  0.743E+02      1.
 79   4  0.000E+00  0.000E+00 -0.999E+03  0.154E-43  0.466E+10  0.104E+00  0.387E+04  0.621E-01  0.102E+03      1.
 79   5  0.000E+00  0.000E+00 -0.999E+03  0.154E-43  0.614E+10  0.104E+00  0.489E+04  0.621E-01  0.123E+03      1.
 79   6  0.000E+00  0.000E+00 -0.999E+03  0.154E-43  0.786E+10  0.104E+00  0.586E+04  0.621E-01  0.139E+03      1.
 79   7  0.000E+00  0.000E+00 -0.999E+03  0.154E-43  0.985E+10  0.104E+00  0.677E+04  0.621E-01  0.148E+03      1.
 79   8  0.000E+00  0.000E+00 -0.999E+03  0.154E-43  0.121E+11  0.104E+00  0.754E+04  0.621E-01  0.150E+03      1.
 79   9  0.000E+00  0.000E+00 -0.999E+03  0.154E-43  0.149E+11  0.104E+00  0.835E+04  0.621E-01  0.150E+03      1.
 79  10  0.000E+00  0.000E+00 -0.999E+03  0.154E-43  0.188E+11  0.104E+00  0.964E+04  0.620E-01  0.160E+03      1.
 79  11  0.000E+00  0.000E+00 -0.999E+03  0.154E-43  0.244E+11  0.104E+00  0.116E+05  0.620E-01  0.181E+03      1.
 79  12  0.000E+00  0.000E+00 -0.999E+03  0.154E-43  0.308E+11  0.104E+00  0.132E+05  0.620E-01  0.189E+03      1.
 79  13  0.000E+00  0.000E+00 -0.999E+03  0.154E-43  0.363E+11  0.104E+00  0.132E+05  0.620E-01  0.165E+03      1.
 79  14  0.000E+00  0.000E+00 -0.999E+03  0.154E-43  0.407E+11  0.104E+00  0.117E+05  0.619E-01  0.121E+03      1.
 79  15  0.000E+00  0.000E+00 -0.999E+03  0.154E-43  0.449E+11  0.104E+00  0.985E+04  0.619E-01  0.831E+02      1.
 79  16  0.000E+00  0.000E+00 -0.999E+03  0.154E-43  0.479E+11  0.104E+00  0.746E+04  0.618E-01  0.492E+02      1.
 79  17  0.000E+00  0.000E+00 -0.999E+03  0.154E-43  0.471E+11  0.104E+00  0.448E+04  0.619E-01  0.211E+02      1.
 79  18  0.000E+00  0.000E+00 -0.999E+03  0.154E-43  0.442E+11  0.104E+00  0.223E+04  0.620E-01  0.696E+01      1.
 79  19  0.000E+00  0.000E+00 -0.999E+03  0.154E-43  0.417E+11  0.104E+00  0.104E+04  0.623E-01  0.208E+01      1.
 79  20  0.000E+00  0.000E+00 -0.999E+03  0.154E-43  0.398E+11  0.104E+00  0.455E+03  0.572E-01  0.574E+00      1.
 79  21  0.000E+00  0.000E+00 -0.999E+03  0.154E-43  0.381E+11  0.104E+00  0.184E+03  0.374E-01  0.142E+00      1.
 79  22  0.000E+00  0.000E+00 -0.999E+03  0.154E-43  0.369E+11  0.104E+00  0.706E+02  0.188E-01  0.325E-01      1.
 79  23  0.000E+00  0.000E+00 -0.999E+03  0.154E-43  0.347E+11  0.103E+00  0.219E+02  0.859E-02  0.556E-02      1.
 79  24  0.000E+00  0.000E+00 -0.999E+03  0.154E-43  0.310E+11  0.102E+00  0.501E+01  0.408E-02  0.617E-03      1.
 79  25  0.000E+00  0.000E+00 -0.999E+03  0.154E-43  0.270E+11  0.101E+00  0.896E+00  0.226E-02  0.489E-04      1.
 79  26  0.000E+00  0.000E+00 -0.999E+03  0.154E-43  0.225E+11  0.100E+00  0.116E+00  0.156E-02  0.246E-05      1.
 79  27  0.000E+00  0.000E+00 -0.999E+03  0.154E-43  0.184E+11  0.124E-01  0.118E-01  0.129E-02  0.888E-07     64.
 79  28  0.000E+00  0.000E+00 -0.999E+03  0.154E-43  0.157E+11  0.147E-02  0.133E-02  0.121E-02  0.369E-08     64.
 79  29  0.000E+00  0.000E+00 -0.999E+03  0.154E-43  0.142E+11  0.205E-03  0.191E-03  0.123E-02  0.215E-09     32.
 79  30  0.000E+00  0.000E+00 -0.999E+03  0.154E-43  0.133E+11  0.334E-04  0.301E-04  0.128E-02  0.142E-10     32.
 79  31  0.000E+00  0.000E+00 -0.999E+03  0.154E-43  0.129E+11  0.640E-05  0.573E-05  0.134E-02  0.122E-11     16.
 79  32  0.000E+00  0.000E+00 -0.999E+03  0.154E-43  0.138E+11  0.206E-05  0.186E-05  0.140E-02  0.221E-12      8.
 79  33  0.000E+00  0.000E+00 -0.999E+03  0.154E-43  0.165E+11  0.208E-05  0.104E-05  0.145E-02  0.866E-13      8.
 79  34  0.000E+00  0.000E+00 -0.999E+03  0.154E-43  0.201E+11  0.448E-05  0.670E-06  0.150E-02  0.407E-13      4.
 79  35  0.000E+00  0.000E+00 -0.999E+03  0.154E-43  0.235E+11  0.259E-04  0.336E-06  0.154E-02  0.136E-13      4.
 79  36  0.000E+00  0.000E+00 -0.999E+03  0.154E-43  0.265E+11  0.132E-03  0.139E-06  0.158E-02  0.345E-14      4.
 79  37  0.000E+00  0.000E+00 -0.999E+03  0.154E-43  0.306E+11  0.855E-04  0.659E-07  0.161E-02  0.106E-14      2.
 79  38  0.000E+00  0.000E+00 -0.999E+03  0.154E-43  0.378E+11  0.377E-03  0.444E-07  0.163E-02  0.534E-15      2.
 79  39  0.000E+00  0.000E+00 -0.999E+03  0.154E-43  0.498E+11  0.869E-03  0.425E-07  0.165E-02  0.438E-15      2.
 79  40  0.000E+00  0.000E+00 -0.999E+03  0.154E-43  0.687E+11  0.657E-03  0.524E-07  0.167E-02  0.511E-15      1.
 79  41  0.000E+00  0.000E+00 -0.999E+03  0.154E-43  0.967E+11  0.864E-03  0.719E-07  0.169E-02  0.693E-15      1.
 79  42  0.000E+00  0.000E+00 -0.999E+03  0.154E-43  0.135E+12  0.515E-02  0.939E-07  0.170E-02  0.876E-15      2.
 79  43  0.000E+00  0.000E+00 -0.999E+03  0.154E-43  0.184E+12  0.773E-02  0.109E-06  0.171E-02  0.940E-15      2.
 79  44  0.000E+00  0.000E+00 -0.999E+03  0.154E-43  0.248E+12  0.121E-01  0.117E-06  0.172E-02  0.910E-15      2.
 79  45  0.000E+00  0.000E+00 -0.999E+03  0.154E-43  0.330E+12  0.114E-01  0.120E-06  0.172E-02  0.815E-15      1.
 79  46  0.000E+00  0.000E+00 -0.999E+03  0.154E-43  0.432E+12  0.179E-01  0.112E-06  0.173E-02  0.646E-15      1.
 79  47  0.000E+00  0.000E+00 -0.999E+03  0.154E-43  0.558E+12  0.201E-01  0.963E-07  0.173E-02  0.457E-15      1.
 79  48  0.000E+00  0.000E+00 -0.999E+03  0.154E-43  0.716E+12  0.205E-01  0.805E-07  0.174E-02  0.310E-15      1.
 79  49  0.000E+00  0.000E+00 -0.999E+03  0.154E-43  0.925E+12  0.203E-01  0.696E-07  0.174E-02  0.221E-15      1.
 79  50  0.000E+00  0.000E+00 -0.999E+03  0.154E-43  0.121E+13  0.200E-01  0.651E-07  0.175E-02  0.176E-15      1.
 79  51  0.000E+00  0.000E+00 -0.999E+03  0.154E-43  0.160E+13  0.197E-01  0.639E-07  0.175E-02  0.149E-15      1.
 79  52  0.000E+00  0.000E+00 -0.999E+03  0.154E-43  0.210E+13  0.194E-01  0.596E-07  0.175E-02  0.118E-15      1.
 79  53  0.000E+00  0.000E+00 -0.999E+03  0.154E-43  0.267E+13  0.192E-01  0.474E-07  0.175E-02  0.747E-16      1.
 79  54  0.000E+00  0.000E+00 -0.999E+03  0.154E-43  0.330E+13  0.191E-01  0.323E-07  0.175E-02  0.381E-16      1.
 79  55  0.000E+00  0.000E+00 -0.999E+03  0.154E-43  0.408E+13  0.189E-01  0.222E-07  0.176E-02  0.197E-16      1.
 79  56  0.000E+00  0.000E+00 -0.999E+03  0.154E-43  0.517E+13  0.189E-01  0.175E-07  0.176E-02  0.123E-16      1.
 79  57  0.000E+00  0.000E+00 -0.999E+03  0.154E-43  0.688E+13  0.189E-01  0.179E-07  0.176E-02  0.111E-16      1.
 79  58  0.000E+00  0.000E+00 -0.999E+03  0.154E-43  0.929E+13  0.189E-01  0.196E-07  0.176E-02  0.110E-16      1.
 79  59  0.000E+00  0.000E+00 -0.999E+03  0.154E-43  0.135E+14  0.189E-01  0.314E-07  0.176E-02  0.185E-16      1.
 80   1  0.000E+00  0.000E+00 -0.999E+03  0.154E-43  0.178E+10  0.104E+00  0.155E+04  0.621E-01  0.430E+02      1.
 80   2  0.000E+00  0.000E+00 -0.999E+03  0.154E-43  0.220E+10  0.104E+00  0.177E+04  0.621E-01  0.452E+02      1.
 80   3  0.000E+00  0.000E+00 -0.999E+03  0.154E-43  0.333E+10  0.104E+00  0.279E+04  0.621E-01  0.743E+02      1.
 80   4  0.000E+00  0.000E+00 -0.999E+03  0.154E-43  0.466E+10  0.104E+00  0.387E+04  0.621E-01  0.102E+03      1.
 80   5  0.000E+00  0.000E+00 -0.999E+03  0.154E-43  0.614E+10  0.104E+00  0.489E+04  0.621E-01  0.123E+03      1.
 80   6  0.000E+00  0.000E+00 -0.999E+03  0.154E-43  0.786E+10  0.104E+00  0.586E+04  0.621E-01  0.139E+03      1.
 80   7  0.000E+00  0.000E+00 -0.999E+03  0.154E-43  0.985E+10  0.104E+00  0.677E+04  0.621E-01  0.148E+03      1.
 80   8  0.000E+00  0.000E+00 -0.999E+03  0.154E-43  0.121E+11  0.104E+00  0.754E+04  0.621E-01  0.150E+03      1.
 80   9  0.000E+00  0.000E+00 -0.999E+03  0.154E-43  0.149E+11  0.104E+00  0.835E+04  0.621E-01  0.150E+03      1.
 80  10  0.000E+00  0.000E+00 -0.999E+03  0.154E-43  0.188E+11  0.104E+00  0.964E+04  0.620E-01  0.160E+03      1.
 80  11  0.000E+00  0.000E+00 -0.999E+03  0.154E-43  0.244E+11  0.104E+00  0.116E+05  0.620E-01  0.181E+03      1.
 80  12  0.000E+00  0.000E+00 -0.999E+03  0.154E-43  0.308E+11  0.104E+00  0.132E+05  0.620E-01  0.189E+03      1.
 80  13  0.000E+00  0.000E+00 -0.999E+03  0.154E-43  0.363E+11  0.104E+00  0.132E+05  0.620E-01  0.165E+03      1.
 80  14  0.000E+00  0.000E+00 -0.999E+03  0.154E-43  0.407E+11  0.104E+00  0.117E+05  0.619E-01  0.121E+03      1.
 80  15  0.000E+00  0.000E+00 -0.999E+03  0.154E-43  0.449E+11  0.104E+00  0.985E+04  0.619E-01  0.831E+02      1.
 80  16  0.000E+00  0.000E+00 -0.999E+03  0.154E-43  0.479E+11  0.104E+00  0.746E+04  0.618E-01  0.492E+02      1.
 80  17  0.000E+00  0.000E+00 -0.999E+03  0.154E-43  0.471E+11  0.104E+00  0.448E+04  0.619E-01  0.211E+02      1.
 80  18  0.000E+00  0.000E+00 -0.999E+03  0.154E-43  0.442E+11  0.104E+00  0.223E+04  0.620E-01  0.696E+01      1.
 80  19  0.000E+00  0.000E+00 -0.999E+03  0.154E-43  0.417E+11  0.104E+00  0.104E+04  0.623E-01  0.208E+01      1.
 80  20  0.000E+00  0.000E+00 -0.999E+03  0.154E-43  0.398E+11  0.104E+00  0.455E+03  0.572E-01  0.574E+00      1.
 80  21  0.000E+00  0.000E+00 -0.999E+03  0.154E-43  0.381E+11  0.104E+00  0.184E+03  0.374E-01  0.142E+00      1.
 80  22  0.000E+00  0.000E+00 -0.999E+03  0.154E-43  0.369E+11  0.104E+00  0.706E+02  0.188E-01  0.325E-01      1.
 80  23  0.000E+00  0.000E+00 -0.999E+03  0.154E-43  0.347E+11  0.103E+00  0.219E+02  0.859E-02  0.556E-02      1.
 80  24  0.000E+00  0.000E+00 -0.999E+03  0.154E-43  0.310E+11  0.102E+00  0.501E+01  0.408E-02  0.617E-03      1.
 80  25  0.000E+00  0.000E+00 -0.999E+03  0.154E-43  0.270E+11  0.101E+00  0.896E+00  0.226E-02  0.489E-04      1.
 80  26  0.000E+00  0.000E+00 -0.999E+03  0.154E-43  0.225E+11  0.100E+00  0.116E+00  0.156E-02  0.246E-05      1.
 80  27  0.000E+00  0.000E+00 -0.999E+03  0.154E-43  0.184E+11  0.124E-01  0.118E-01  0.129E-02  0.888E-07     64.
 80  28  0.000E+00  0.000E+00 -0.999E+03  0.154E-43  0.157E+11  0.147E-02  0.133E-02  0.121E-02  0.369E-08     64.
 80  29  0.000E+00  0.000E+00 -0.999E+03  0.154E-43  0.142E+11  0.205E-03  0.191E-03  0.123E-02  0.215E-09     32.
 80  30  0.000E+00  0.000E+00 -0.999E+03  0.154E-43  0.133E+11  0.334E-04  0.301E-04  0.128E-02  0.142E-10     32.
 80  31  0.000E+00  0.000E+00 -0.999E+03  0.154E-43  0.129E+11  0.640E-05  0.573E-05  0.134E-02  0.122E-11     16.
 80  32  0.000E+00  0.000E+00 -0.999E+03  0.154E-43  0.138E+11  0.206E-05  0.186E-05  0.140E-02  0.221E-12      8.
 80  33  0.000E+00  0.000E+00 -0.999E+03  0.154E-43  0.165E+11  0.208E-05  0.104E-05  0.145E-02  0.866E-13      8.
 80  34  0.000E+00  0.000E+00 -0.999E+03  0.154E-43  0.201E+11  0.448E-05  0.670E-06  0.150E-02  0.407E-13      4.
 80  35  0.000E+00  0.000E+00 -0.999E+03  0.154E-43  0.235E+11  0.259E-04  0.336E-06  0.154E-02  0.136E-13      4.
 80  36  0.000E+00  0.000E+00 -0.999E+03  0.154E-43  0.265E+11  0.132E-03  0.139E-06  0.158E-02  0.345E-14      4.
 80  37  0.000E+00  0.000E+00 -0.999E+03  0.154E-43  0.306E+11  0.855E-04  0.659E-07  0.161E-02  0.106E-14      2.
 80  38  0.000E+00  0.000E+00 -0.999E+03  0.154E-43  0.378E+11  0.377E-03  0.444E-07  0.163E-02  0.534E-15      2.
 80  39  0.000E+00  0.000E+00 -0.999E+03  0.154E-43  0.498E+11  0.869E-03  0.425E-07  0.165E-02  0.438E-15      2.
 80  40  0.000E+00  0.000E+00 -0.999E+03  0.154E-43  0.687E+11  0.657E-03  0.524E-07  0.167E-02  0.511E-15      1.
 80  41  0.000E+00  0.000E+00 -0.999E+03  0.154E-43  0.967E+11  0.864E-03  0.719E-07  0.169E-02  0.693E-15      1.
 80  42  0.000E+00  0.000E+00 -0.999E+03  0.154E-43  0.135E+12  0.515E-02  0.939E-07  0.170E-02  0.876E-15      2.
 80  43  0.000E+00  0.000E+00 -0.999E+03  0.154E-43  0.184E+12  0.773E-02  0.109E-06  0.171E-02  0.940E-15      2.
 80  44  0.000E+00  0.000E+00 -0.999E+03  0.154E-43  0.248E+12  0.121E-01  0.117E-06  0.172E-02  0.910E-15      2.
 80  45  0.000E+00  0.000E+00 -0.999E+03  0.154E-43  0.330E+12  0.114E-01  0.120E-06  0.172E-02  0.815E-15      1.
 80  46  0.000E+00  0.000E+00 -0.999E+03  0.154E-43  0.432E+12  0.179E-01  0.112E-06  0.173E-02  0.646E-15      1.
 80  47  0.000E+00  0.000E+00 -0.999E+03  0.154E-43  0.558E+12  0.201E-01  0.963E-07  0.173E-02  0.457E-15      1.
 80  48  0.000E+00  0.000E+00 -0.999E+03  0.154E-43  0.716E+12  0.205E-01  0.805E-07  0.174E-02  0.310E-15      1.
 80  49  0.000E+00  0.000E+00 -0.999E+03  0.154E-43  0.925E+12  0.203E-01  0.696E-07  0.174E-02  0.221E-15      1.
 80  50  0.000E+00  0.000E+00 -0.999E+03  0.154E-43  0.121E+13  0.200E-01  0.651E-07  0.175E-02  0.176E-15      1.
 80  51  0.000E+00  0.000E+00 -0.999E+03  0.154E-43  0.160E+13  0.197E-01  0.639E-07  0.175E-02  0.149E-15      1.
 80  52  0.000E+00  0.000E+00 -0.999E+03  0.154E-43  0.210E+13  0.194E-01  0.596E-07  0.175E-02  0.118E-15      1.
 80  53  0.000E+00  0.000E+00 -0.999E+03  0.154E-43  0.267E+13  0.192E-01  0.474E-07  0.175E-02  0.747E-16      1.
 80  54  0.000E+00  0.000E+00 -0.999E+03  0.154E-43  0.330E+13  0.191E-01  0.323E-07  0.175E-02  0.381E-16      1.
 80  55  0.000E+00  0.000E+00 -0.999E+03  0.154E-43  0.408E+13  0.189E-01  0.222E-07  0.176E-02  0.197E-16      1.
 80  56  0.000E+00  0.000E+00 -0.999E+03  0.154E-43  0.517E+13  0.189E-01  0.175E-07  0.176E-02  0.123E-16      1.
 80  57  0.000E+00  0.000E+00 -0.999E+03  0.154E-43  0.688E+13  0.189E-01  0.179E-07  0.176E-02  0.111E-16      1.
 80  58  0.000E+00  0.000E+00 -0.999E+03  0.154E-43  0.929E+13  0.189E-01  0.196E-07  0.176E-02  0.110E-16      1.
 80  59  0.000E+00  0.000E+00 -0.999E+03  0.154E-43  0.135E+14  0.189E-01  0.314E-07  0.176E-02  0.185E-16      1.
