1.378581301213217102e+03	1.378577806640894323e+03	1.378574323922271333e+03	1.378570926748919192e+03	1.378567712394202317e+03	1.378564749651238799e+03	1.378562178486340599e+03	1.378559995929520937e+03	1.378558007039724316e+03	1.378555825116052119e+03	1.378553133906955736e+03	1.378550527727711597e+03	1.378548598754319528e+03	1.378547291336592025e+03	1.378545909402608231e+03	1.378538973883298240e+03	1.378522642533705948e+03	1.378500490813723445e+03	1.378484553187534402e+03	1.378475616752160249e+03	1.378472091427951909e+03	1.378469746308183403e+03	1.378465920985984212e+03	1.378461202346533582e+03	1.378456871593962660e+03	1.378453665960766557e+03	1.378451584106808923e+03	1.378450211498081899e+03	1.378449124818176642e+03	1.378448001198194333e+03	1.378446743708823760e+03	1.378445426430940188e+03	1.378444246276426384e+03	1.378443435587917065e+03	1.378443154021065766e+03	1.378443437331696032e+03	1.378444198824018713e+03	1.378445223831651674e+03	1.378446179158616815e+03	1.378446844968442747e+03	1.378447096035560207e+03	1.378446850207984880e+03	1.378446242339220362e+03	1.378446179933078156e+03	1.378447330147239882e+03	1.378449595755018436e+03	1.378452548588436457e+03	1.378451442858171504e+03	1.378444223540054736e+03	1.378433433255670934e+03	1.378427662692759441e+03	1.378425888151013169e+03	1.378426078249736292e+03	1.378424833603188063e+03	1.378420907447113223e+03	1.378415787073203091e+03	1.378410993104364024e+03	1.378407194707084273e+03	1.378404268989112097e+03	1.378401757797012579e+03	1.378399299750342152e+03	1.378396746360738462e+03	1.378394205066826316e+03	1.378391897215959943e+03	1.378389988660575909e+03	1.378388623522590478e+03	1.378387729253241105e+03	1.378387258774474503e+03	1.378387183051424017e+03	1.378387498709711053e+03	1.378388079952408589e+03	1.378388845162503003e+03	1.378389683470072214e+03	1.378390331405261804e+03	1.378390632234864825e+03	1.378391160256084277e+03	1.378392305474673321e+03	1.378394014199866433e+03	1.378396256111642288e+03	1.378395197300521431e+03	1.378389339736326065e+03	1.378380775660731160e+03	1.378376928342762312e+03	1.378376786037269085e+03	1.378378683535849632e+03	1.378379800124034091e+03	1.378379110033270308e+03	1.378377954425924145e+03	1.378377644059288286e+03	1.378378660787781428e+03	1.378380791520392677e+03	1.378383546697020392e+03	1.378386574916578411e+03	1.378389729584753468e+03	1.378393064324307488e+03	1.378396753300889486e+03	1.378400979940093293e+03	1.378405914949392127e+03	1.378411588354285414e+03	1.378418061334135928e+03	1.378425403211128014e+03	1.378433650062892411e+03	1.378442703296357195e+03	1.378452496663435795e+03	1.378462906330388250e+03	1.378473581132770050e+03	1.378484209680179902e+03	1.378495133628812710e+03	1.378506400557849702e+03	1.378517797873976406e+03	1.378529519245529173e+03	1.378538409461827996e+03	1.378543161902692418e+03	1.378544862409702773e+03	1.378550133183447088e+03	1.378558401067557952e+03	1.378568461131704680e+03	1.378577511880431530e+03	1.378583889620149876e+03	1.378588118715623750e+03	1.378590954651493576e+03	1.378592791874380055e+03	1.378593723392886204e+03	1.378593670317636679e+03	1.378592560541493640e+03	1.378590548018824393e+03	1.378587844826366791e+03	1.378584684975485288e+03
1.363025113734304796e+03	1.363034694186462957e+03	1.363043930239494784e+03	1.363052773429470562e+03	1.363061254854035724e+03	1.363069174027642703e+03	1.363076505347462444e+03	1.363083495554964884e+03	1.363090296906465483e+03	1.363096888876338198e+03	1.363103492112976255e+03	1.363111812792830960e+03	1.363122523160785022e+03	1.363135468302923755e+03	1.363151413596072871e+03	1.363160684427874457e+03	1.363157600387742605e+03	1.363140682042321941e+03	1.363129412973253693e+03	1.363125386944765069e+03	1.363130768284867827e+03	1.363140570849292317e+03	1.363148919525631300e+03	1.363154504674547752e+03	1.363157772356357782e+03	1.363159682002304180e+03	1.363161020622236492e+03	1.363162097152375736e+03	1.363163001456540087e+03	1.363164047572948220e+03	1.363165413425152792e+03	1.363167094308540072e+03	1.363168880591987090e+03	1.363170378422667909e+03	1.363171298957563977e+03	1.363171601809361619e+03	1.363171505907143001e+03	1.363171266288657307e+03	1.363171390419512591e+03	1.363172236451104254e+03	1.363173772920076999e+03	1.363175544720053495e+03	1.363177211622812138e+03	1.363180098758397889e+03	1.363184571348761892e+03	1.363190463721706692e+03	1.363198047596365086e+03	1.363195817241149143e+03	1.363177467160764081e+03	1.363145983473684737e+03	1.363126270583433779e+03	1.363120590354123578e+03	1.363129161262126672e+03	1.363143508882377319e+03	1.363155421607700646e+03	1.363163313825741625e+03	1.363168109028386880e+03	1.363171396444780612e+03	1.363174392029316778e+03	1.363177489905698621e+03	1.363180609356802961e+03	1.363183760190251178e+03	1.363186864902752859e+03	1.363189771249332125e+03	1.363192337672335270e+03	1.363194225990419454e+03	1.363195401183678769e+03	1.363195870922216955e+03	1.363195744242745150e+03	1.363194984608185450e+03	1.363193865958888409e+03	1.363192615497890529e+03	1.363191226183745357e+03	1.363189497610777607e+03	1.363187537397571305e+03	1.363186976897002751e+03	1.363188123385968765e+03	1.363190665677170955e+03	1.363194632788390209e+03	1.363189243783526081e+03	1.363169208848975359e+03	1.363138242463144024e+03	1.363118894822295260e+03	1.363112127393918854e+03	1.363117327611226074e+03	1.363126548830351567e+03	1.363132494818910345e+03	1.363134232780569391e+03	1.363132902872458544e+03	1.363129974828109653e+03	1.363126533830945846e+03	1.363122993009937318e+03	1.363119305489202588e+03	1.363115480394728593e+03	1.363111509804768048e+03	1.363107332211506673e+03	1.363102824470589894e+03	1.363097766850123662e+03	1.363092038338167640e+03	1.363085578696213815e+03	1.363078387786775693e+03	1.363070405734661335e+03	1.363061773838282534e+03	1.363052583077313102e+03	1.363042793201696441e+03	1.363032310672869016e+03	1.363021531562521432e+03	1.363012190162159641e+03	1.363004733908383969e+03	1.362999548613566276e+03	1.362997181413464205e+03	1.362987271493659136e+03	1.362965955396279014e+03	1.362937085325311728e+03	1.362920834636798190e+03	1.362916586603868836e+03	1.362923171047887536e+03	1.362933688779943168e+03	1.362942138321458970e+03	1.362948499214906406e+03	1.362954288448119769e+03	1.362960721293397000e+03	1.362968253803786183e+03	1.362976724509957648e+03	1.362985857145003592e+03	1.362995423708193812e+03	1.363005252599151390e+03	1.363015170105671132e+03
1.370622440991823169e+03	1.370621405818452558e+03	1.370621738238923399e+03	1.370623067335193127e+03	1.370625267892441570e+03	1.370628434033656958e+03	1.370631995875724897e+03	1.370635828787927039e+03	1.370639681984895105e+03	1.370642870392362056e+03	1.370645283151608510e+03	1.370649430025182482e+03	1.370657196729996031e+03	1.370670642482727999e+03	1.370694453138612744e+03	1.370716494572301826e+03	1.370732769213175743e+03	1.370732965081405382e+03	1.370731970311612258e+03	1.370728400588495788e+03	1.370727929181583931e+03	1.370729564616438893e+03	1.370731364236650506e+03	1.370734462665066303e+03	1.370739595914948040e+03	1.370746321925390703e+03	1.370753429114910432e+03	1.370759490669609932e+03	1.370763963309994779e+03	1.370767165871813177e+03	1.370769791100134171e+03	1.370772604814119177e+03	1.370776256778236984e+03	1.370780756205477701e+03	1.370785886486144136e+03	1.370791424799543620e+03	1.370797148300797289e+03	1.370802433022096011e+03	1.370806900332858731e+03	1.370810678143938730e+03	1.370813750954421494e+03	1.370816032817017003e+03	1.370818139828421863e+03	1.370823229154382943e+03	1.370832186531772322e+03	1.370845176587762580e+03	1.370865311365775597e+03	1.370879520280211182e+03	1.370882103299624987e+03	1.370863986682850282e+03	1.370843750226542397e+03	1.370822087150947709e+03	1.370807229621337228e+03	1.370799544552935913e+03	1.370796294577717163e+03	1.370797301512421200e+03	1.370802022039503299e+03	1.370808784718736661e+03	1.370815667762210978e+03	1.370821100381144788e+03	1.370824779707985499e+03	1.370827410424274149e+03	1.370830095296001218e+03	1.370833792833501320e+03	1.370838982618805858e+03	1.370845268091751450e+03	1.370852061303692153e+03	1.370858999570055857e+03	1.370866039533573257e+03	1.370872973912601083e+03	1.370879705534592631e+03	1.370886613292547281e+03	1.370893605261023367e+03	1.370900094204333527e+03	1.370906112416895439e+03	1.370914147574137360e+03	1.370924243411491943e+03	1.370936473145079844e+03	1.370954101004881522e+03	1.370965553569537406e+03	1.370966300025399960e+03	1.370949073697619042e+03	1.370931415954948534e+03	1.370913127305815578e+03	1.370901038487319511e+03	1.370895183264754451e+03	1.370892734769561912e+03	1.370893564804059451e+03	1.370897290853660706e+03	1.370902495815476868e+03	1.370907611139769415e+03	1.370911252300739761e+03	1.370912963522302107e+03	1.370913409865113863e+03	1.370913474868787944e+03	1.370913906262724367e+03	1.370915115269757734e+03	1.370916768706336370e+03	1.370918503344650389e+03	1.370920122547797064e+03	1.370921689970055922e+03	1.370922945380196097e+03	1.370924068346233753e+03	1.370925420960578322e+03	1.370926826900451488e+03	1.370927790167890180e+03	1.370928337396535881e+03	1.370930511643175578e+03	1.370932786308330378e+03	1.370933763863999729e+03	1.370935056199170049e+03	1.370923867424751052e+03	1.370896957071217912e+03	1.370853242407248672e+03	1.370815074481619831e+03	1.370781105465481687e+03	1.370754382206882610e+03	1.370732223058193085e+03	1.370711020926717538e+03	1.370692256916776842e+03	1.370677699010830793e+03	1.370667140265337139e+03	1.370659151919703618e+03	1.370652060987747973e+03	1.370644922325368043e+03	1.370637589219937809e+03	1.370630835978105551e+03	1.370625636859977021e+03
1.369605914025120455e+03	1.369582300754603693e+03	1.369559261940633860e+03	1.369537282358371613e+03	1.369516564977239796e+03	1.369497799817927898e+03	1.369481442679958491e+03	1.369466882086638179e+03	1.369453797297766869e+03	1.369441958638808046e+03	1.369431524446741605e+03	1.369425558628969611e+03	1.369424151244752693e+03	1.369424043397244986e+03	1.369425582610119818e+03	1.369405017188885722e+03	1.369356443890870651e+03	1.369285311050126893e+03	1.369236784417468471e+03	1.369219938420012113e+03	1.369237082285449333e+03	1.369263245662372356e+03	1.369274343616110400e+03	1.369269171460759935e+03	1.369256609561166897e+03	1.369246294003086859e+03	1.369242948717757599e+03	1.369245978777548999e+03	1.369251970513786546e+03	1.369256548235218361e+03	1.369258274132803990e+03	1.369258001665271422e+03	1.369257432294920363e+03	1.369258297131353402e+03	1.369260402288941805e+03	1.369263062478773008e+03	1.369265831927044474e+03	1.369269412033731896e+03	1.369273309657511618e+03	1.369277839843891343e+03	1.369283248848693347e+03	1.369288479427613083e+03	1.369292839634835900e+03	1.369299632770721928e+03	1.369312036030748914e+03	1.369332455463850692e+03	1.369367028471207732e+03	1.369396985892764405e+03	1.369415094270523696e+03	1.369408839210995211e+03	1.369402359324995814e+03	1.369398204148626291e+03	1.369403762356297875e+03	1.369407711890680957e+03	1.369398236597005507e+03	1.369378005162240697e+03	1.369354536445664735e+03	1.369334707812443185e+03	1.369321873060272765e+03	1.369315787678830475e+03	1.369313901805548994e+03	1.369312477909511244e+03	1.369309870812739518e+03	1.369306199512778221e+03	1.369302191128988852e+03	1.369299602646147832e+03	1.369298383652416533e+03	1.369298402255652945e+03	1.369299389892478302e+03	1.369302025799628609e+03	1.369305288547901000e+03	1.369308949722222678e+03	1.369313436218939842e+03	1.369318358625021574e+03	1.369323808013818962e+03	1.369332884415872741e+03	1.369347265103740710e+03	1.369367671156761844e+03	1.369398863110812727e+03	1.369424705544079188e+03	1.369441649306935687e+03	1.369440396992180467e+03	1.369441951150246268e+03	1.369446307327634258e+03	1.369458124343209874e+03	1.369467862280962436e+03	1.369466087876973688e+03	1.369455765709965817e+03	1.369443771818492678e+03	1.369435897770209522e+03	1.369434567840639829e+03	1.369439182278551016e+03	1.369447796721804025e+03	1.369457357130065247e+03	1.369466331659906473e+03	1.369474599362953086e+03	1.369482950722574969e+03	1.369492208045322059e+03	1.369502707401528369e+03	1.369514346624091104e+03	1.369527019735636259e+03	1.369540727152561431e+03	1.369554517286906048e+03	1.369568701735096965e+03	1.369583611036011916e+03	1.369598746284664003e+03	1.369614458159155220e+03	1.369634867531717646e+03	1.369661726877898445e+03	1.369696098639597949e+03	1.369742483753695751e+03	1.369785168572292378e+03	1.369816354585644149e+03	1.369822095870577868e+03	1.369823264352542537e+03	1.369822540314916296e+03	1.369827712190297234e+03	1.369831923111148626e+03	1.369825364289840309e+03	1.369808265059059977e+03	1.369784669303946430e+03	1.369759223688792645e+03	1.369735502811745391e+03	1.369714375159285510e+03	1.369694343395772648e+03	1.369674084531136032e+03	1.369652624071229639e+03	1.369629917389919228e+03
1.361730759686573947e+03	1.361740248716847191e+03	1.361745768898447295e+03	1.361747578107489062e+03	1.361745947676914966e+03	1.361738667104199521e+03	1.361728035144177056e+03	1.361715723219122538e+03	1.361700603986810165e+03	1.361682948158517775e+03	1.361666342889445787e+03	1.361661212988343323e+03	1.361674696643307016e+03	1.361707560708035544e+03	1.361756419440439913e+03	1.361778644620354498e+03	1.361747361987385602e+03	1.361642376981033976e+03	1.361513731540421986e+03	1.361388327974896811e+03	1.361308849661236309e+03	1.361280058652198477e+03	1.361275167332122692e+03	1.361272225473605431e+03	1.361261488790733893e+03	1.361243521455732207e+03	1.361224413791343068e+03	1.361209153316170386e+03	1.361197477931812500e+03	1.361186887582986401e+03	1.361175394808465171e+03	1.361162079398551214e+03	1.361146918607079442e+03	1.361132444798554388e+03	1.361120059583897273e+03	1.361110722450117464e+03	1.361104094825602260e+03	1.361099540236197754e+03	1.361095288950889426e+03	1.361089479399523043e+03	1.361081200218965478e+03	1.361070439394252389e+03	1.361058795785987058e+03	1.361052323125619296e+03	1.361057223141686791e+03	1.361079189548622253e+03	1.361124099825181020e+03	1.361155353915162323e+03	1.361145903889213969e+03	1.361067522959627468e+03	1.360972197564094813e+03	1.360895717111903650e+03	1.360886567484865736e+03	1.360940683418880781e+03	1.361012243271165971e+03	1.361066140269543439e+03	1.361088576612908582e+03	1.361085112327662046e+03	1.361070626704806955e+03	1.361057687399571250e+03	1.361050214883915714e+03	1.361046418436411841e+03	1.361042971876585398e+03	1.361037211474259948e+03	1.361028273485904947e+03	1.361017493525986993e+03	1.361006407376051129e+03	1.360995739024469913e+03	1.360985405279081988e+03	1.360975687987170431e+03	1.360966613781679371e+03	1.360956868350657714e+03	1.360945457758609336e+03	1.360932262476404503e+03	1.360918689336163425e+03	1.360910103925439671e+03	1.360912664372654035e+03	1.360931722166027157e+03	1.360969906155664376e+03	1.360991134173777482e+03	1.360970969303903075e+03	1.360888962399892080e+03	1.360799397886506085e+03	1.360735937381688927e+03	1.360736134836415658e+03	1.360789688501363798e+03	1.360852074630119887e+03	1.360893313400991246e+03	1.360904714608992890e+03	1.360894192818771899e+03	1.360876173859539449e+03	1.360862621629073374e+03	1.360857435240913901e+03	1.360857527602947584e+03	1.360859246286591542e+03	1.360859943850042100e+03	1.360858561876837712e+03	1.360856632748569155e+03	1.360855199136840383e+03	1.360854903270871091e+03	1.360855839768018996e+03	1.360859215560575649e+03	1.360863618892790782e+03	1.360868282537098821e+03	1.360873540701739785e+03	1.360878533399282787e+03	1.360882613284169565e+03	1.360888337460007051e+03	1.360901890616594756e+03	1.360934198007382292e+03	1.360998023765379003e+03	1.361071353724651544e+03	1.361133277120977255e+03	1.361144819614935841e+03	1.361134824731933350e+03	1.361127716471337862e+03	1.361164266270656299e+03	1.361250073522995308e+03	1.361355605753152304e+03	1.361452761335012383e+03	1.361526091961556176e+03	1.361574716371761042e+03	1.361606725286983419e+03	1.361630914063639466e+03	1.361652921023736781e+03	1.361675205941101012e+03	1.361696792982184434e+03	1.361715429612347634e+03
1.348639137888936148e+03	1.348721012362824240e+03	1.348805327726573523e+03	1.348891062742016629e+03	1.348977353779652731e+03	1.349056549825926595e+03	1.349126025129500249e+03	1.349191795200904380e+03	1.349254238556513201e+03	1.349309140406216102e+03	1.349351948868908494e+03	1.349383590600808930e+03	1.349400382824719827e+03	1.349420240631200841e+03	1.349486087987669180e+03	1.349599236444008966e+03	1.349756221136642125e+03	1.349880968568857497e+03	1.349940406375174462e+03	1.349902159441289541e+03	1.349808263914825602e+03	1.349712585835680102e+03	1.349649779666376617e+03	1.349619443478402900e+03	1.349606533952494829e+03	1.349597189016488528e+03	1.349586407722525109e+03	1.349571860107561861e+03	1.349553557452475161e+03	1.349540633385689489e+03	1.349533995821510871e+03	1.349531765683278309e+03	1.349530840401183696e+03	1.349526642308756436e+03	1.349517279419773331e+03	1.349502954909358550e+03	1.349485580101557389e+03	1.349462826338500690e+03	1.349441594215809118e+03	1.349426537741695029e+03	1.349415614784977606e+03	1.349405037529883430e+03	1.349392879422118313e+03	1.349381749246613026e+03	1.349370593850048863e+03	1.349369318450424998e+03	1.349397819749643531e+03	1.349427276298484685e+03	1.349440855766961704e+03	1.349380718448095195e+03	1.349257369978703537e+03	1.349072245802359475e+03	1.348894928450232783e+03	1.348786204811672633e+03	1.348757698587499817e+03	1.348784302600192404e+03	1.348835589413328535e+03	1.348888706161657865e+03	1.348933587243961028e+03	1.348966020557567845e+03	1.348987386912780721e+03	1.349005480656685222e+03	1.349022040069583454e+03	1.349036865725036705e+03	1.349050168208766536e+03	1.349059822802087410e+03	1.349067103913744177e+03	1.349072569365315303e+03	1.349077019232172233e+03	1.349075489258156267e+03	1.349071491752214797e+03	1.349069370654073055e+03	1.349067017289416981e+03	1.349061699654264885e+03	1.349052965104554005e+03	1.349045140982171915e+03	1.349038082685936843e+03	1.349043556045357491e+03	1.349078711234001275e+03	1.349112481697682597e+03	1.349123088224909907e+03	1.349056298866448515e+03	1.348931443951928941e+03	1.348759938941480186e+03	1.348606721837725672e+03	1.348522123805390947e+03	1.348508283269621188e+03	1.348537129078841417e+03	1.348579867885936892e+03	1.348616913957785528e+03	1.348641961686797003e+03	1.348654018216701616e+03	1.348654428379553565e+03	1.348650065764819374e+03	1.348643287836641775e+03	1.348635274666376517e+03	1.348625911600137897e+03	1.348616345889984814e+03	1.348606331302000171e+03	1.348596306147426731e+03	1.348586406261083084e+03	1.348574040854310397e+03	1.348560896839314410e+03	1.348547443452533116e+03	1.348531893673755121e+03	1.348512011560120072e+03	1.348486791489435745e+03	1.348457172999816294e+03	1.348424000612230202e+03	1.348403887670781160e+03	1.348421168028003649e+03	1.348453624108262147e+03	1.348483416077833226e+03	1.348444259994108734e+03	1.348338780786971938e+03	1.348170765689252676e+03	1.348006424631163554e+03	1.347910530480166926e+03	1.347897830841205632e+03	1.347946108187509708e+03	1.348026835453290914e+03	1.348115910957085816e+03	1.348199512643852131e+03	1.348273370797485768e+03	1.348342034758344198e+03	1.348411287601225695e+03	1.348483442100666480e+03	1.348558779607946690e+03
1.333411946767172367e+03	1.333403759461772779e+03	1.333409170994772012e+03	1.333429459159227463e+03	1.333465543407472978e+03	1.333511972348010659e+03	1.333564088086259289e+03	1.333627313458574463e+03	1.333707115222291350e+03	1.333801019943407027e+03	1.333901742038519842e+03	1.333998842139695626e+03	1.334060272343391034e+03	1.334073525346514089e+03	1.334091086964622718e+03	1.334163234395141444e+03	1.334367583044352159e+03	1.334660983276356774e+03	1.334977313613551814e+03	1.335219515561674598e+03	1.335362868197643138e+03	1.335415833846172518e+03	1.335422992579975698e+03	1.335416698272222220e+03	1.335412277528462710e+03	1.335415689654598737e+03	1.335426768882119404e+03	1.335436833621660753e+03	1.335444287456592519e+03	1.335466167952292608e+03	1.335501376486760364e+03	1.335546147972984500e+03	1.335599544763213089e+03	1.335654619399882677e+03	1.335710951730121906e+03	1.335765542782137800e+03	1.335814134462990751e+03	1.335836450905523634e+03	1.335837920717232919e+03	1.335831311423726220e+03	1.335822484954244374e+03	1.335814649885927338e+03	1.335809946592125925e+03	1.335808417334054411e+03	1.335787152756402520e+03	1.335748368129015262e+03	1.335735102589614826e+03	1.335759816728792430e+03	1.335867934402017454e+03	1.336006980222901802e+03	1.336123790218873182e+03	1.336125548758494915e+03	1.336004041804242206e+03	1.335806997284808858e+03	1.335613915206162346e+03	1.335469390456858946e+03	1.335385382548695134e+03	1.335349810722630082e+03	1.335339590875172235e+03	1.335329068657821153e+03	1.335309318330813767e+03	1.335294178592336266e+03	1.335285944284997640e+03	1.335286360897908708e+03	1.335296518737895894e+03	1.335314708666498518e+03	1.335339509989431008e+03	1.335369929735787991e+03	1.335405068248434418e+03	1.335430176767481498e+03	1.335447220904569349e+03	1.335468001182839771e+03	1.335495140439502393e+03	1.335525636730578299e+03	1.335556454856305663e+03	1.335586059221080632e+03	1.335592377460910029e+03	1.335577098646340573e+03	1.335579713974614378e+03	1.335613959106984566e+03	1.335717882759543500e+03	1.335835951001655758e+03	1.335918974253581837e+03	1.335890890840724978e+03	1.335756302230480742e+03	1.335570698625409477e+03	1.335408507950299963e+03	1.335303138122613291e+03	1.335256923157868641e+03	1.335252729355587689e+03	1.335267728237127358e+03	1.335276895554798557e+03	1.335269368823306650e+03	1.335258630116413769e+03	1.335247013787718515e+03	1.335236535822855330e+03	1.335228152408106553e+03	1.335221443058499062e+03	1.335215759618407446e+03	1.335210859181628621e+03	1.335206488430642821e+03	1.335189743806557090e+03	1.335167617437396302e+03	1.335150109488978160e+03	1.335136938195545326e+03	1.335126318382343470e+03	1.335118039065004723e+03	1.335112725119129664e+03	1.335092681334326244e+03	1.335060891011961758e+03	1.335044209618226432e+03	1.335034698812775332e+03	1.335055512171522423e+03	1.335060151157552355e+03	1.335023089698245258e+03	1.334883254781542291e+03	1.334649526509370617e+03	1.334376389920425936e+03	1.334127773284842533e+03	1.333933957869477581e+03	1.333802044044601644e+03	1.333719163211227624e+03	1.333663967401235823e+03	1.333614776699934282e+03	1.333562386881161274e+03	1.333513697695908832e+03	1.333470431619463852e+03	1.333436232850344140e+03
1.320086086595240431e+03	1.319870810007615091e+03	1.319659007046842135e+03	1.319457006373286049e+03	1.319268141205502616e+03	1.319083968433398240e+03	1.318912904356480794e+03	1.318761437186492458e+03	1.318635049805710878e+03	1.318536997836687078e+03	1.318469385955409962e+03	1.318432350023856543e+03	1.318400851516405055e+03	1.318347132401562703e+03	1.318287686551626393e+03	1.318226232804749543e+03	1.318243737824737309e+03	1.318352370965854789e+03	1.318547024721041453e+03	1.318749595320857679e+03	1.318932393126026000e+03	1.319066426060242975e+03	1.319150012639774559e+03	1.319197461590280000e+03	1.319224230088293098e+03	1.319242689926862568e+03	1.319258259970657264e+03	1.319267197743846282e+03	1.319273759649784779e+03	1.319299291304139160e+03	1.319346825856093574e+03	1.319416489780019219e+03	1.319508737409366859e+03	1.319614611156470801e+03	1.319727929697603486e+03	1.319842113230502036e+03	1.319952761574402984e+03	1.320037773065607553e+03	1.320100412936658358e+03	1.320156720480882086e+03	1.320209920072933073e+03	1.320257412297615701e+03	1.320295276648977051e+03	1.320324347777708226e+03	1.320317614707125358e+03	1.320266645972585366e+03	1.320216942114561334e+03	1.320202959987390386e+03	1.320307028991937386e+03	1.320518504966432829e+03	1.320806505892034011e+03	1.321071133158821340e+03	1.321258059366232828e+03	1.321333424618064328e+03	1.321321293206550308e+03	1.321257386942029825e+03	1.321172008535756504e+03	1.321084496482161967e+03	1.321000906793335616e+03	1.320911257684181692e+03	1.320810343375153707e+03	1.320718400402548923e+03	1.320635698167704049e+03	1.320563253989085752e+03	1.320500487827276629e+03	1.320453791113508260e+03	1.320421609455997441e+03	1.320405405854975697e+03	1.320404801891737407e+03	1.320402898697238470e+03	1.320399882570161935e+03	1.320405608506520366e+03	1.320425057611295415e+03	1.320456474485833496e+03	1.320495871961272996e+03	1.320540514124059882e+03	1.320560784606988136e+03	1.320544775307787404e+03	1.320530525847625086e+03	1.320547706770153127e+03	1.320670627911502834e+03	1.320881937742602531e+03	1.321146080599260586e+03	1.321369817895556707e+03	1.321504506369233695e+03	1.321531952495330643e+03	1.321490245853210126e+03	1.321420187673449391e+03	1.321351392097343705e+03	1.321299235483810662e+03	1.321262415143392900e+03	1.321225249056347820e+03	1.321180655656011140e+03	1.321145949486743575e+03	1.321120064918332446e+03	1.321102130021569337e+03	1.321092481721406330e+03	1.321090020210462399e+03	1.321094349769663950e+03	1.321105030908760227e+03	1.321121224648321004e+03	1.321122034135984904e+03	1.321111255086210804e+03	1.321105612061762713e+03	1.321109882930291860e+03	1.321122895375239523e+03	1.321144175019063141e+03	1.321176809231134484e+03	1.321192088961187210e+03	1.321178616744158944e+03	1.321165198843885491e+03	1.321166648773528777e+03	1.321247672242744102e+03	1.321401559256668861e+03	1.321612052970181594e+03	1.321796228433049464e+03	1.321900481399051841e+03	1.321895693410497188e+03	1.321809590884468435e+03	1.321676226468770437e+03	1.321526135237852941e+03	1.321378023563025408e+03	1.321235459748877702e+03	1.321081178621485606e+03	1.320900823972490798e+03	1.320711950942567910e+03	1.320512739267917141e+03	1.320304991571549635e+03
1.309226290687900018e+03	1.309114871509133081e+03	1.308961703031529851e+03	1.308768677941996884e+03	1.308537945559898162e+03	1.308250532466722234e+03	1.307925945786284501e+03	1.307588821928113703e+03	1.307248396447292635e+03	1.306909301290465010e+03	1.306579074301548872e+03	1.306272536687570664e+03	1.305975729617819525e+03	1.305684067181162845e+03	1.305424827954409920e+03	1.305167012854311906e+03	1.304935398951346997e+03	1.304723891979001110e+03	1.304579801601412782e+03	1.304457819774164363e+03	1.304363816737296929e+03	1.304288473180324445e+03	1.304219265181224728e+03	1.304147520550963691e+03	1.304067114435457597e+03	1.303973337284789295e+03	1.303862987525507833e+03	1.303733505337629140e+03	1.303594618927325882e+03	1.303469270567128206e+03	1.303365436770005317e+03	1.303289120959319007e+03	1.303241931663624200e+03	1.303227151436389704e+03	1.303239570188856305e+03	1.303280419473601341e+03	1.303349561586676373e+03	1.303432078647732851e+03	1.303515674957477586e+03	1.303599406860095087e+03	1.303681228295505207e+03	1.303756537337454574e+03	1.303820913883154390e+03	1.303877589088292098e+03	1.303901888518151509e+03	1.303872256819822496e+03	1.303815379981361957e+03	1.303741397796984756e+03	1.303724315955610336e+03	1.303790404355901501e+03	1.303970672269513898e+03	1.304212423140814280e+03	1.304490999268838095e+03	1.304758658828624675e+03	1.304985994296869194e+03	1.305164640827681978e+03	1.305293510790705568e+03	1.305375215523977658e+03	1.305411300056081018e+03	1.305395953949311206e+03	1.305328493900625972e+03	1.305232678103118133e+03	1.305117730974475762e+03	1.304993567732294878e+03	1.304865016836295581e+03	1.304744885518128285e+03	1.304633452579249706e+03	1.304534775489486947e+03	1.304451272568320064e+03	1.304374226964632271e+03	1.304307973027339358e+03	1.304259038042971952e+03	1.304230442793456859e+03	1.304220630711453396e+03	1.304224300828655942e+03	1.304238983518507666e+03	1.304241690089518215e+03	1.304211307355212512e+03	1.304167349140202532e+03	1.304119682105112588e+03	1.304135109962112210e+03	1.304232731462022457e+03	1.304429657171625195e+03	1.304670857107884558e+03	1.304926373465043525e+03	1.305150127085268878e+03	1.305319048486817792e+03	1.305432926031593070e+03	1.305500858045731320e+03	1.305535977992209610e+03	1.305548679218367852e+03	1.305542158560765074e+03	1.305522126217802906e+03	1.305507648061486634e+03	1.305501963842572877e+03	1.305506902030800120e+03	1.305523243820937296e+03	1.305552994738266534e+03	1.305593981148950888e+03	1.305645905770377340e+03	1.305707944612599931e+03	1.305766334399994776e+03	1.305815532393339936e+03	1.305864125245872401e+03	1.305919360151012597e+03	1.305980932118329292e+03	1.306045924835438655e+03	1.306116537616430378e+03	1.306169193040206210e+03	1.306180218665931534e+03	1.306167089229106750e+03	1.306151519941905008e+03	1.306211047417786176e+03	1.306375723348714018e+03	1.306666371885629360e+03	1.307034276620287756e+03	1.307437008695137820e+03	1.307816167337862453e+03	1.308150121706192294e+03	1.308433680968138106e+03	1.308671465789306467e+03	1.308875359493550377e+03	1.309051009124906386e+03	1.309184720943542970e+03	1.309263547907823067e+03	1.309310195413597739e+03	1.309321899370004303e+03	1.309295752365373801e+03
1.295221844874781937e+03	1.295530169001871855e+03	1.295804772423990471e+03	1.296043279247341161e+03	1.296246130720470546e+03	1.296391200076140649e+03	1.296477183415265927e+03	1.296516229955535437e+03	1.296512243631741740e+03	1.296460269263202008e+03	1.296360616902555648e+03	1.296227688087967636e+03	1.296051046117069745e+03	1.295825353056734457e+03	1.295576698000932765e+03	1.295273299890428007e+03	1.294944299958207921e+03	1.294576031141784824e+03	1.294232848279647897e+03	1.293884819382414662e+03	1.293553654725807064e+03	1.293245882822416206e+03	1.292952165305259996e+03	1.292662303457832195e+03	1.292372984812671575e+03	1.292081546165250302e+03	1.291780067536025399e+03	1.291461235236658467e+03	1.291133097058422663e+03	1.290811061510360105e+03	1.290497377081912873e+03	1.290197806864275208e+03	1.289914879054835183e+03	1.289671130089985581e+03	1.289469893900828993e+03	1.289314992585972277e+03	1.289197163864225558e+03	1.289098005679896914e+03	1.288997023103045194e+03	1.288898811819294679e+03	1.288820127788643958e+03	1.288775154876491797e+03	1.288775270932134390e+03	1.288826657470220880e+03	1.288914976946582556e+03	1.288984854857219034e+03	1.289008265164085060e+03	1.288941042708976738e+03	1.288830986947243673e+03	1.288704393935995995e+03	1.288638221630289536e+03	1.288616166379445758e+03	1.288667466443779176e+03	1.288781592871602470e+03	1.288920177358614637e+03	1.289062853994700617e+03	1.289194110323387804e+03	1.289303768213897229e+03	1.289385072416591811e+03	1.289435930577806630e+03	1.289460434933850138e+03	1.289467642236669917e+03	1.289456928856230206e+03	1.289424027153340376e+03	1.289361251823974271e+03	1.289271056762162516e+03	1.289161183892356576e+03	1.289041197492581887e+03	1.288919868297061157e+03	1.288799110601430584e+03	1.288682632763905758e+03	1.288574902167170876e+03	1.288481273859295470e+03	1.288404304728955140e+03	1.288346615085289613e+03	1.288312209572156462e+03	1.288287707919981585e+03	1.288243262878558653e+03	1.288173804845456061e+03	1.288051025048643623e+03	1.287917334277676218e+03	1.287795288400815934e+03	1.287737847641462167e+03	1.287721164831295482e+03	1.287756922924196260e+03	1.287825688926230896e+03	1.287895628640917266e+03	1.287954866812179489e+03	1.287996055070992952e+03	1.288014940864958589e+03	1.288011200400469761e+03	1.287988262411971164e+03	1.287952325807730176e+03	1.287911829584915267e+03	1.287872313325971845e+03	1.287839666350192601e+03	1.287816947414072956e+03	1.287811634098171226e+03	1.287822830280692870e+03	1.287852797408906554e+03	1.287902619999812487e+03	1.287974999676317111e+03	1.288064393216499866e+03	1.288166426415164779e+03	1.288286384404190585e+03	1.288429917082178235e+03	1.288599075929786977e+03	1.288793872913731320e+03	1.289005290448717005e+03	1.289204493818328956e+03	1.289379447847330539e+03	1.289509953347218470e+03	1.289637333455218595e+03	1.289783700588601278e+03	1.289994146581324003e+03	1.290257903209522283e+03	1.290583000317069718e+03	1.290950728717013362e+03	1.291340575261784124e+03	1.291743943099522767e+03	1.292152851534685851e+03	1.292563425725738853e+03	1.292972577011277735e+03	1.293374041140766849e+03	1.293760459025241289e+03	1.294142109551982685e+03	1.294516914393516572e+03	1.294877889354560466e+03
1.274679578143468234e+03	1.275271380588595775e+03	1.275883836143572807e+03	1.276508533281804375e+03	1.277133234165665272e+03	1.277736482077242272e+03	1.278302451624599598e+03	1.278825911485295364e+03	1.279311237780222655e+03	1.279763177306478383e+03	1.280180501455619378e+03	1.280566477245145734e+03	1.280914134576947617e+03	1.281210027085448473e+03	1.281457486242692994e+03	1.281605313045336288e+03	1.281673098566469434e+03	1.281654898784699526e+03	1.281616753316808627e+03	1.281527482215181863e+03	1.281416473919060536e+03	1.281309492862821344e+03	1.281219495268466062e+03	1.281152528074050224e+03	1.281107161412001460e+03	1.281065447710477429e+03	1.280996500312742910e+03	1.280874066218112148e+03	1.280696318532273381e+03	1.280478355615210376e+03	1.280226578852732700e+03	1.279945172628533328e+03	1.279628591936424982e+03	1.279277626924726974e+03	1.278893500908040778e+03	1.278492692660182911e+03	1.278105608550336001e+03	1.277771189303434767e+03	1.277518733098408347e+03	1.277329292322465335e+03	1.277156783916464747e+03	1.276956471374733155e+03	1.276726937240998950e+03	1.276515222351199554e+03	1.276355927479501133e+03	1.276248951827563815e+03	1.276197952053923473e+03	1.276133016288510134e+03	1.276055116043265571e+03	1.275925469807456011e+03	1.275777661186404202e+03	1.275577103408631501e+03	1.275389108339646555e+03	1.275250341130115885e+03	1.275151698646902560e+03	1.275096378771321497e+03	1.275093399841734026e+03	1.275142616295665903e+03	1.275223709711604897e+03	1.275309992297745339e+03	1.275378993344544597e+03	1.275410914970099157e+03	1.275399522833166429e+03	1.275347401731318996e+03	1.275262049325267526e+03	1.275157743268343438e+03	1.275048798044498426e+03	1.274939731241393929e+03	1.274826993762457278e+03	1.274702980946533444e+03	1.274557741115494082e+03	1.274395009520721942e+03	1.274228615958694718e+03	1.274069468375678753e+03	1.273929075412781685e+03	1.273824336256123388e+03	1.273761648175907339e+03	1.273726589847143259e+03	1.273713231965473142e+03	1.273655245786091427e+03	1.273541517834404203e+03	1.273353174835326172e+03	1.273140924670488857e+03	1.272890797634330966e+03	1.272652274435284880e+03	1.272446945697629417e+03	1.272263492977187070e+03	1.272099290213355289e+03	1.271944000582107719e+03	1.271783296700262781e+03	1.271607034720477259e+03	1.271415825111321737e+03	1.271215778029613375e+03	1.271004488116631592e+03	1.270784787437486102e+03	1.270559397255819931e+03	1.270327107846575473e+03	1.270089850639605174e+03	1.269848408879108774e+03	1.269607721381258898e+03	1.269374946361196180e+03	1.269165183739076383e+03	1.268983161148924182e+03	1.268823093839150943e+03	1.268684617599380545e+03	1.268571493958672818e+03	1.268492466147703681e+03	1.268459423297982084e+03	1.268487307009089818e+03	1.268574075447811310e+03	1.268718290246336437e+03	1.268871360014006768e+03	1.269029664686328942e+03	1.269179157113398560e+03	1.269346934469817370e+03	1.269515023291276293e+03	1.269716247023895903e+03	1.269963038437984778e+03	1.270240625116186038e+03	1.270550044736871769e+03	1.270889574636473753e+03	1.271254074296932458e+03	1.271644752313712161e+03	1.272070128004033677e+03	1.272534265145879544e+03	1.273030363647771992e+03	1.273555161238807614e+03	1.274102713537439740e+03
1.247520437326493266e+03	1.248237676249158540e+03	1.249021426062200135e+03	1.249855547042752278e+03	1.250720076607569581e+03	1.251604439160912534e+03	1.252487911598931987e+03	1.253346973945698664e+03	1.254168815987710786e+03	1.254959298397178827e+03	1.255724904934421147e+03	1.256477756037210156e+03	1.257227938207677198e+03	1.257970280158433525e+03	1.258719233648324462e+03	1.259435499411819364e+03	1.260116707279617913e+03	1.260740197261584854e+03	1.261360732828605251e+03	1.261936745926263711e+03	1.262490375066307934e+03	1.263040680469237032e+03	1.263586321608161143e+03	1.264117802808191300e+03	1.264620048238371510e+03	1.265078471619151969e+03	1.265485883606489551e+03	1.265840749814783976e+03	1.266134039202182066e+03	1.266359419780377721e+03	1.266509619320810998e+03	1.266595377904474390e+03	1.266647790279597302e+03	1.266695163322307053e+03	1.266721211794116471e+03	1.266662519889835266e+03	1.266441145160661335e+03	1.266015240480375496e+03	1.265450292679580798e+03	1.264885274496378315e+03	1.264466920886052549e+03	1.264253807134852195e+03	1.264157221945786887e+03	1.264029914545839347e+03	1.263771846482738738e+03	1.263407351012080198e+03	1.263088171669693111e+03	1.262870033774117019e+03	1.262794489786804888e+03	1.262787973122391577e+03	1.262833907313679219e+03	1.262844984262518665e+03	1.262835313229951453e+03	1.262796805007719740e+03	1.262687745364525881e+03	1.262508935034599517e+03	1.262293742459713030e+03	1.262072192421022010e+03	1.261854307655263938e+03	1.261650973513224017e+03	1.261479140956969786e+03	1.261355327124022097e+03	1.261295430115915224e+03	1.261299236641163816e+03	1.261341590043868564e+03	1.261374116339120064e+03	1.261361422765048701e+03	1.261289061348381438e+03	1.261159678340946812e+03	1.260984115559140719e+03	1.260774805082364082e+03	1.260548142384008770e+03	1.260322889829803216e+03	1.260116857930030164e+03	1.259935234695647523e+03	1.259782506096129282e+03	1.259656548984864685e+03	1.259550274084783950e+03	1.259488669847804204e+03	1.259436138372052028e+03	1.259384776576600416e+03	1.259291726245370683e+03	1.259185539391948168e+03	1.259028888899416415e+03	1.258849725198601391e+03	1.258655546775610219e+03	1.258432904106771730e+03	1.258188290406063061e+03	1.257927163159160727e+03	1.257652334099372183e+03	1.257370946521106816e+03	1.257094703267971909e+03	1.256826519926966284e+03	1.256548015095677329e+03	1.256243348737601082e+03	1.255900232121779709e+03	1.255511001823825836e+03	1.255077478025453274e+03	1.254606635071079836e+03	1.254100088763321537e+03	1.253556414802635800e+03	1.252980906183377101e+03	1.252376007559254049e+03	1.251742753102554161e+03	1.251083603466569002e+03	1.250404987251158218e+03	1.249713587093744536e+03	1.249022421289749673e+03	1.248349188225285616e+03	1.247705984835572053e+03	1.247125270791005278e+03	1.246593657703652298e+03	1.246116020586767718e+03	1.245677901530585359e+03	1.245306250110040310e+03	1.244978299155885907e+03	1.244726722881570140e+03	1.244565683707764947e+03	1.244477247183574946e+03	1.244461264471809955e+03	1.244515363007832093e+03	1.244634178046541365e+03	1.244817171852138927e+03	1.245075149259504997e+03	1.245418150253439762e+03	1.245831646542974340e+03	1.246317540353049480e+03	1.246877850928280623e+03
1.218466632266014130e+03	1.218851329964027855e+03	1.219311865634255810e+03	1.219838064185577423e+03	1.220428503865157381e+03	1.221104215529722296e+03	1.221858309267924142e+03	1.222672334805209630e+03	1.223529097575788455e+03	1.224416401939633033e+03	1.225320672773005754e+03	1.226234353322447305e+03	1.227161679883064608e+03	1.228094628204692526e+03	1.229063883276331126e+03	1.230051303677096485e+03	1.231073031673891364e+03	1.232099522000630259e+03	1.233184025393164120e+03	1.234291726102534085e+03	1.235440406826851813e+03	1.236615510098934465e+03	1.237766824072209147e+03	1.238865794099745926e+03	1.239900352582439382e+03	1.240873687030153178e+03	1.241802811856698554e+03	1.242701467101808475e+03	1.243553097412418538e+03	1.244327519439210846e+03	1.244996304429125530e+03	1.245537103880893028e+03	1.245941809139977522e+03	1.246266370712499793e+03	1.246612287457513048e+03	1.247055298206284988e+03	1.247585367319210036e+03	1.248078914846446423e+03	1.248371618448996287e+03	1.248369871289085722e+03	1.248101664521287603e+03	1.247697808158835414e+03	1.247279616659431213e+03	1.246937356401352190e+03	1.246753625742602480e+03	1.246761546212253052e+03	1.246956912038440805e+03	1.247170621485676747e+03	1.247248296719386872e+03	1.247096247230449990e+03	1.246853693114557700e+03	1.246570237324683603e+03	1.246311820575843285e+03	1.246080785468858949e+03	1.245856294836114557e+03	1.245663383817765407e+03	1.245535160311158961e+03	1.245482025163224080e+03	1.245504757020235957e+03	1.245577653462815988e+03	1.245667976091664514e+03	1.245740625918667547e+03	1.245767558922809712e+03	1.245729349854703969e+03	1.245615548214882438e+03	1.245414626182041729e+03	1.245147151924327773e+03	1.244846055326650912e+03	1.244551009248875289e+03	1.244293093455449025e+03	1.244085613233341974e+03	1.243917697305944785e+03	1.243771203741030604e+03	1.243631476214541181e+03	1.243483626112452612e+03	1.243322783199223750e+03	1.243144459264788566e+03	1.242944634585305494e+03	1.242755344252163468e+03	1.242566030083196438e+03	1.242401829950928686e+03	1.242226101159012387e+03	1.242068875720078950e+03	1.241892255846497847e+03	1.241709931104237057e+03	1.241523491082709143e+03	1.241330146278056418e+03	1.241147323844507810e+03	1.240984941440717648e+03	1.240836841346036636e+03	1.240695757279480404e+03	1.240554521766797734e+03	1.240406393238380133e+03	1.240239001348222246e+03	1.240046617607820281e+03	1.239823954588376637e+03	1.239559897451453708e+03	1.239244593721055026e+03	1.238875228096562978e+03	1.238446459377561951e+03	1.237947695303566661e+03	1.237369609763552035e+03	1.236699127166394192e+03	1.235931000721968758e+03	1.235071183884276479e+03	1.234133095644089735e+03	1.233124238208506995e+03	1.232053412609065163e+03	1.230934148074910127e+03	1.229772593420341991e+03	1.228602905435086996e+03	1.227433165761541659e+03	1.226290533907420922e+03	1.225166942849837142e+03	1.224097125277728310e+03	1.223075220775333946e+03	1.222133319303451117e+03	1.221280455186005383e+03	1.220508584459818394e+03	1.219827985183601186e+03	1.219243023357203128e+03	1.218753551475219410e+03	1.218368158089227109e+03	1.218100379472353779e+03	1.217957062691678402e+03	1.217921461094156712e+03	1.217994557696033780e+03	1.218176956124243588e+03
1.193904694508421926e+03	1.193778774222425909e+03	1.193702761859546627e+03	1.193687301939472491e+03	1.193746221478291318e+03	1.193909775028917920e+03	1.194181827668147434e+03	1.194558767012194949e+03	1.195039522950548871e+03	1.195622394744985741e+03	1.196293490585647305e+03	1.197038762304067404e+03	1.197853703506089460e+03	1.198715245723017688e+03	1.199642266736937700e+03	1.200605657307865840e+03	1.201625297623717870e+03	1.202653228615196667e+03	1.203724386617253913e+03	1.204798333028246589e+03	1.205898156717380971e+03	1.207015320076794524e+03	1.208118547100368460e+03	1.209217094173656278e+03	1.210327504222244897e+03	1.211459661696770354e+03	1.212621117327011689e+03	1.213804385810200984e+03	1.214995358461630076e+03	1.216179366459664379e+03	1.217342877497746031e+03	1.218431015541390934e+03	1.219311223905905308e+03	1.219856025943595796e+03	1.220089757134614501e+03	1.220180545442105085e+03	1.220399153428403224e+03	1.220993558205679392e+03	1.221998360482979933e+03	1.223130208340574427e+03	1.223968236306332301e+03	1.224295174328360872e+03	1.224259119592324168e+03	1.224195590220415170e+03	1.224329737282238511e+03	1.224681934782121516e+03	1.225145149358837898e+03	1.225498032143610544e+03	1.225646754256273653e+03	1.225604292205417096e+03	1.225525425617499423e+03	1.225398505393139885e+03	1.225208453496278253e+03	1.224954772574151775e+03	1.224666620161940045e+03	1.224394706254691755e+03	1.224159660854594676e+03	1.223944520744924603e+03	1.223735880399231064e+03	1.223515519059858434e+03	1.223253791295958308e+03	1.222929917242648116e+03	1.222552619166318891e+03	1.222160595513458929e+03	1.221816588257134754e+03	1.221576397266792128e+03	1.221460309149697423e+03	1.221452840618333539e+03	1.221507033248590687e+03	1.221570211642296726e+03	1.221590218523153453e+03	1.221529387146857971e+03	1.221371344370037377e+03	1.221125142393786973e+03	1.220811470216882299e+03	1.220466333380756168e+03	1.220126365535489413e+03	1.219807352711672365e+03	1.219527688952806784e+03	1.219251851111541555e+03	1.218988003984654370e+03	1.218686351814987120e+03	1.218365535009328141e+03	1.218004158941618471e+03	1.217641618113603272e+03	1.217314075684172167e+03	1.217032956841986334e+03	1.216804076344039913e+03	1.216613142637348574e+03	1.216436981195743556e+03	1.216259764193943283e+03	1.216075166805238723e+03	1.215887871987702511e+03	1.215710088184693632e+03	1.215558717032110508e+03	1.215442965737562645e+03	1.215347325872159217e+03	1.215223834660812827e+03	1.215038451852826711e+03	1.214777033463295538e+03	1.214439783374603394e+03	1.214033441710754232e+03	1.213550428914859822e+03	1.212981441201940470e+03	1.212324484409181423e+03	1.211586953011391415e+03	1.210774314519193013e+03	1.209890387580782772e+03	1.208946223619639113e+03	1.207946668168510996e+03	1.206913390007058297e+03	1.205846424677197774e+03	1.204776467302167021e+03	1.203703672032931991e+03	1.202648291419318866e+03	1.201608416611270513e+03	1.200611657162413849e+03	1.199664195164861439e+03	1.198761455013183422e+03	1.197920265664987710e+03	1.197148228765859130e+03	1.196447506066450842e+03	1.195829599453817082e+03	1.195314364568683231e+03	1.194902252479753543e+03	1.194567212479110140e+03	1.194295695039879774e+03	1.194076395768557859e+03
1.168884736321932905e+03	1.168949778974522587e+03	1.169039656956590079e+03	1.169179472439043593e+03	1.169379977454826076e+03	1.169651422118517303e+03	1.169972855888146569e+03	1.170316332698347196e+03	1.170672543804438646e+03	1.171053291282339615e+03	1.171473291778350358e+03	1.171954032065757019e+03	1.172516813321829432e+03	1.173140963066997301e+03	1.173833282299422990e+03	1.174558316695034137e+03	1.175343124957829559e+03	1.176134048786714629e+03	1.176932617061996552e+03	1.177676958079880478e+03	1.178396020438152391e+03	1.179119309322854633e+03	1.179861722443754161e+03	1.180661829959764418e+03	1.181539704673818733e+03	1.182495465896368842e+03	1.183526740983736090e+03	1.184625525777901203e+03	1.185787396460367290e+03	1.187009676112355010e+03	1.188305014533308849e+03	1.189672851011702051e+03	1.191034260616558186e+03	1.192158894945694556e+03	1.192795718260628746e+03	1.192782186814839633e+03	1.192193762367138334e+03	1.191436037154205223e+03	1.191038937313308452e+03	1.191247529237666640e+03	1.191863793801697739e+03	1.192551941580423318e+03	1.193167246538826021e+03	1.193729939473460036e+03	1.194204350219994012e+03	1.194442774831383758e+03	1.194343169848991693e+03	1.193962259304316376e+03	1.193627143635844732e+03	1.193581772381009159e+03	1.193875153746624392e+03	1.194304141678170026e+03	1.194708581540323848e+03	1.195025937393595996e+03	1.195236785558365000e+03	1.195309529284349537e+03	1.195179348861667677e+03	1.194787372155292815e+03	1.194118930052778069e+03	1.193243653976281848e+03	1.192265478708897263e+03	1.191305136529940683e+03	1.190478068849412921e+03	1.189872389341783219e+03	1.189526238327189731e+03	1.189405728208156233e+03	1.189421045619941424e+03	1.189461462336402292e+03	1.189424432563421760e+03	1.189251032834115904e+03	1.188930210660701050e+03	1.188497245347658463e+03	1.188000508098114778e+03	1.187488940001578385e+03	1.186986565442095525e+03	1.186500051651632475e+03	1.186030681196335536e+03	1.185567636140668128e+03	1.185118455963061706e+03	1.184657976217465148e+03	1.184212718888495601e+03	1.183781136361325707e+03	1.183394291727507607e+03	1.183021365736729877e+03	1.182652874476908437e+03	1.182274305421158260e+03	1.181863060323317541e+03	1.181396474282189956e+03	1.180859474952550045e+03	1.180264858188684002e+03	1.179650337238581415e+03	1.179044672988533421e+03	1.178472013900315233e+03	1.177937464888180784e+03	1.177443852239284524e+03	1.176999102523616784e+03	1.176615690447931229e+03	1.176268052168371241e+03	1.175928424894102818e+03	1.175581141431041488e+03	1.175228536158148700e+03	1.174888548330258345e+03	1.174564386322800601e+03	1.174253148939246330e+03	1.173939004943743839e+03	1.173616157871462065e+03	1.173282444314450458e+03	1.172930773193977075e+03	1.172560836089581926e+03	1.172174320291991990e+03	1.171782687536814592e+03	1.171379587778954829e+03	1.170985879527455381e+03	1.170608682790732701e+03	1.170256349424601467e+03	1.169918645321021359e+03	1.169612097044899656e+03	1.169338685122764218e+03	1.169092941668739059e+03	1.168887001962155864e+03	1.168724362030468455e+03	1.168605084965037804e+03	1.168535094792764539e+03	1.168523405449543588e+03	1.168572482079212477e+03	1.168651201848315395e+03	1.168739371710106298e+03	1.168818912838636834e+03
1.133794238035955914e+03	1.134581853545291551e+03	1.135365579023827650e+03	1.136162351821195443e+03	1.136975442468682559e+03	1.137803123937693499e+03	1.138611827517740949e+03	1.139368665582548147e+03	1.140058537761953630e+03	1.140692517416192459e+03	1.141291964159869394e+03	1.141884565859035092e+03	1.142498791486556684e+03	1.143121497823581194e+03	1.143756764726022539e+03	1.144375689999993938e+03	1.145020432003027963e+03	1.145661993658393840e+03	1.146297930892228351e+03	1.146868542520528081e+03	1.147403864052127574e+03	1.147956025804599449e+03	1.148563126127048690e+03	1.149261926144678000e+03	1.150049972031988318e+03	1.150894373933075940e+03	1.151776767654954028e+03	1.152695442804950517e+03	1.153649448924126773e+03	1.154637983335710487e+03	1.155682023881812711e+03	1.156828984977498521e+03	1.158147018249141183e+03	1.159561037011671033e+03	1.160802612481571941e+03	1.161459755633112991e+03	1.161173763882727826e+03	1.159985238670340550e+03	1.158408138799557264e+03	1.157048564660002967e+03	1.156165627405418036e+03	1.155702240260646022e+03	1.155528656420417747e+03	1.155533450394277224e+03	1.155557853463679066e+03	1.155362009426740315e+03	1.154785386694762110e+03	1.153908265336246131e+03	1.153090807223612046e+03	1.152552533093695047e+03	1.152292574188856179e+03	1.152127242239361522e+03	1.151965522020373783e+03	1.151821589930179471e+03	1.151752021186395723e+03	1.151740149151653441e+03	1.151701585103011439e+03	1.151556502469235738e+03	1.151254431597127677e+03	1.150803808685062222e+03	1.150268399739161168e+03	1.149722001968009863e+03	1.149233434709053654e+03	1.148849541427114218e+03	1.148572632287189208e+03	1.148336065449422676e+03	1.148050144101780461e+03	1.147624328895353301e+03	1.147013268558118853e+03	1.146236716475425737e+03	1.145361836747516463e+03	1.144470838899947012e+03	1.143622467019442865e+03	1.142832918036610408e+03	1.142075204553356571e+03	1.141298945888277103e+03	1.140462714641517778e+03	1.139546800904282918e+03	1.138577011341810021e+03	1.137567332369862015e+03	1.136567433938257182e+03	1.135626002764068971e+03	1.134795125125428058e+03	1.134046230423739189e+03	1.133334519821900813e+03	1.132612160437934563e+03	1.131842339906044799e+03	1.130998444570248012e+03	1.130072186796515552e+03	1.129081560949123741e+03	1.128078277920265691e+03	1.127087769799634316e+03	1.126123943503700048e+03	1.125175195372696635e+03	1.124231942191186590e+03	1.123301139919061370e+03	1.122427507408862994e+03	1.121655109164380974e+03	1.120992083451625376e+03	1.120437512400076230e+03	1.119992597018593642e+03	1.119669132097358670e+03	1.119467567934667386e+03	1.119381764832591671e+03	1.119382011838191829e+03	1.119456524484977990e+03	1.119600315298309397e+03	1.119802947881112914e+03	1.120063942995266189e+03	1.120385281363188369e+03	1.120765432641341249e+03	1.121192819038211837e+03	1.121675987413508210e+03	1.122211366402981866e+03	1.122798721804936577e+03	1.123424263385490121e+03	1.124091643216920147e+03	1.124792153336869433e+03	1.125516796018362584e+03	1.126268194139459865e+03	1.127043249312691387e+03	1.127835068024523025e+03	1.128657407773610657e+03	1.129507965148149196e+03	1.130386646613724679e+03	1.131269263635575498e+03	1.132140435111877650e+03	1.132984724824817931e+03
1.085536396280138888e+03	1.087054599845384018e+03	1.088558037731806508e+03	1.090054023582879154e+03	1.091540562087548096e+03	1.093012732112852973e+03	1.094441434174502774e+03	1.095796875044344233e+03	1.097054190265633679e+03	1.098219626700895560e+03	1.099305828638513049e+03	1.100327937967568005e+03	1.101307389712414988e+03	1.102236467367330988e+03	1.103118566399596148e+03	1.103925509637820824e+03	1.104695927266008312e+03	1.105421913813991750e+03	1.106106454861959946e+03	1.106705516809912297e+03	1.107240026418372281e+03	1.107756192037208621e+03	1.108294181686198499e+03	1.108886789030038472e+03	1.109528462963390211e+03	1.110184206590033227e+03	1.110845240394273333e+03	1.111525921121528199e+03	1.112237043443587709e+03	1.112982723304716046e+03	1.113781914789646635e+03	1.114679845687255920e+03	1.115808585203752273e+03	1.117259149283182069e+03	1.118883295633212128e+03	1.120197818523060732e+03	1.120565467208226892e+03	1.119674467506033807e+03	1.117856260099300471e+03	1.115830438906828022e+03	1.114143532032409894e+03	1.112965600367359229e+03	1.112229936538819402e+03	1.111757824178803730e+03	1.111293822116629372e+03	1.110557536853843203e+03	1.109453521112716317e+03	1.108131464109553235e+03	1.106883032078395900e+03	1.105822703618736796e+03	1.104917480255481678e+03	1.104023211976592847e+03	1.103060152298473440e+03	1.102033126022057786e+03	1.101029906152377407e+03	1.100097122058565674e+03	1.099223081993767664e+03	1.098391415650916770e+03	1.097614164516506662e+03	1.096902767021283125e+03	1.096284111795413764e+03	1.095761778625093029e+03	1.095332873280906824e+03	1.094984789453714939e+03	1.094687693705529455e+03	1.094389336067438308e+03	1.094018855466979403e+03	1.093519535128998996e+03	1.092868157394284935e+03	1.092094689783415561e+03	1.091241301297240170e+03	1.090349361575272724e+03	1.089433583185393672e+03	1.088481050798346587e+03	1.087459278108438866e+03	1.086327764159538219e+03	1.085072404081330887e+03	1.083710257948476965e+03	1.082281464205286738e+03	1.080812122949373816e+03	1.079338258891719761e+03	1.077896517710339140e+03	1.076520648942602747e+03	1.075200401191824767e+03	1.073924454301914011e+03	1.072670146214356919e+03	1.071421789062368134e+03	1.070173988885647304e+03	1.068923020691772308e+03	1.067660162470114528e+03	1.066427411855820992e+03	1.065234951165135044e+03	1.064079031029744783e+03	1.062938264812014495e+03	1.061797096351211167e+03	1.060656614327028365e+03	1.059563959446091303e+03	1.058597844209896266e+03	1.057784541958411410e+03	1.057140027876243039e+03	1.056669731059826972e+03	1.056386832899377850e+03	1.056287240092893171e+03	1.056350380492904151e+03	1.056539777308194061e+03	1.056850871646606265e+03	1.057279384864863459e+03	1.057813107274894719e+03	1.058455669700770386e+03	1.059208541117672894e+03	1.060064734476217836e+03	1.061011240537613958e+03	1.062053152754519488e+03	1.063182428649399753e+03	1.064394485178851482e+03	1.065681012850527168e+03	1.067036477493491475e+03	1.068445071044090582e+03	1.069893602814893939e+03	1.071380731427327191e+03	1.072898293602056128e+03	1.074431080076279613e+03	1.075994387797209583e+03	1.077592806997114621e+03	1.079208580006477860e+03	1.080821759627247729e+03	1.082420391444978122e+03	1.083994313463169192e+03
1.030863113682785752e+03	1.032970043752257425e+03	1.035054806254073128e+03	1.037119270045216126e+03	1.039156712018325607e+03	1.041160779389083700e+03	1.043111573157478233e+03	1.044976884310509831e+03	1.046728720403877560e+03	1.048374961392476962e+03	1.049923194581494954e+03	1.051380797090690066e+03	1.052760989524674869e+03	1.054056906689956350e+03	1.055277324666662480e+03	1.056387966339000286e+03	1.057415768507504708e+03	1.058367051727141643e+03	1.059248720876672905e+03	1.060021803468362805e+03	1.060698699302805608e+03	1.061320727284246459e+03	1.061928818715548005e+03	1.062552119479278190e+03	1.063183060620752258e+03	1.063785888706074729e+03	1.064348273822834472e+03	1.064891597356325065e+03	1.065439646597473711e+03	1.066003007127692399e+03	1.066604934210336978e+03	1.067284680029119954e+03	1.068186269150158296e+03	1.069525573272650036e+03	1.071328300023445991e+03	1.073117089372091186e+03	1.074024706923533358e+03	1.073432118644252569e+03	1.071506186744166826e+03	1.069047557087539644e+03	1.066826063244745683e+03	1.065162880804679389e+03	1.064018380208012786e+03	1.063191225019397280e+03	1.062402611478176823e+03	1.061319828563063538e+03	1.059804215114089857e+03	1.058002216189163391e+03	1.056186900051353859e+03	1.054483961410061966e+03	1.052929409487357589e+03	1.051475417619730706e+03	1.050070392902502817e+03	1.048649824742801229e+03	1.047203815275837997e+03	1.045733911889102046e+03	1.044234020509363290e+03	1.042708891682211288e+03	1.041220283836835961e+03	1.039802198261383410e+03	1.038499213414824908e+03	1.037318249546251309e+03	1.036252015381084448e+03	1.035279326044155596e+03	1.034359969408355482e+03	1.033478902274426673e+03	1.032594613781815269e+03	1.031688424042171846e+03	1.030752720993559706e+03	1.029815701747255389e+03	1.028871155875407567e+03	1.027921886900332538e+03	1.026952647515808621e+03	1.025939592458657216e+03	1.024858968033702240e+03	1.023681584309743812e+03	1.022413087690990892e+03	1.021079800868063330e+03	1.019694289146309984e+03	1.018261351385251828e+03	1.016798156714667584e+03	1.015316817581386090e+03	1.013832031275431405e+03	1.012357268262460138e+03	1.010907543954422522e+03	1.009467167748929910e+03	1.008020490465875355e+03	1.006579336024549775e+03	1.005146730394698125e+03	1.003704182249467522e+03	1.002290984057614196e+03	1.000944798592409370e+03	9.996536843496130587e+02	9.983908943533248248e+02	9.971417729869947379e+02	9.959028174929835586e+02	9.947239341543336195e+02	9.936973619043236567e+02	9.928572243317564698e+02	9.922246817818536329e+02	9.918039412336756868e+02	9.916105261067990568e+02	9.916346373632468385e+02	9.918294750635625405e+02	9.921528297413067321e+02	9.926090114422920578e+02	9.931947345764979218e+02	9.939011360856476358e+02	9.947403950282489404e+02	9.957152934474527228e+02	9.968223540626697741e+02	9.980469379804756045e+02	9.993917240418187475e+02	1.000851342561935780e+03	1.002422575578703004e+03	1.004102705585939475e+03	1.005879623652165719e+03	1.007733406411154647e+03	1.009649678728191475e+03	1.011627313665717566e+03	1.013656314526691176e+03	1.015719789461233859e+03	1.017825561050714668e+03	1.019989289237307730e+03	1.022181635071534970e+03	1.024377716588168823e+03	1.026563462515028959e+03	1.028727463541194538e+03
9.787429161838870186e+02	9.814768198497807816e+02	9.841897971759432266e+02	9.868792269638486232e+02	9.895323130825061071e+02	9.921396183399619986e+02	9.946746789236161703e+02	9.970880199508944770e+02	9.993550341098266472e+02	1.001486109498628025e+03	1.003488610853348860e+03	1.005367274565923935e+03	1.007133052617559088e+03	1.008775267297419305e+03	1.010308647172634210e+03	1.011687666880275742e+03	1.012923632272822033e+03	1.014035027165357405e+03	1.015036477883193356e+03	1.015887947084893881e+03	1.016599957537580394e+03	1.017215026869725762e+03	1.017780964925926128e+03	1.018326795267327498e+03	1.018840490037403924e+03	1.019282186560191008e+03	1.019630653255272136e+03	1.019907779706195356e+03	1.020146714234985780e+03	1.020367823077798448e+03	1.020605610909910069e+03	1.020899820150502592e+03	1.021373902874720443e+03	1.022330099870973527e+03	1.024018866710543307e+03	1.026060528525704967e+03	1.027340492889194820e+03	1.026871597212260440e+03	1.024643737957252142e+03	1.021530173012456999e+03	1.018518227671102522e+03	1.016104088130133277e+03	1.014301863584312173e+03	1.012907447759351612e+03	1.011642974522209215e+03	1.010179524045682001e+03	1.008319898163241191e+03	1.006113943252325953e+03	1.003772732885136975e+03	1.001438684843066085e+03	9.991930906488831852e+02	9.970632103299260507e+02	9.950546436762783742e+02	9.931224935629325046e+02	9.912260913268071363e+02	9.893327934990916219e+02	9.874258400029759741e+02	9.854957087699327758e+02	9.835796739943366447e+02	9.816950464534654657e+02	9.798921591324708515e+02	9.781653952872405853e+02	9.765166406206270722e+02	9.749407305894737874e+02	9.734110711636037649e+02	9.719406806698852961e+02	9.705036488940071422e+02	9.690965454600284374e+02	9.677185733391470421e+02	9.664038020298305582e+02	9.651284537094726375e+02	9.638726055108968467e+02	9.626175697982414476e+02	9.613454768567080464e+02	9.600418895859679651e+02	9.586883184174171220e+02	9.573035231121804145e+02	9.559086068711087592e+02	9.545022384986394854e+02	9.530764406261196200e+02	9.516396061969639959e+02	9.501881881103493015e+02	9.487214607990579225e+02	9.472638125914227203e+02	9.458296141761538820e+02	9.444019583545773457e+02	9.429490367490077460e+02	9.414823802633734431e+02	9.400028408034123686e+02	9.384969528764179358e+02	9.369880807527592879e+02	9.355390623860403139e+02	9.341433885575293061e+02	9.327720654391164317e+02	9.314188160758844788e+02	9.300790051943965864e+02	9.288236050660657384e+02	9.277803793192967987e+02	9.270013011703065331e+02	9.265037157220172048e+02	9.262884834947556101e+02	9.263706575484086443e+02	9.267352083985182389e+02	9.272937551984966831e+02	9.279913778839471661e+02	9.288260912382290826e+02	9.297926438808685816e+02	9.308857298156910929e+02	9.321268366323366763e+02	9.335189256451943720e+02	9.350598772386804285e+02	9.367302450687909641e+02	9.385282774487433244e+02	9.404496471270335860e+02	9.424918907598159876e+02	9.446574135368143743e+02	9.469304670585643180e+02	9.492886395397549677e+02	9.517186470074980207e+02	9.542219337386718507e+02	9.567891746750342463e+02	9.594069360177138606e+02	9.620755332358188525e+02	9.648177268543925038e+02	9.676048971269960930e+02	9.704049953034733562e+02	9.732023503147634074e+02	9.759837371063725868e+02
9.331659714263795422e+02	9.365831809293057404e+02	9.399717986303448924e+02	9.433277964771211828e+02	9.466333828849201382e+02	9.498785550941595375e+02	9.530188704988891004e+02	9.559869628903304601e+02	9.587675153957475231e+02	9.613701226845334986e+02	9.638012696664002306e+02	9.660621708203295839e+02	9.681635180703000287e+02	9.700841302710861100e+02	9.718419494494557966e+02	9.733790767073626284e+02	9.746833245128339058e+02	9.757836595493854475e+02	9.767043660467911650e+02	9.774083994614078392e+02	9.779094535881752108e+02	9.782480144161544331e+02	9.784750384910048524e+02	9.786214221558761892e+02	9.786741991485575909e+02	9.785979974933297854e+02	9.783707916777760829e+02	9.780209017325772720e+02	9.775980184771512995e+02	9.771431094689860402e+02	9.767097607244791106e+02	9.763439973039676261e+02	9.761339415017231431e+02	9.764385051071880071e+02	9.777170642156465874e+02	9.797537302379810171e+02	9.812969627357001627e+02	9.809939472970222596e+02	9.785437241258618997e+02	9.747838451354291465e+02	9.708603601232769051e+02	9.674631441815473636e+02	9.647053137781199439e+02	9.623999614449833189e+02	9.603158423571098865e+02	9.582137928263854292e+02	9.559041702499764597e+02	9.533190115818745198e+02	9.505189634113883130e+02	9.476057722520827156e+02	9.446653574216331890e+02	9.417755815137024911e+02	9.389998662938016878e+02	9.363659799029389887e+02	9.338572770121452322e+02	9.314559661388269660e+02	9.291443045928376705e+02	9.268901253817839461e+02	9.246792105239120474e+02	9.225339077244304917e+02	9.204883600931639194e+02	9.185054532579052875e+02	9.165862741420670545e+02	9.147327480092633323e+02	9.129263211313756301e+02	9.111710821350761762e+02	9.094333980258454631e+02	9.077008335668674590e+02	9.059680400677193575e+02	9.042703805724631820e+02	9.025953226615906715e+02	9.009088968173527974e+02	8.992010785140748794e+02	8.974758421209298831e+02	8.957369078045146580e+02	8.939837081270409271e+02	8.922492432729886787e+02	8.905499662948925561e+02	8.888844257748826294e+02	8.872450508222302687e+02	8.856382495917936239e+02	8.840569836490428770e+02	8.824899365357591705e+02	8.809538278138062424e+02	8.794536201024407092e+02	8.779719687359663567e+02	8.764760177996560060e+02	8.749731863160131979e+02	8.734609615806793954e+02	8.719331851873414507e+02	8.704034715522290071e+02	8.689229796382874156e+02	8.674971047223928053e+02	8.660943689998480295e+02	8.647114364735371055e+02	8.633423062614908758e+02	8.620833568413524972e+02	8.611020119691449963e+02	8.604783042727973452e+02	8.602358183596822983e+02	8.603793875121385781e+02	8.609290308287590960e+02	8.618652164420066129e+02	8.630626579245903258e+02	8.644510650832188503e+02	8.660034069942365704e+02	8.677035879890303249e+02	8.695398034071049551e+02	8.715319709846953629e+02	8.736828703008287675e+02	8.759932897834812593e+02	8.784359373087423819e+02	8.810005026616786381e+02	8.836845463408910746e+02	8.864820778481741854e+02	8.894009730209407962e+02	8.924290045039979304e+02	8.955447897273121498e+02	8.987365144666686092e+02	9.020058862066352958e+02	9.053416875735606482e+02	9.087294572407299711e+02	9.121588867239813680e+02	9.156518473191523526e+02	9.191843574934757726e+02	9.227157448449214598e+02	9.262298661404768154e+02	9.297148774031002176e+02
8.965205583512414478e+02	9.006445743572912761e+02	9.046566714140490149e+02	9.085579837061088710e+02	9.123327387219708271e+02	9.159706314761081103e+02	9.194122512251935859e+02	9.226029296104049990e+02	9.255453801806759202e+02	9.282535942844590409e+02	9.307384644406411098e+02	9.330040284924448315e+02	9.350564127501475014e+02	9.368622874503685125e+02	9.384474413466791702e+02	9.397549271471190195e+02	9.407498273679790373e+02	9.414715857527110074e+02	9.419581499960543169e+02	9.421785548776354062e+02	9.421562709823870136e+02	9.419337901508722553e+02	9.415612621781324378e+02	9.410684124660349426e+02	9.404400353168767879e+02	9.396458057690865644e+02	9.386672174693544548e+02	9.375367830940843987e+02	9.363259919727131546e+02	9.351026505015529438e+02	9.339381828138295987e+02	9.328777501379045134e+02	9.319778801213128645e+02	9.316271653190202642e+02	9.322948970432238411e+02	9.337619268248124627e+02	9.348595714936304830e+02	9.343043843531777384e+02	9.316538537730536973e+02	9.274989280738718662e+02	9.228391402610352543e+02	9.183892320201548500e+02	9.143934191108669438e+02	9.108087288305955553e+02	9.075556398623298264e+02	9.045360255798073013e+02	9.015946764741430570e+02	8.985850460264546200e+02	8.954255598420427305e+02	8.921202020716514198e+02	8.887329186136382759e+02	8.853773237665774332e+02	8.821533143907125805e+02	8.791158914190966698e+02	8.762508703560640697e+02	8.735490681511442972e+02	8.709900436138111672e+02	8.685356176439136107e+02	8.661571155099888983e+02	8.638853935332615492e+02	8.617268927435841306e+02	8.596230150708001929e+02	8.575592233508327809e+02	8.555221208756204305e+02	8.534768136711060151e+02	8.513942027821957481e+02	8.492340641550799774e+02	8.470049218196561469e+02	8.447416367541957243e+02	8.425054549688729821e+02	8.403075435777891471e+02	8.381168444655932035e+02	8.359351671783979327e+02	8.337866522503807118e+02	8.316882010402564447e+02	8.296467268720227821e+02	8.276956731499469697e+02	8.258398068285423506e+02	8.240659452876482192e+02	8.223578828720687852e+02	8.207117048699731185e+02	8.191119457333190894e+02	8.175398213277024979e+02	8.160040402981344414e+02	8.145038677248096519e+02	8.130237496333145373e+02	8.115352147371879710e+02	8.100481297696976526e+02	8.085622274228110200e+02	8.070755511413101431e+02	8.055994951324757949e+02	8.041779780272602238e+02	8.028152841301491662e+02	8.014795313403905084e+02	8.001662708682106313e+02	7.988687631097053554e+02	7.976882710549332387e+02	7.967991670560298871e+02	7.962952965592907049e+02	7.962134004915924379e+02	7.965722106922369221e+02	7.974111057766010617e+02	7.987308052325779499e+02	8.004215177653300088e+02	8.024158829354490763e+02	8.046664284250182391e+02	8.071354211443376698e+02	8.097929769426059465e+02	8.126458507720080888e+02	8.156922750312116932e+02	8.189347436810812724e+02	8.223417769089976446e+02	8.259042545474562758e+02	8.296301230035951448e+02	8.335088231609345257e+02	8.375540324684268398e+02	8.417602510979373847e+02	8.461068510985138573e+02	8.505759400717136032e+02	8.551556327135081119e+02	8.598178957749438496e+02	8.645301030724077691e+02	8.692583225851726638e+02	8.739980129294450535e+02	8.787156861663693235e+02	8.833501168786935978e+02	8.878723841026433092e+02	8.922641332257348949e+02
8.685786493015177712e+02	8.734283234961581002e+02	8.780154590530582936e+02	8.823491451850093199e+02	8.864194539625852940e+02	8.902084203699416776e+02	8.936554686722587348e+02	8.967391444829447664e+02	8.994808534721089472e+02	9.019086868782130750e+02	9.040454131927218668e+02	9.059065056701285812e+02	9.074934296949841155e+02	9.087673008354365720e+02	9.097665270300252587e+02	9.104565057688801062e+02	9.107868574223775795e+02	9.108019583527520808e+02	9.105583528537410984e+02	9.100308744204662617e+02	9.092529546897399086e+02	9.082758960879876895e+02	9.071509746161902967e+02	9.059013079731414564e+02	9.045093335259650758e+02	9.029466636288224208e+02	9.011960735039269821e+02	8.992760000401704019e+02	8.972658627184155193e+02	8.952447461495680727e+02	8.932839056662705843e+02	8.914185164372690906e+02	8.896963322790268194e+02	8.884765143463205277e+02	8.879931833669261323e+02	8.877989378143843169e+02	8.869075794490227054e+02	8.845668023670471030e+02	8.806825614359054271e+02	8.757160051191590355e+02	8.702993269091555248e+02	8.649048021619350948e+02	8.597776227584937487e+02	8.550146872760658425e+02	8.506667485778568789e+02	8.467314147681288432e+02	8.431352276006359716e+02	8.397762826917521579e+02	8.365623328776442804e+02	8.334065803673655637e+02	8.302747372367332446e+02	8.271993027849393911e+02	8.242193900819197552e+02	8.213532636362515404e+02	8.185799460340113001e+02	8.158956270165424485e+02	8.132853819211749169e+02	8.107294485265676940e+02	8.082048390047862085e+02	8.057345351278894441e+02	8.033105637696846770e+02	8.008790989104608116e+02	7.984385972121755231e+02	7.959911124848925965e+02	7.935275452389629436e+02	7.910310988457654275e+02	7.884941427316177851e+02	7.859334811626588362e+02	7.833816829111174229e+02	7.808974234470756528e+02	7.784955048083664906e+02	7.761496829818880769e+02	7.738632252479296767e+02	7.716600896356064823e+02	7.695530132205024074e+02	7.675435922551164367e+02	7.656566574498388036e+02	7.638888156864325083e+02	7.622194023876234041e+02	7.606253082178327531e+02	7.590962846706336222e+02	7.576138880344972222e+02	7.561582346921618409e+02	7.547364689988313557e+02	7.533478408872038017e+02	7.519779718226200202e+02	7.506004413028549607e+02	7.492242492802961351e+02	7.478492377627668475e+02	7.464736814460163714e+02	7.451082707425674698e+02	7.437935489385040455e+02	7.425333563775229777e+02	7.412979324454502148e+02	7.400830806435420754e+02	7.388828090210054143e+02	7.377915019573457585e+02	7.369719652159969883e+02	7.365137359787518108e+02	7.364585250314546556e+02	7.368383678666968990e+02	7.377166546843793640e+02	7.391312823504548533e+02	7.410201660796866463e+02	7.433394271585098068e+02	7.460423614213331120e+02	7.490820612933335951e+02	7.524232179284686026e+02	7.560656332921188323e+02	7.599975200999926983e+02	7.642251420602694907e+02	7.687245307383454929e+02	7.734962604963245667e+02	7.785591594013394570e+02	7.838898659931329576e+02	7.894941545325157222e+02	7.953527685755158245e+02	8.014264317779854991e+02	8.076762609976838121e+02	8.140636309270314541e+02	8.205367427773721829e+02	8.270379383067074741e+02	8.335084601678986473e+02	8.399013656674928825e+02	8.461572622076861308e+02	8.521938450153428448e+02	8.579599954562231687e+02	8.634244335389032585e+02
8.447323258531923784e+02	8.499283829036346560e+02	8.547563561753574959e+02	8.592256685236650355e+02	8.633258405643230162e+02	8.670241964384123321e+02	8.702709227961813667e+02	8.730667396257911150e+02	8.754419985236415869e+02	8.774349826358152313e+02	8.790765196754459794e+02	8.803898557142207437e+02	8.813727332244834543e+02	8.819863411694877868e+02	8.822753648643448514e+02	8.822326627204506622e+02	8.817974919631591320e+02	8.810012114273886255e+02	8.799110089757563173e+02	8.785046184765511725e+02	8.768156643898073526e+02	8.748995780157683839e+02	8.728130744702737047e+02	8.705812033588633767e+02	8.681956083546231184e+02	8.656330205813499106e+02	8.628771171300573997e+02	8.599341117626427149e+02	8.568798019190144259e+02	8.537906658038447176e+02	8.507213022704950163e+02	8.477049614187939142e+02	8.448118275431132815e+02	8.422787851845614568e+02	8.399899253761282125e+02	8.373099588755001150e+02	8.335468564759032688e+02	8.285797829383946009e+02	8.228068994939503682e+02	8.167487115746871496e+02	8.107591712314319921e+02	8.049990678414699232e+02	7.995553863060076765e+02	7.944858617629257651e+02	7.898442519476257075e+02	7.856511104207770586e+02	7.818975882756119518e+02	7.785503677927084709e+02	7.755547568071135629e+02	7.727965624245848630e+02	7.701651327015428024e+02	7.676015235524801028e+02	7.650785296431640745e+02	7.625799701311841545e+02	7.600740021502049331e+02	7.575580541848626126e+02	7.550260572881907137e+02	7.524792371223528562e+02	7.499008029916412852e+02	7.473253881680822133e+02	7.447607306930741515e+02	7.421703941316779947e+02	7.395639733971847818e+02	7.369579986219753209e+02	7.343761337696453211e+02	7.318336377252367129e+02	7.293536484963113935e+02	7.269328517542057853e+02	7.245582870710884436e+02	7.222579191793837481e+02	7.200359947252206894e+02	7.178661977475481990e+02	7.157512513675264927e+02	7.137133084047608236e+02	7.117641862360551386e+02	7.099054486567222284e+02	7.081601169009918522e+02	7.065250314179787665e+02	7.049810259747756618e+02	7.035066748809680348e+02	7.020924592596325056e+02	7.007213526100729268e+02	6.993750108096985514e+02	6.980600274059584081e+02	6.967756780590648304e+02	6.955086482937226720e+02	6.942344687895774769e+02	6.929614867895604675e+02	6.916896098608385728e+02	6.904172749472634223e+02	6.891543671476415511e+02	6.879383571453681725e+02	6.867727857812766388e+02	6.856301276727458571e+02	6.845065233577886374e+02	6.833964983803821269e+02	6.823872919776995332e+02	6.816298922593548468e+02	6.812082184612306719e+02	6.811656507638447238e+02	6.815432015875014713e+02	6.824233400076141152e+02	6.838770288146921530e+02	6.858922203640861426e+02	6.884678309175055801e+02	6.915859295336151717e+02	6.952191256034793696e+02	6.993511855642600494e+02	7.039837747487074466e+02	7.090923857898467304e+02	7.146873351854808334e+02	7.207497169106010233e+02	7.272665541543913150e+02	7.342373972573698211e+02	7.415865606064814983e+02	7.492687254851471153e+02	7.571966519191287261e+02	7.652682889792185961e+02	7.734002681661920633e+02	7.815191215527098620e+02	7.895586380961517534e+02	7.974553622792820988e+02	8.051583905140333854e+02	8.126238282433756694e+02	8.198031923718808684e+02	8.266385734592777226e+02	8.330867457282067789e+02	8.391206121164292426e+02
8.211891956240032187e+02	8.260377882565924210e+02	8.305190338744441760e+02	8.346309227690765056e+02	8.383506552751007348e+02	8.416271365626669194e+02	8.444181050256720482e+02	8.467285464499041154e+02	8.485875008137127224e+02	8.500330446644866242e+02	8.510952237140825218e+02	8.517970437814112756e+02	8.521323893513638268e+02	8.520656671767710577e+02	8.516417976751108654e+02	8.508700039614117259e+02	8.496863959667271047e+02	8.481027874529634119e+02	8.461870590812677619e+02	8.439171617561610219e+02	8.413222940242193317e+02	8.384585858178554645e+02	8.353982725646703784e+02	8.321868891437177354e+02	8.288237957804799407e+02	8.252726689303126477e+02	8.215038347569661710e+02	8.175140543879394954e+02	8.133649733375461892e+02	8.091216584315093314e+02	8.048061250885950813e+02	8.004449662794469305e+02	7.960820945961813777e+02	7.917849372767145724e+02	7.871693665095517645e+02	7.817413176193052777e+02	7.754993639052105436e+02	7.689000276743460063e+02	7.623411564931116118e+02	7.560785786657725112e+02	7.502025260271818752e+02	7.447080387150870138e+02	7.395933833976600908e+02	7.348645134163652983e+02	7.305497752701892296e+02	7.266619212389019822e+02	7.231881297378936324e+02	7.200959116914580136e+02	7.173373851751396160e+02	7.148125166186712249e+02	7.124234699076333754e+02	7.101124678697635773e+02	7.078432393701750698e+02	7.055870031555734840e+02	7.033022350002811436e+02	7.009792510842696629e+02	6.986110241889621193e+02	6.962022052961189047e+02	6.937454298513007416e+02	6.912910365498917145e+02	6.888666025771308341e+02	6.864458714774880264e+02	6.840276013006798621e+02	6.816160738994735766e+02	6.792280004117540102e+02	6.768763921580996339e+02	6.745826019614177085e+02	6.723435680489319566e+02	6.701473083499402037e+02	6.680196797007570240e+02	6.659646044825057061e+02	6.639577400436871812e+02	6.620015948529814978e+02	6.601166706190281275e+02	6.583139229486407658e+02	6.565948095779201594e+02	6.549805991919372445e+02	6.534683476201796566e+02	6.520403030486946818e+02	6.506766479092236750e+02	6.493685865862667015e+02	6.481003800673418027e+02	6.468550997224458570e+02	6.456388332033143342e+02	6.444509040876380368e+02	6.432789952264821522e+02	6.421004680267121785e+02	6.409230565426332760e+02	6.397466675392211073e+02	6.385698597555406195e+02	6.374017753974535481e+02	6.362770680728049228e+02	6.351990212361856720e+02	6.341421738641038246e+02	6.331029588253472866e+02	6.320763309893785618e+02	6.311429206075581533e+02	6.304427698013531653e+02	6.300553682439174281e+02	6.300307058567567537e+02	6.304282779085165203e+02	6.313626644134226353e+02	6.329569848436797201e+02	6.352684332719943541e+02	6.383451760602463310e+02	6.422115203698501773e+02	6.468775571861756362e+02	6.523522072894228359e+02	6.586302789936311228e+02	6.656521790416886688e+02	6.733848315804182221e+02	6.817563928739971288e+02	6.906675698446210845e+02	7.000433383501757589e+02	7.097247059717446973e+02	7.196096883846436185e+02	7.295339410935984006e+02	7.393285654593693152e+02	7.488740037444291602e+02	7.580741064956512218e+02	7.668664246973460195e+02	7.752139801464562652e+02	7.831104824043513872e+02	7.905601038521888313e+02	7.975641628639348255e+02	8.041268755956311907e+02	8.102475022255832755e+02	8.159310480651679427e+02
7.983009897696551889e+02	8.024033788762931181e+02	8.061603528600149957e+02	8.095647010638789425e+02	8.125876326002694441e+02	8.151723938767677282e+02	8.172888445990647597e+02	8.189462445978117557e+02	8.201730811877903307e+02	8.210055830846138178e+02	8.214697656901116716e+02	8.215841450463245792e+02	8.213414066012492185e+02	8.207104313675365574e+02	8.197343791698360747e+02	8.184278507486758372e+02	8.167300981968107862e+02	8.146371077165553061e+02	8.122111496344555235e+02	8.094253767775785491e+02	8.062983228613643405e+02	8.028697691453294283e+02	7.991914193175061882e+02	7.952788982648373803e+02	7.911023378146753657e+02	7.866073465949648380e+02	7.817651213224694402e+02	7.765775572026254849e+02	7.710898763326555354e+02	7.653323033392423440e+02	7.592614262709994364e+02	7.528978669325890678e+02	7.463124926888666550e+02	7.396343236473005618e+02	7.326257788545767653e+02	7.253772647482103366e+02	7.182172611828918889e+02	7.114394227881091410e+02	7.051415526581910171e+02	6.993047330285335192e+02	6.938660457476619285e+02	6.887840260320513153e+02	6.840534485799619233e+02	6.796796862226781286e+02	6.756889430832427479e+02	6.720930336934444540e+02	6.688800946933765772e+02	6.660200516377524309e+02	6.634686409625211354e+02	6.611333604344386004e+02	6.589237041374447017e+02	6.567862318365589545e+02	6.546873940166560715e+02	6.526005692848998478e+02	6.504873536812616521e+02	6.483387962821748260e+02	6.461483997678487867e+02	6.439204642567764267e+02	6.416481787705026818e+02	6.393781111532819068e+02	6.371357581035790645e+02	6.348968167405475924e+02	6.326601332068132706e+02	6.304296687427477082e+02	6.282208916840063466e+02	6.260458520085953751e+02	6.239242973530193694e+02	6.218533920162431059e+02	6.198220585414732113e+02	6.178542086230577297e+02	6.159534678462553074e+02	6.140973266049984431e+02	6.122880951362811857e+02	6.105447418998573994e+02	6.088774107885416242e+02	6.072874623982613684e+02	6.057945453561593467e+02	6.043959070056530436e+02	6.030751031767005088e+02	6.018138180374485273e+02	6.006039436500534521e+02	5.994309258833677632e+02	5.982791255220894300e+02	5.971541643128816759e+02	5.960554104264426769e+02	5.949714757862222996e+02	5.938814177020062743e+02	5.927923941226397346e+02	5.917043236039393150e+02	5.906158722172710895e+02	5.895354913332967044e+02	5.884952321352951685e+02	5.874981389574788864e+02	5.865206599449331861e+02	5.855594905551251941e+02	5.846099615715326081e+02	5.837466396045052761e+02	5.831012618884433323e+02	5.827623047735969521e+02	5.828116632455726176e+02	5.833662660142279037e+02	5.846086391243499065e+02	5.867446633387027077e+02	5.899433671608801433e+02	5.943224166846368917e+02	5.998944205792683988e+02	6.066168089867130675e+02	6.144365055473085704e+02	6.232683027757584568e+02	6.329732213666732150e+02	6.434313568139480140e+02	6.544699771895982394e+02	6.658288576364288929e+02	6.773168631412970626e+02	6.887084280602027775e+02	6.999018570757035604e+02	7.107508866833570664e+02	7.211348018321971267e+02	7.309927577543637653e+02	7.402687514281467429e+02	7.489331573159906839e+02	7.569824285695302706e+02	7.644410772383623680e+02	7.713341572094243475e+02	7.776842341535241303e+02	7.835292735158657251e+02	7.888943126609957517e+02	7.938075640206125172e+02
7.763922649466328494e+02	7.798390381588101263e+02	7.829349397073845012e+02	7.856764818451629253e+02	7.880394915178585507e+02	7.899760198217383049e+02	7.914730540002688031e+02	7.925492655779942197e+02	7.932367557449131255e+02	7.935706454562326826e+02	7.935713371246977204e+02	7.932482694156407206e+02	7.925905225119165607e+02	7.915663987741540950e+02	7.902100684151280348e+02	7.885350408312667696e+02	7.864814366280551212e+02	7.840263916857211370e+02	7.812211830037426807e+02	7.780283468927204922e+02	7.744509024050514654e+02	7.705053670555849976e+02	7.662038334532949193e+02	7.615075352861337024e+02	7.563345604337567920e+02	7.505944825809604026e+02	7.442513822559174059e+02	7.373142073191754662e+02	7.298353630715714644e+02	7.218586433097598274e+02	7.133837043311260686e+02	7.045009977958632135e+02	6.954283547353441008e+02	6.867008578526537121e+02	6.785307974481891051e+02	6.710858134833041504e+02	6.643038428834291835e+02	6.580170313052979054e+02	6.521903400682169831e+02	6.467909878494854183e+02	6.417603183399759246e+02	6.370598194914869055e+02	6.326844095599725506e+02	6.286391168458311540e+02	6.249481608879773376e+02	6.216222655510316599e+02	6.186504165474725596e+02	6.160050137485761752e+02	6.136451309588117056e+02	6.114851866005953980e+02	6.094414370198117012e+02	6.074644588544460930e+02	6.055232133881983145e+02	6.035930807507571672e+02	6.016385437624551287e+02	5.996513273119328460e+02	5.976254227049355450e+02	5.955648051969865264e+02	5.934631753647890946e+02	5.913636097756168510e+02	5.892896781095055303e+02	5.872188846035290908e+02	5.851501606243830338e+02	5.830871775412516627e+02	5.810442579655907593e+02	5.790325594699586418e+02	5.770703465482982892e+02	5.751549788277382049e+02	5.732762020033262615e+02	5.714561278144674361e+02	5.696981177315643663e+02	5.679813695502037945e+02	5.663080119159124024e+02	5.646956055372630772e+02	5.631535605284112762e+02	5.616831181506286157e+02	5.603024105633161298e+02	5.590088655639056014e+02	5.577872622691385232e+02	5.566206791742559972e+02	5.555016407824011822e+02	5.544166625921695868e+02	5.533512773842347769e+02	5.523106901764288068e+02	5.512943652424833090e+02	5.502917809640621272e+02	5.492835502304922102e+02	5.482762786234937948e+02	5.472698949836117208e+02	5.462631652199701193e+02	5.452639009175975389e+02	5.443017494401437943e+02	5.433795305187745726e+02	5.424754603361576528e+02	5.415865043409737609e+02	5.407084823075913391e+02	5.399133341743948904e+02	5.393447226287047442e+02	5.391440299165964234e+02	5.394946443157496105e+02	5.406400359219378515e+02	5.429085781184153348e+02	5.466256687491234061e+02	5.519407770553546015e+02	5.588215572773873419e+02	5.671517332351984351e+02	5.768076898900183096e+02	5.876430767239254465e+02	5.994342644457044571e+02	6.119124987270083693e+02	6.248329927323163702e+02	6.379291009974031113e+02	6.508216264145813739e+02	6.632760553910529779e+02	6.750973546403164391e+02	6.862607820270430921e+02	6.967223818187322877e+02	7.064919373635935926e+02	7.156281312690974801e+02	7.241556706489833459e+02	7.320927835908630641e+02	7.394573883541651185e+02	7.462730872758936584e+02	7.525469728493515049e+02	7.582850180028735849e+02	7.635179044199185228e+02	7.682632928686775813e+02	7.725440098001192837e+02
7.535484569122913854e+02	7.565477298482360311e+02	7.592033592959683119e+02	7.615092560588689139e+02	7.634399776636249726e+02	7.649518726786973275e+02	7.660394700839174220e+02	7.667257758095231566e+02	7.670447224853603529e+02	7.670298310098950196e+02	7.666960410168246653e+02	7.660440528214217011e+02	7.650579591981118028e+02	7.637022610584735958e+02	7.620019744710357372e+02	7.599672939747944156e+02	7.575348727213414577e+02	7.546660105067669519e+02	7.514037266261431114e+02	7.476986710083574508e+02	7.435421343769808118e+02	7.389345787265067429e+02	7.338660904761684378e+02	7.282808304412401412e+02	7.220834395208877368e+02	7.151623145975003126e+02	7.074368539616257294e+02	6.988767641469180489e+02	6.895344781327078181e+02	6.794888221451935806e+02	6.688625639957800786e+02	6.579447498344597989e+02	6.471408089713213485e+02	6.372199390126195340e+02	6.286213628103431574e+02	6.212481095334230758e+02	6.146890287292658286e+02	6.087065094524450615e+02	6.032480737730213605e+02	5.982320485278521573e+02	5.935727438100104791e+02	5.892240689085759868e+02	5.851803520735638813e+02	5.814467171952685476e+02	5.780399942955659753e+02	5.749623088737913577e+02	5.722044398560910849e+02	5.697497106481885112e+02	5.675639966825350484e+02	5.655656686311590420e+02	5.636753023858170764e+02	5.618467764672683415e+02	5.600513106751009218e+02	5.582661305383180661e+02	5.564583739505962967e+02	5.546203952138409932e+02	5.527466420410897854e+02	5.508407918385582889e+02	5.488970177936332675e+02	5.469551632853607543e+02	5.450370179473995904e+02	5.431217608908542616e+02	5.412084072348241079e+02	5.393003525043435502e+02	5.374108590744649518e+02	5.355502520324341731e+02	5.337354445401983867e+02	5.319639884438863646e+02	5.302263758822260797e+02	5.285430324287576695e+02	5.269170397625986197e+02	5.253292147212226837e+02	5.237815864106418076e+02	5.222904364526065137e+02	5.208644422917823249e+02	5.195046291215755900e+02	5.182276932724092831e+02	5.170312837454700912e+02	5.159014044441319129e+02	5.148224708784707673e+02	5.137875604077210028e+02	5.127838800110935153e+02	5.117980404467242579e+02	5.108352677857781146e+02	5.098951165414200659e+02	5.089677135760488227e+02	5.080351151951603015e+02	5.071034477003016718e+02	5.061726171526494795e+02	5.052414706268971258e+02	5.043172313547151475e+02	5.034273338153371355e+02	5.025743936851434910e+02	5.017382995558028256e+02	5.009169182198495491e+02	5.001086610529138170e+02	4.993978101194970804e+02	4.989819535114356768e+02	4.991584709833196030e+02	5.004133520398903556e+02	5.032297434248604304e+02	5.079768785299624483e+02	5.147368301589492603e+02	5.233198731849873866e+02	5.334517706351452944e+02	5.449481258392630707e+02	5.576505382930118913e+02	5.713036488974626081e+02	5.855018689875373639e+02	5.998208939221580067e+02	6.139159359300640517e+02	6.275411348123100197e+02	6.403942955367001559e+02	6.523770102413383256e+02	6.634332782608917114e+02	6.736399071958464901e+02	6.830291225859541555e+02	6.916845162274678387e+02	6.997224119567135858e+02	7.072042808869211967e+02	7.141764275332564011e+02	7.206735237012799189e+02	7.267198721555650991e+02	7.323110857319998104e+02	7.374393080951684851e+02	7.421215042230189738e+02	7.463590469359226063e+02	7.501606684408334331e+02
7.310595690428565376e+02	7.336527437445279247e+02	7.359199954508889050e+02	7.378481415273114408e+02	7.394083853505546813e+02	7.405599478361403953e+02	7.413021942780752624e+02	7.416612920235177171e+02	7.416720004696305750e+02	7.413661635478390508e+02	7.407541471637372297e+02	7.398298677234388379e+02	7.385759002306472212e+02	7.369549726575162367e+02	7.349874341343052038e+02	7.326812971630256470e+02	7.299660553028536469e+02	7.267929534324312044e+02	7.231997853627595987e+02	7.191275378096662507e+02	7.145638997551129705e+02	7.094966059946372070e+02	7.038935122197898409e+02	6.976861109523263167e+02	6.907888417379674593e+02	6.831052984150235261e+02	6.745218376761717991e+02	6.649585245811060759e+02	6.544504620482640576e+02	6.430678117074194233e+02	6.309814103107794381e+02	6.186673466486622601e+02	6.067433138065525782e+02	5.959431750544406441e+02	5.865740206679897710e+02	5.784180961006029520e+02	5.710382371881448762e+02	5.644732200416672185e+02	5.588250022490267384e+02	5.538836118582132713e+02	5.494170495770028992e+02	5.453063510030842735e+02	5.415276603713202803e+02	5.380923249141578708e+02	5.349736254702037286e+02	5.321031536677515987e+02	5.294591977677570185e+02	5.270770884559910883e+02	5.249798974201009969e+02	5.231028664270261288e+02	5.213476677740493415e+02	5.196553780654115826e+02	5.179946536995173574e+02	5.163435938224001802e+02	5.146716509295263222e+02	5.129716902283788613e+02	5.112386392316186630e+02	5.094759263746483384e+02	5.076781513671610355e+02	5.058821793625473902e+02	5.041081763271452019e+02	5.023368741597857934e+02	5.005673779947447883e+02	4.988028664385236652e+02	4.970556066835158617e+02	4.953352344687602908e+02	4.936574725392982828e+02	4.920200368709762415e+02	4.904140148787946600e+02	4.888582335798874965e+02	4.873553514903267114e+02	4.858878814510060238e+02	4.844576789259314751e+02	4.830795875261326273e+02	4.817613929910749562e+02	4.805039332775917273e+02	4.793228925368604791e+02	4.782160629394458056e+02	4.771702316583159700e+02	4.761710907827009009e+02	4.752124258524218021e+02	4.742825280605284775e+02	4.733689434175465749e+02	4.724771036027648279e+02	4.716066909036039760e+02	4.707482440697966695e+02	4.698851189534863124e+02	4.690231102167267068e+02	4.681620677650172411e+02	4.673008099940259399e+02	4.664460382028437948e+02	4.656232178988947794e+02	4.648352434156691970e+02	4.640646418857849085e+02	4.633125876708071473e+02	4.625847766684821636e+02	4.620048274110786224e+02	4.619013447636522187e+02	4.628457650661042067e+02	4.658073831408875094e+02	4.714270042402606578e+02	4.797777598048430718e+02	4.903611561127451637e+02	5.027184035882128228e+02	5.165172898816542784e+02	5.314687901973309181e+02	5.471999815414451405e+02	5.632184895639936713e+02	5.789282994855446987e+02	5.938463206814847126e+02	6.077089344656719732e+02	6.204870115006501692e+02	6.321257470128448404e+02	6.427576706986455974e+02	6.524751676740204402e+02	6.614112719660628272e+02	6.696085333926473595e+02	6.771555001750589327e+02	6.841573395440848344e+02	6.906621764551890692e+02	6.967161873331479001e+02	7.023588478232652506e+02	7.076182683920953878e+02	7.124914104405893340e+02	7.169710542351770073e+02	7.210701748654612402e+02	7.247825195949048975e+02	7.281084327160897374e+02
7.125556294902680747e+02	7.147430663864943199e+02	7.166232072775519555e+02	7.181762246288246843e+02	7.193712581184757937e+02	7.201714007088741027e+02	7.205810566875443328e+02	7.206296185417811557e+02	7.203517643117693297e+02	7.197763306031970387e+02	7.189083521436090223e+02	7.177346403251350466e+02	7.162377322608377881e+02	7.143805076346409351e+02	7.121805184375209592e+02	7.096472182288368913e+02	7.067031167869594128e+02	7.032959274161852363e+02	6.994692368610201356e+02	6.951634244432304968e+02	6.903647878336421400e+02	6.850537447910910487e+02	6.791814530226164379e+02	6.726637139282397584e+02	6.653999038252063656e+02	6.572792043560446018e+02	6.481780365578092642e+02	6.380104525254150758e+02	6.267611397013663463e+02	6.143687307313380188e+02	6.008781875846175353e+02	5.869509668158580098e+02	5.736408253473751984e+02	5.618688542115155542e+02	5.518450479235061721e+02	5.429891653509027947e+02	5.346203655046813310e+02	5.269236348998491621e+02	5.204013584490164703e+02	5.149904852648099904e+02	5.103249261765688516e+02	5.061730096048087262e+02	5.024329674598944848e+02	4.990773369896916734e+02	4.960385034218343776e+02	4.931984430563232991e+02	4.905140279643140957e+02	4.880378630319216882e+02	4.858470556557000464e+02	4.839393703346447637e+02	4.822362237993248755e+02	4.806463541440651852e+02	4.791049904121654777e+02	4.775763253607661909e+02	4.760295654146724473e+02	4.744575751441121838e+02	4.728555789259737594e+02	4.712271985045890688e+02	4.695680773238166239e+02	4.679129059060526288e+02	4.662799032663970138e+02	4.646524225355615272e+02	4.630303268963614300e+02	4.614169493554715018e+02	4.598236584309345290e+02	4.582590412211765170e+02	4.567357297230910262e+02	4.552503285850722250e+02	4.537935233296939259e+02	4.523822841678900772e+02	4.510104399525131385e+02	4.496678551322207227e+02	4.483534428945447985e+02	4.470803437886246456e+02	4.458558619391760658e+02	4.446812848848408066e+02	4.435738291440701460e+02	4.425315898145962592e+02	4.415414873825530435e+02	4.405905608337045578e+02	4.396755265896401283e+02	4.387871019132344372e+02	4.379170972653018907e+02	4.370717849630869409e+02	4.362495530662395140e+02	4.354411545553018641e+02	4.346312451783500137e+02	4.338257590033743440e+02	4.330240867252907151e+02	4.322244485474947169e+02	4.314326537795076320e+02	4.306728664716492290e+02	4.299512141617885845e+02	4.292578800311356417e+02	4.286061308958767313e+02	4.280247016346834812e+02	4.277442703805656947e+02	4.283674850875471520e+02	4.310424049669265969e+02	4.367307909009770697e+02	4.457527455365657261e+02	4.576047139719497636e+02	4.716644536488767585e+02	4.876725635725850907e+02	5.052699640132432819e+02	5.237715591761182168e+02	5.423256233086509610e+02	5.601430356845912684e+02	5.765704276839699105e+02	5.912684689659313335e+02	6.042357854093304468e+02	6.157488249896218804e+02	6.260003468661577699e+02	6.352860006960640931e+02	6.437797741328042775e+02	6.516232331557285988e+02	6.588434225008445537e+02	6.655122017646732502e+02	6.717043121870270852e+02	6.774427228275264952e+02	6.827654929539448858e+02	6.877117974775303537e+02	6.923094913058896509e+02	6.965547199877515823e+02	7.004429285338511590e+02	7.039887950808051755e+02	7.071877823425547831e+02	7.100409110182050654e+02
6.982156325580453995e+02	7.000463355183608201e+02	7.015823449185065783e+02	7.027989910599820860e+02	7.036649998399784636e+02	7.041482851325361025e+02	7.042571973176354732e+02	7.040223693233989479e+02	7.034763563459089255e+02	7.026435909913302567e+02	7.015233156165108994e+02	7.000964262380045966e+02	6.983464570555177033e+02	6.962379170320189132e+02	6.937870946269256365e+02	6.910069584123358482e+02	6.878145911656019962e+02	6.841588089423471502e+02	6.800926587363858289e+02	6.755561914385971249e+02	6.705344710269214374e+02	6.650033129132559679e+02	6.588961786881186526e+02	6.521208133881511912e+02	6.445695344117596051e+02	6.361118284951326132e+02	6.265993807371621642e+02	6.159309045488862466e+02	6.040100131009173765e+02	5.905463206920881021e+02	5.753254096632069832e+02	5.594119570418095009e+02	5.446295566364919978e+02	5.322046616209352123e+02	5.222728805107674361e+02	5.138508841249463330e+02	5.056764113305117689e+02	4.974836699039183827e+02	4.899097579275327234e+02	4.833520654410984889e+02	4.777023284434498009e+02	4.728282791048198987e+02	4.685923399013216795e+02	4.648488994108373618e+02	4.614955575546028967e+02	4.584449386835597124e+02	4.556362470065022308e+02	4.530511765777490041e+02	4.506988664126931781e+02	4.485861359478321901e+02	4.467230457262636492e+02	4.450572180079068971e+02	4.435149707594907795e+02	4.420368770178293403e+02	4.405794635371674417e+02	4.391243588178101618e+02	4.376604863666929646e+02	4.361883681747526111e+02	4.347042362921571339e+02	4.332348033554376912e+02	4.317890402361712177e+02	4.303579614842540195e+02	4.289405549449743376e+02	4.275374685167921598e+02	4.261539201660555705e+02	4.247959335114486521e+02	4.234713111634173970e+02	4.221752303154679566e+02	4.208978218998236684e+02	4.196518031337201364e+02	4.184108663476608854e+02	4.171867182250302903e+02	4.159729462047495758e+02	4.147809250551721902e+02	4.136178298807893157e+02	4.124848036827666533e+02	4.114059433605001459e+02	4.103802166952020798e+02	4.093937329520212529e+02	4.084380275295368961e+02	4.075153396245251542e+02	4.066151645915817880e+02	4.057413317443476899e+02	4.049019221780641828e+02	4.040885581908017912e+02	4.032910385499895938e+02	4.024908515833470801e+02	4.016974608444591013e+02	4.009112682810381330e+02	4.001319835485089698e+02	3.993648960556278666e+02	3.986431481536216097e+02	3.979841902812538592e+02	3.974012757415823671e+02	3.969354623130202526e+02	3.966480478538143188e+02	3.969806163787814057e+02	3.992766812871725506e+02	4.047530134605042349e+02	4.139399463199985121e+02	4.264716488214094170e+02	4.415007569091101232e+02	4.586569960395231647e+02	4.779574369364875110e+02	4.988566179891244019e+02	5.201344665231351883e+02	5.405013345720229836e+02	5.590695469761201366e+02	5.753666257290501562e+02	5.893449609576575767e+02	6.012953959957327470e+02	6.117227518801162205e+02	6.209486551586117002e+02	6.293028232142822844e+02	6.369631926603209422e+02	6.440537339672680446e+02	6.505920500649501719e+02	6.566407617633569771e+02	6.622490096447143060e+02	6.674186632735392095e+02	6.721831344342640477e+02	6.765863147178304189e+02	6.806577356933944429e+02	6.843940543924987878e+02	6.877939359859408341e+02	6.908749110760250005e+02	6.936358190262474182e+02	6.960807828764766327e+02
6.861013167351516131e+02	6.876561184584302282e+02	6.889248107113432980e+02	6.898793909584326229e+02	6.904890723255574585e+02	6.907267532641453727e+02	6.906030427414482347e+02	6.901479593186536476e+02	6.893908161714497282e+02	6.883514179107983182e+02	6.870238740677283431e+02	6.853847026358140511e+02	6.834188236147581392e+02	6.810923401250188363e+02	6.784202494710873452e+02	6.754179732747759317e+02	6.719944454088404200e+02	6.680978217643099697e+02	6.637837543241314506e+02	6.589811100973919338e+02	6.536704247010488871e+02	6.478271774395051352e+02	6.413767917036448125e+02	6.342344029022419818e+02	6.263179000564523449e+02	6.175108570419685066e+02	6.076386605709476498e+02	5.965717511854547865e+02	5.841693980020543222e+02	5.699817492499864784e+02	5.535935675449113660e+02	5.364330577389116570e+02	5.211398648555471027e+02	5.090094708958913543e+02	4.997960317647541615e+02	4.921343147837649212e+02	4.844761860303016761e+02	4.761969056776716229e+02	4.676868526987095720e+02	4.595458820402491824e+02	4.521241448850723827e+02	4.456661654099240195e+02	4.402132747616971074e+02	4.355805618090170128e+02	4.315924864745614400e+02	4.281570006232831815e+02	4.251839073857959761e+02	4.225614059805160423e+02	4.201672113239537225e+02	4.179118277025928592e+02	4.158371683500237168e+02	4.139622683828410459e+02	4.122660839207778736e+02	4.107029002462142557e+02	4.092309360355611716e+02	4.078201931685575232e+02	4.064490943703706307e+02	4.051084261021530892e+02	4.037889688928696614e+02	4.025010676971969588e+02	4.012322261159896470e+02	3.999816961237846158e+02	3.987467616722556158e+02	3.975241512967544395e+02	3.963100063723763924e+02	3.951067357755183593e+02	3.939176010775906889e+02	3.927418170923169782e+02	3.915755947397260570e+02	3.904232133805362537e+02	3.892522890412315064e+02	3.880885463603375456e+02	3.869212303822592958e+02	3.857605208716080369e+02	3.846126769625324755e+02	3.834767902725301383e+02	3.823845320845047127e+02	3.813365633769154215e+02	3.803178141075409258e+02	3.793295647481388642e+02	3.783778713973135837e+02	3.774456908140916767e+02	3.765493584351104346e+02	3.757010749387041528e+02	3.748841831387193224e+02	3.740866999792038996e+02	3.732842167968503873e+02	3.724907610233972264e+02	3.717095389363231561e+02	3.709420601305011473e+02	3.701964874810443575e+02	3.695277063071962402e+02	3.689754863684248676e+02	3.685926812665043144e+02	3.684616430490832499e+02	3.686790513630224382e+02	3.701155006563089387e+02	3.746761105678966715e+02	3.832379949780752781e+02	3.960341990304743831e+02	4.122622532263088146e+02	4.309861405564189454e+02	4.518366392400213840e+02	4.745805399526591373e+02	4.981024914099887155e+02	5.207673040745755770e+02	5.412988284068565008e+02	5.591711695802414397e+02	5.743689835136851798e+02	5.871667451740561319e+02	5.980368732716917748e+02	6.075483660027767883e+02	6.160096033335339598e+02	6.236928047600115406e+02	6.307492306275439660e+02	6.372809740560239788e+02	6.432997651679822866e+02	6.488645037683843384e+02	6.540094086488940093e+02	6.587264986950144703e+02	6.630469731460698313e+02	6.670170774048609701e+02	6.706666192655191026e+02	6.739952815635019761e+02	6.770060201669115258e+02	6.797189790047501674e+02	6.821351204339540573e+02	6.842610602929642027e+02
6.753743201941845200e+02	6.767303996948432996e+02	6.778107484730351189e+02	6.785846499283609319e+02	6.790218971134643198e+02	6.791002742521161508e+02	6.788316382834066189e+02	6.782444480348785874e+02	6.773647084031873646e+02	6.762078272621043880e+02	6.747633947451920449e+02	6.730045556360779528e+02	6.709173443913526853e+02	6.684695648623630859e+02	6.656753984648812548e+02	6.625529900344446332e+02	6.590041509482518904e+02	6.549787233331242078e+02	6.505306316866749512e+02	6.455739448597671526e+02	6.400797638479259604e+02	6.340286480852932982e+02	6.273571785644680858e+02	6.199799582998548431e+02	6.118300034861574659e+02	6.028210767437540198e+02	5.927976118386015969e+02	5.816372311682212057e+02	5.691969433961093046e+02	5.549964828457214026e+02	5.384164085707652703e+02	5.207170964090946654e+02	5.052694633698665712e+02	4.932429637116476897e+02	4.840304584944756243e+02	4.761787094922337928e+02	4.682054729673782276e+02	4.594350128246641134e+02	4.500494725304274084e+02	4.405350806072997329e+02	4.313836424447297873e+02	4.231386421321228681e+02	4.161281148906012959e+02	4.103181498911766880e+02	4.055086070897818331e+02	4.015541793289595489e+02	3.983281960434180178e+02	3.956433562403959741e+02	3.932715562413920338e+02	3.910032825689814899e+02	3.888479762629162906e+02	3.868310154157415468e+02	3.849655319495942081e+02	3.832407398220603909e+02	3.816436835497661946e+02	3.801569531978917666e+02	3.787620221793991959e+02	3.774460028008796257e+02	3.761933520078861193e+02	3.750018230672732784e+02	3.738246890229991664e+02	3.726641063384329868e+02	3.715150736139367496e+02	3.703719020631672265e+02	3.692266314873618853e+02	3.680797343563929189e+02	3.669338468594730784e+02	3.657938670525940097e+02	3.646631180522145996e+02	3.635305813771811927e+02	3.623771156469837820e+02	3.612316774088827742e+02	3.600794951767670113e+02	3.589304388149510032e+02	3.577891680564572425e+02	3.566510790758580924e+02	3.555524934011061191e+02	3.544958602851369278e+02	3.534651939145669530e+02	3.524720617944690275e+02	3.515206339043774051e+02	3.505863641970786375e+02	3.496953640922145041e+02	3.488642670429522923e+02	3.480706056112877604e+02	3.473019365464440398e+02	3.465319776390759898e+02	3.457811765068620389e+02	3.450555437999491915e+02	3.443575124883564627e+02	3.437092094067621701e+02	3.431966148085510895e+02	3.428895418897527634e+02	3.428872108567318264e+02	3.433229282679116068e+02	3.443593586105117197e+02	3.474375228325424132e+02	3.546300071175433004e+02	3.667601520695081945e+02	3.836990796255014402e+02	4.044203266059873272e+02	4.278704506345408731e+02	4.532805284670079118e+02	4.794870078380215546e+02	5.046157603807680516e+02	5.270122218305428987e+02	5.460229695129053198e+02	5.618845445885139043e+02	5.751524496724546225e+02	5.863334975022798972e+02	5.959300147450920804e+02	6.044440088948088032e+02	6.120942765964056207e+02	6.190692165159293836e+02	6.254911321780712115e+02	6.314399362286906126e+02	6.369189795831598531e+02	6.419796180388209450e+02	6.466457332196689549e+02	6.509090749143299490e+02	6.548020695166121641e+02	6.583722784719407173e+02	6.616463851858316048e+02	6.646244021160562170e+02	6.673108563246919402e+02	6.697264564337182264e+02	6.718714758770881872e+02	6.737531025064149617e+02
6.657675189355979910e+02	6.669564866841474213e+02	6.678858699302310242e+02	6.685227257139836183e+02	6.688390826267350349e+02	6.688178312250488489e+02	6.684727337109570726e+02	6.678303050743234053e+02	6.669135131904681657e+02	6.657342551403621655e+02	6.642793102534917580e+02	6.625208947053914699e+02	6.604483141625089502e+02	6.580349439705611303e+02	6.552987512539910995e+02	6.522618436611790003e+02	6.488173119131688509e+02	6.449179083669081365e+02	6.406145629237762478e+02	6.358182937722169754e+02	6.304995126610599527e+02	6.246365715648898913e+02	6.181675761877847890e+02	6.109911740792485944e+02	6.030257079567797973e+02	5.941861692790687357e+02	5.843136092456015831e+02	5.732449834896908669e+02	5.608445646735865466e+02	5.468053085227902557e+02	5.301854783152654136e+02	5.113482512463914986e+02	4.945326239226270104e+02	4.810110600473338422e+02	4.701887020150052194e+02	4.608592947538479621e+02	4.517870409389881843e+02	4.423364793556793302e+02	4.324992888645971334e+02	4.224488396295652137e+02	4.124439357308469880e+02	4.030466674283046586e+02	3.947971395092321245e+02	3.878943025812117185e+02	3.822348830174333330e+02	3.776654029439592364e+02	3.740628823203294928e+02	3.712142464686757535e+02	3.688077851308022446e+02	3.665131285182517331e+02	3.643276638276984158e+02	3.622609532203317713e+02	3.603258861474010928e+02	3.585170485974437042e+02	3.568355501052100749e+02	3.552830465302802168e+02	3.538521002056496627e+02	3.525345920982690586e+02	3.513164018875492047e+02	3.501886380660907889e+02	3.490702930704203482e+02	3.479706072056108042e+02	3.468820975440297616e+02	3.457974066381501643e+02	3.447097444310904848e+02	3.436229200614525325e+02	3.425420965228918249e+02	3.414727377192306221e+02	3.404182984605374713e+02	3.393453577057935604e+02	3.382486619515681241e+02	3.371676846503004867e+02	3.360796886557577636e+02	3.349938471212325339e+02	3.339136079566611670e+02	3.328296010371950615e+02	3.317793553068501069e+02	3.307682042866856591e+02	3.297776096970114850e+02	3.288290281046816972e+02	3.279194704535647134e+02	3.270131425754505585e+02	3.261531867651245875e+02	3.253643373272187773e+02	3.246194545488245922e+02	3.239056648743779760e+02	3.232025996369966379e+02	3.225448247989270385e+02	3.219439739873208737e+02	3.214047466189355760e+02	3.209865658018650265e+02	3.208229378710142328e+02	3.209935834488023829e+02	3.216271169795886067e+02	3.228970028032643995e+02	3.250565574892165159e+02	3.301699538182477340e+02	3.407383689633253425e+02	3.572789566669576971e+02	3.790627703923663603e+02	4.048428287509267420e+02	4.335905215981858305e+02	4.636542978892007341e+02	4.924402227343592813e+02	5.175988536529649764e+02	5.381038228429472383e+02	5.544023274342232526e+02	5.675704425583935517e+02	5.785516755565809035e+02	5.879202077940838080e+02	5.961015898930975254e+02	6.034712538896885690e+02	6.101578990787130579e+02	6.162810505401553200e+02	6.219372697024770105e+02	6.271852072306654691e+02	6.320213790612301636e+02	6.364836678298011066e+02	6.405855859324932453e+02	6.443209434641228199e+02	6.477240228149516952e+02	6.508444284757897549e+02	6.537075734152451787e+02	6.563135029739009951e+02	6.586682253941686440e+02	6.607913109353239633e+02	6.626798077307537369e+02	6.643385832863544920e+02
6.577398905486284093e+02	6.587647849655954815e+02	6.595502157090248829e+02	6.600614044773421938e+02	6.602737469418511864e+02	6.601756978153224509e+02	6.597838269166081773e+02	6.591232981932923849e+02	6.582145072176401754e+02	6.570671780765451331e+02	6.556681360061652413e+02	6.539920359775865109e+02	6.520324796589645757e+02	6.497668189066228024e+02	6.472129416306052008e+02	6.443947737336857244e+02	6.411986858403306542e+02	6.375834385628436394e+02	6.336023128580152388e+02	6.291728955017255203e+02	6.242692168199314438e+02	6.188610361188674460e+02	6.128749715281235240e+02	6.061915580847689853e+02	5.987025939295870103e+02	5.902888651339153512e+02	5.807109834658349428e+02	5.696647638598427648e+02	5.569828306590266038e+02	5.425279647152476628e+02	5.250201322353429987e+02	5.035765864874510953e+02	4.836223665855178524e+02	4.671993951916753645e+02	4.540591560072363109e+02	4.432406192677371450e+02	4.335971958337910337e+02	4.243419051486427520e+02	4.150939656034177005e+02	4.055766024535026304e+02	3.957160423682310011e+02	3.859509766011659622e+02	3.769165912566586485e+02	3.690509925684701784e+02	3.624774324542494242e+02	3.571503248131834880e+02	3.530123590159630567e+02	3.498687589277883490e+02	3.473364673337818544e+02	3.449674334386149894e+02	3.427695981863927273e+02	3.407383393567333769e+02	3.388641363060136200e+02	3.371266872226427722e+02	3.355180985236430615e+02	3.340342880157036802e+02	3.326678664283539320e+02	3.314136859394462817e+02	3.302664557331366382e+02	3.292130302821359464e+02	3.281558561408012338e+02	3.271193901996778095e+02	3.260971474887429054e+02	3.250831620323508560e+02	3.240757044018561146e+02	3.230833705697398273e+02	3.221132293175199948e+02	3.211682595632073571e+02	3.202500423571322585e+02	3.193070927725344745e+02	3.183442428623692422e+02	3.174109395586410187e+02	3.164692101833123843e+02	3.155244720393224043e+02	3.145821098119228623e+02	3.136305900557759969e+02	3.126988763639841409e+02	3.117949526657662318e+02	3.108962924808016055e+02	3.100318725329122458e+02	3.091922296281509261e+02	3.083280029101441642e+02	3.075040373439489940e+02	3.067578243322122944e+02	3.060702837744175895e+02	3.054292324506347427e+02	3.048300377196047748e+02	3.043318691094436872e+02	3.039632327057838665e+02	3.037328806294277683e+02	3.037546331093950585e+02	3.041953263650410122e+02	3.050965457728875663e+02	3.066032875673560056e+02	3.089094920631590639e+02	3.123852549154850067e+02	3.198118055187851496e+02	3.341172842062208588e+02	3.550792852270798221e+02	3.812591433677837358e+02	4.115178790163329268e+02	4.449230093427876227e+02	4.783989508756903888e+02	5.079461982150723998e+02	5.314537334659903536e+02	5.491410324352086718e+02	5.625948259525056301e+02	5.733731832002970350e+02	5.824421537099217403e+02	5.903154780776690131e+02	5.973149020400419431e+02	6.036947349075521743e+02	6.095231116922758474e+02	6.148739574192903774e+02	6.198292233720978857e+02	6.244295728570447181e+02	6.286682738209276522e+02	6.325701102583486772e+02	6.361387879232628393e+02	6.393695889295654524e+02	6.422976244027952362e+02	6.449709042125834912e+02	6.474135921211013738e+02	6.496296894939572439e+02	6.516340470752065812e+02	6.534495826469154736e+02	6.550720887995584008e+02	6.565035649792374670e+02
6.515213424679789114e+02	6.523787704120849185e+02	6.530124815680335360e+02	6.533880301419941361e+02	6.534848200551356285e+02	6.532968039061317995e+02	6.528429573383223214e+02	6.521472598559137168e+02	6.512272578329179851e+02	6.500900836767523288e+02	6.487219360670446804e+02	6.470985336811640991e+02	6.452126507522415295e+02	6.430417313711585621e+02	6.405965752699214590e+02	6.378997861955857616e+02	6.348414115759048855e+02	6.313911424140221698e+02	6.276051703942359836e+02	6.234042408275531670e+02	6.187650654855276571e+02	6.136599715226677745e+02	6.080178507594953317e+02	6.017133733604152894e+02	5.946234330739564484e+02	5.865944556025283418e+02	5.772773819339273587e+02	5.661888079336698638e+02	5.530867997249958989e+02	5.377413891079027053e+02	5.185191878027708299e+02	4.937381430698834492e+02	4.702751587834048905e+02	4.513823385464137345e+02	4.369728634565703942e+02	4.259631164582546035e+02	4.169788297704109823e+02	4.089104834435319731e+02	4.009837958778772418e+02	3.925732346769476635e+02	3.833664102946488583e+02	3.736361558939873930e+02	3.639939993799247873e+02	3.551150700349814997e+02	3.474416285884081503e+02	3.411211086622458879e+02	3.362358150141310489e+02	3.326525954592534617e+02	3.299177411524148056e+02	3.274620126951099337e+02	3.252723237620803047e+02	3.233247772508489106e+02	3.215770035047629563e+02	3.199821686082848942e+02	3.185186114763960177e+02	3.171671326561863680e+02	3.159140944242284377e+02	3.147562846822310121e+02	3.136986081892529796e+02	3.127220672755121313e+02	3.117263389470460879e+02	3.107513224758748152e+02	3.097952625113345562e+02	3.088565952200859215e+02	3.079407962722333423e+02	3.070587120393655596e+02	3.062188812197085781e+02	3.054219605306875565e+02	3.046666771619748602e+02	3.038956274669153572e+02	3.031168280936167321e+02	3.023870741494365575e+02	3.016523930790481245e+02	3.009117802445900907e+02	3.001694641344782895e+02	2.994101609557823167e+02	2.986517661711305891e+02	2.979018113262127372e+02	2.971317693773447672e+02	2.963765992020601061e+02	2.956349169021923444e+02	2.948548843133847868e+02	2.941016154315489075e+02	2.934123985842824140e+02	2.928043661711203640e+02	2.922830157681113405e+02	2.918700100563686419e+02	2.916534210912002436e+02	2.916859168546137084e+02	2.919710870620691026e+02	2.926662312746668704e+02	2.939163367224027752e+02	2.957011157553391740e+02	2.982135612418954906e+02	3.016922372253559388e+02	3.066859431710444142e+02	3.166539539000413015e+02	3.346320121060637121e+02	3.592494796015978409e+02	3.885169122220811460e+02	4.217346335020369565e+02	4.576619330789349078e+02	4.916976844342867139e+02	5.195147408984381627e+02	5.401480618916034473e+02	5.551084277973068311e+02	5.665211195890281033e+02	5.758408548790534951e+02	5.838086730052373241e+02	5.908467573341922616e+02	5.971981191163621361e+02	6.030364704876185442e+02	6.083943060861911363e+02	6.133142681921717667e+02	6.178677024895132490e+02	6.220830669736697018e+02	6.259570374101183461e+02	6.295071540078843100e+02	6.327301217153767539e+02	6.356242607119045260e+02	6.382271838079038844e+02	6.405830593158530064e+02	6.427113246015233017e+02	6.446185942547878085e+02	6.463306105034940856e+02	6.478772517996612805e+02	6.492574398724940465e+02	6.504740950049940693e+02
6.455301228222142527e+02	6.462207025496500137e+02	6.466916500366178298e+02	6.469124703297807173e+02	6.468677149112761526e+02	6.465555464708093041e+02	6.459951762975663314e+02	6.452077356575850899e+02	6.442068676765700275e+02	6.429962373686229284e+02	6.415592887557072572e+02	6.398695893805311243e+02	6.379118758052211433e+02	6.356686492456751694e+02	6.331500712587209136e+02	6.303779934985017235e+02	6.272472892578782648e+02	6.237371610230156875e+02	6.199060324547010623e+02	6.156771604771106468e+02	6.110301906111064909e+02	6.059437346413461682e+02	6.003629947683270984e+02	5.941756046288378457e+02	5.872634119383033067e+02	5.794468169383947043e+02	5.703024659704462920e+02	5.592575857495849050e+02	5.460627548140239469e+02	5.302671104178151609e+02	5.097806410703360598e+02	4.825499529269504819e+02	4.569486160690321981e+02	4.372157161942460561e+02	4.229728608893907449e+02	4.127572914254652119e+02	4.049438698343765282e+02	3.982190358746854599e+02	3.915935623497454117e+02	3.842518580284043992e+02	3.757513377511459112e+02	3.662175920856683433e+02	3.561175781469275421e+02	3.462443838347326732e+02	3.373446990937904388e+02	3.297946987194945905e+02	3.239124056836354271e+02	3.197034901414693877e+02	3.166908654603130344e+02	3.141886615831459721e+02	3.120638292455169562e+02	3.102303484633581547e+02	3.086162871047204135e+02	3.071487055902313728e+02	3.058017731322014470e+02	3.045535997871552354e+02	3.033877441398573183e+02	3.023026402947058386e+02	3.013141036010454741e+02	3.003939803279114926e+02	2.994458918629710524e+02	2.985177012848405411e+02	2.976132817307934033e+02	2.967397261310322847e+02	2.959105655339778878e+02	2.951391486757439679e+02	2.944346719731205440e+02	2.937925356694180437e+02	2.932063501949679676e+02	2.926202975592312896e+02	2.920380214584503165e+02	2.915250662646008095e+02	2.910183873814111166e+02	2.905108128899332200e+02	2.899978965019565749e+02	2.894532253134857456e+02	2.888855471976845593e+02	2.883100211329120270e+02	2.876983403183064638e+02	2.870862853003981172e+02	2.864943670928603296e+02	2.858795721402035497e+02	2.852802659048011265e+02	2.847185836124088496e+02	2.842700111949833399e+02	2.839782839710421740e+02	2.838953201746047057e+02	2.841201233612687247e+02	2.847066386955527832e+02	2.856427102427742284e+02	2.871233973511907607e+02	2.892314357800323705e+02	2.919189973923928960e+02	2.954586746520669749e+02	3.001751371584297203e+02	3.068534293446409151e+02	3.195998670007509190e+02	3.410338263005589283e+02	3.683485356597158216e+02	3.994841048905742582e+02	4.340464540790429169e+02	4.695054998715164629e+02	5.006447560602932754e+02	5.245849155229352618e+02	5.419591000476418685e+02	5.548612754439302535e+02	5.651273908204002510e+02	5.737620210829500138e+02	5.812614297996642563e+02	5.879631495932403595e+02	5.940747602762612587e+02	5.997329931985145777e+02	6.049486655161992985e+02	6.097407311640990883e+02	6.141667049526965911e+02	6.182468657406516286e+02	6.219858938918202966e+02	6.253964331461572783e+02	6.284711407523057005e+02	6.312120251018966428e+02	6.336577640626886705e+02	6.358497026560829681e+02	6.378046712533005120e+02	6.395301422043652337e+02	6.410571983885976124e+02	6.424182501122365920e+02	6.436153129767074006e+02	6.446544251496429752e+02
6.380380923017164605e+02	6.385790873948892568e+02	6.388947262509234406e+02	6.389596880133200330e+02	6.387632810962387566e+02	6.383063548896757311e+02	6.376061004392452105e+02	6.366795523246241828e+02	6.355366136248587736e+02	6.341794499707507384e+02	6.325913266322952495e+02	6.307461656370936680e+02	6.286154168899814749e+02	6.261911801878475217e+02	6.234888720790578418e+02	6.205317833699687071e+02	6.172178893858431366e+02	6.135364064818098768e+02	6.095486788347598122e+02	6.051818999709770424e+02	6.004201625673977105e+02	5.952477589372324474e+02	5.896283077644328614e+02	5.834548559178850837e+02	5.765946960091241635e+02	5.688489526960156581e+02	5.598279048092242647e+02	5.490789522497093458e+02	5.363972678921911665e+02	5.212384205690397039e+02	5.010839484465966507e+02	4.730122769431018241e+02	4.467383759844615270e+02	4.271833195693279777e+02	4.135660934695066544e+02	4.041451819344370051e+02	3.972072151303000282e+02	3.914082546815482146e+02	3.856893984725461451e+02	3.791421465023886412e+02	3.712374154952221943e+02	3.620004189529826704e+02	3.517327041349346928e+02	3.411472356007473650e+02	3.311226779310762254e+02	3.222435416997600441e+02	3.151438108724402127e+02	3.100816432025094400e+02	3.066591702225893528e+02	3.041151644961724969e+02	3.021188058006803203e+02	3.004542455024270566e+02	2.989958358352581058e+02	2.976564321923416401e+02	2.964135697202964366e+02	2.952469164410707663e+02	2.941434788380685745e+02	2.931054672166034720e+02	2.921590324765873561e+02	2.912643415934774112e+02	2.903362732575931204e+02	2.894282867863495312e+02	2.885518027583964340e+02	2.877233548291652596e+02	2.869641473391750424e+02	2.862901512904184074e+02	2.857075970920406576e+02	2.852016782872988188e+02	2.847576270086681802e+02	2.843268013182443497e+02	2.839061542970465553e+02	2.835727368010934697e+02	2.832593863758827410e+02	2.829531577057263121e+02	2.826439014577573516e+02	2.822987725685612759e+02	2.819113367074042458e+02	2.815067719501276997e+02	2.810664597385767820e+02	2.806282880642525583e+02	2.802375783604837807e+02	2.798552438734146222e+02	2.794918736870928342e+02	2.791631393848343805e+02	2.790038358422605143e+02	2.790621875229666671e+02	2.794060696909367607e+02	2.801373622190624815e+02	2.812874233123098975e+02	2.828362173391428769e+02	2.850206535072967995e+02	2.878496987807175174e+02	2.913303717607508361e+02	2.958184828454973854e+02	3.017294435211116479e+02	3.101111745958713755e+02	3.257144692795467336e+02	3.502256437147190127e+02	3.795466272777116501e+02	4.120661783723208487e+02	4.466347785724738060e+02	4.789128989177313542e+02	5.049824043325658067e+02	5.244143820419149051e+02	5.389412895136752013e+02	5.503897971729130632e+02	5.599461431883805744e+02	5.682032244161362087e+02	5.754880621262602745e+02	5.820274346948554012e+02	5.880062119804563281e+02	5.935725325570608675e+02	5.987336618315822534e+02	6.034920038795686423e+02	6.078890217730777294e+02	6.119345632348465642e+02	6.156367412681477163e+02	6.190025754263540421e+02	6.220243174580837149e+02	6.247064875709680791e+02	6.270836457058521773e+02	6.291941669179855126e+02	6.310559439867058700e+02	6.326783956276008212e+02	6.340939538547557959e+02	6.353332983645876766e+02	6.364005683476232207e+02	6.373042730753037404e+02
6.290689647531124820e+02	6.294827227051523550e+02	6.296666345246591163e+02	6.295997040712539956e+02	6.292745819600968389e+02	6.286938944973203434e+02	6.278724753269344774e+02	6.268235792338663259e+02	6.255538905555024485e+02	6.240655673771786951e+02	6.223439669529658431e+02	6.203661166713391140e+02	6.180866120003356627e+02	6.155084148312361094e+02	6.126515847618775297e+02	6.095414235880837168e+02	6.060805874268303342e+02	6.022708895929401933e+02	5.981749572617438844e+02	5.937265832100074476e+02	5.889163269619077710e+02	5.837272382560512369e+02	5.781218169037115331e+02	5.719662444750421173e+02	5.651074612220318159e+02	5.574292064066403327e+02	5.486515480675623166e+02	5.384665293896395042e+02	5.267404097314184810e+02	5.130131104734830387e+02	4.944991709109505109e+02	4.667676697320247285e+02	4.403112140731931845e+02	4.208986834623843833e+02	4.075072715799000207e+02	3.982903442979918509e+02	3.915913587007382262e+02	3.861650668163938462e+02	3.809845063021514306e+02	3.750604010007546094e+02	3.676878473124505717e+02	3.587820670328325150e+02	3.486305246412263159e+02	3.377982686799687144e+02	3.270245895442589017e+02	3.169972641509507412e+02	3.086522959532030654e+02	3.025628447768163483e+02	2.985452667962966302e+02	2.958594957118793900e+02	2.939831467081442042e+02	2.925373410079972700e+02	2.913054199231816028e+02	2.901743546579079975e+02	2.891010793518305491e+02	2.880587397941043832e+02	2.870405943984054602e+02	2.860552475962226708e+02	2.851405348146741972e+02	2.842450324101998831e+02	2.833090138540784437e+02	2.823937194931992281e+02	2.815209000076608845e+02	2.807122267030453031e+02	2.799964112344731575e+02	2.793871502173910812e+02	2.788839636325735682e+02	2.784631400887898849e+02	2.781026160917864445e+02	2.777664276331352085e+02	2.774428764018812217e+02	2.772178252779546028e+02	2.770242290558934997e+02	2.768499636796412915e+02	2.766829231779139491e+02	2.764918856211373850e+02	2.762570224949859039e+02	2.760050270227826559e+02	2.757224831467931381e+02	2.754516920628837511e+02	2.752595826018348362e+02	2.751220512228477446e+02	2.750235939682363551e+02	2.749868877212869052e+02	2.751908195483407553e+02	2.756376480417953303e+02	2.764140914321968694e+02	2.776223174198535730e+02	2.792647095242599562e+02	2.813278643225091855e+02	2.840709857404253853e+02	2.874450498034481143e+02	2.915844780848042319e+02	2.969289206161347465e+02	3.039661564506750437e+02	3.140284291558893983e+02	3.325390511458907667e+02	3.598946560182276926e+02	3.912200717728125028e+02	4.250690874226854703e+02	4.580962752443804789e+02	4.855755561132046978e+02	5.064135744941839903e+02	5.221049676676009312e+02	5.344928274629417047e+02	5.447973495213634578e+02	5.536994599216525330e+02	5.615575906464046056e+02	5.686164334156758287e+02	5.749990477874832777e+02	5.808123011997558933e+02	5.862192364134937179e+02	5.912533030539476613e+02	5.959120771763200537e+02	6.002248932242951014e+02	6.041924956493650143e+02	6.078193908191649371e+02	6.111048772478845876e+02	6.140455969693404086e+02	6.166514858933085179e+02	6.189499333129804199e+02	6.209738372493100087e+02	6.227419943420186428e+02	6.242673439237298680e+02	6.255824109828156452e+02	6.267140442549359705e+02	6.276683604425070371e+02	6.284560319870083731e+02
6.198889653967238473e+02	6.201978249215643473e+02	6.202825661781761255e+02	6.201256047662327546e+02	6.197218353628297791e+02	6.190750717871331972e+02	6.181982222951680797e+02	6.171013405128751401e+02	6.157881662793201940e+02	6.142609113161770438e+02	6.125070102176224509e+02	6.105069952145886418e+02	6.081980456831734045e+02	6.055940273472288027e+02	6.027171263880402421e+02	5.995924383210901851e+02	5.961263845555872649e+02	5.923301626607590151e+02	5.882614006294343199e+02	5.838561526047933512e+02	5.791015894135512099e+02	5.739544787343785401e+02	5.683674979228730990e+02	5.622343719343652992e+02	5.554482400082217737e+02	5.479582707519975884e+02	5.395493358077144421e+02	5.299661952603025838e+02	5.191729767709153975e+02	5.068614657294217523e+02	4.902212156174851998e+02	4.635404007213313662e+02	4.364544305081273592e+02	4.164857326209875623e+02	4.026138230199693453e+02	3.929745347985050898e+02	3.860097848645846739e+02	3.805930397205410145e+02	3.757695620506941623e+02	3.704556464242834295e+02	3.636761542523149728e+02	3.551531156989548208e+02	3.452640478809165643e+02	3.346049575259987705e+02	3.236339118117144835e+02	3.128757110016009619e+02	3.034644614771460738e+02	2.963258990148735847e+02	2.916044068905378026e+02	2.886815687309760960e+02	2.868919203577618191e+02	2.856883471252646132e+02	2.847374852083107726e+02	2.838810950921396739e+02	2.830414796849146910e+02	2.821755657245284965e+02	2.812726621590636569e+02	2.803452240652900400e+02	2.794500044211108616e+02	2.785321069007200094e+02	2.775698475807463410e+02	2.766280610469592602e+02	2.757370914001509163e+02	2.749236523068752831e+02	2.742225079880417979e+02	2.736401149637945309e+02	2.731696257674541357e+02	2.727795342850710085e+02	2.724443240163834616e+02	2.721469411741133513e+02	2.718654661941429822e+02	2.716890985658163800e+02	2.715559434917519184e+02	2.714572602956540095e+02	2.713803881709220605e+02	2.712982381704244972e+02	2.711764208975873771e+02	2.710432750857079327e+02	2.708850178652273826e+02	2.707514687181180193e+02	2.707306795577133016e+02	2.708231328433035969e+02	2.709801990735913932e+02	2.712362996275555815e+02	2.717923599439824898e+02	2.725936157013318279e+02	2.737537011456300888e+02	2.753707096649129653e+02	2.774332962147244643e+02	2.799516753895106831e+02	2.831816280543920925e+02	2.870434672090095773e+02	2.918105544695334856e+02	2.980079831659130036e+02	3.062101901745029409e+02	3.180982662405510837e+02	3.398671334091443441e+02	3.703019490148584509e+02	4.040525097946878077e+02	4.384672502691416867e+02	4.681696454433132430e+02	4.906097611317252358e+02	5.073327706402939725e+02	5.204410093127924029e+02	5.312892669696832399e+02	5.406203559822854459e+02	5.488530762583145588e+02	5.562259094221060423e+02	5.629417849970866428e+02	5.690775217660536782e+02	5.746665938210142031e+02	5.798274779830687748e+02	5.846107040117262841e+02	5.890323210418166582e+02	5.931248861810115613e+02	5.968864863741857789e+02	6.003179919344252085e+02	6.034121583036862830e+02	6.061713444071208414e+02	6.086138390454224236e+02	6.107622156437028025e+02	6.126434797265796988e+02	6.142740499335511686e+02	6.156691854621450375e+02	6.168612511898794537e+02	6.178723256692173891e+02	6.187093797454459718e+02	6.193845837021676743e+02
6.115736916093014770e+02	6.118034410755484487e+02	6.118254128542719172e+02	6.116248184633668643e+02	6.111978659644651088e+02	6.105491086674708185e+02	6.096900415328474310e+02	6.086282566179087326e+02	6.073653311294985997e+02	6.059040167332369720e+02	6.042338600785034259e+02	6.023390550658790517e+02	6.001416708846845722e+02	5.976651534231516507e+02	5.949315212296489790e+02	5.919630803686948184e+02	5.886683531344788207e+02	5.850610318321101886e+02	5.811854113356437210e+02	5.769664712350888749e+02	5.723733883672422280e+02	5.673403872027065518e+02	5.618566517673840508e+02	5.558522455198765329e+02	5.492579603524354752e+02	5.420065618691739928e+02	5.339068247586810685e+02	5.247393227238474083e+02	5.144955903419509013e+02	5.029853541987203016e+02	4.876836782059425559e+02	4.623994451574861841e+02	4.336328063085517215e+02	4.122841803841347428e+02	3.974051637752717170e+02	3.870296402240173848e+02	3.796088962322985481e+02	3.740821230844276215e+02	3.695624762090650961e+02	3.648902923535138143e+02	3.588217810561634451e+02	3.508185567819891162e+02	3.412775239282378834e+02	3.309569837496179616e+02	3.201567385879051244e+02	3.091264565912819080e+02	2.990059763280850120e+02	2.909972014306440542e+02	2.855964305239553482e+02	2.823948465361289664e+02	2.806487897437643824e+02	2.796613887145726380e+02	2.789772073480178278e+02	2.783821748040757029e+02	2.777609498232145597e+02	2.770531317762533945e+02	2.762414749312882805e+02	2.753429051150179703e+02	2.744332295922006892e+02	2.734601577357111637e+02	2.724437882089159757e+02	2.714532281606531114e+02	2.705255411439666204e+02	2.696900176268239875e+02	2.689797230143964271e+02	2.683911795593053284e+02	2.679168587473897105e+02	2.675229336656146870e+02	2.671852097577958602e+02	2.669040207867670915e+02	2.666406105191751976e+02	2.664841695119810083e+02	2.663823394215895632e+02	2.663274282005424993e+02	2.663101592321439739e+02	2.663093807071778656e+02	2.662742769459254646e+02	2.662361034426233459e+02	2.661820492732450703e+02	2.661710447922135927e+02	2.663204151554066357e+02	2.666391840513541638e+02	2.670362623031109592e+02	2.675630675760990016e+02	2.684159877756504784e+02	2.695076085508715664e+02	2.709801976981285634e+02	2.729269565962678143e+02	2.753529173254037232e+02	2.782996079886105463e+02	2.819964569436984334e+02	2.863667894960242961e+02	2.918159274474496669e+02	2.989680008550407138e+02	3.085348028382489929e+02	3.226496215653884292e+02	3.484140443999239665e+02	3.823901695510489276e+02	4.185395697348592421e+02	4.517757123202796947e+02	4.772067928425395849e+02	4.954854096115531092e+02	5.094454302005680120e+02	5.208682699239971043e+02	5.305857215809846821e+02	5.390802620483286773e+02	5.466474834107975767e+02	5.534601130991096625e+02	5.596899937369535110e+02	5.653959612251911722e+02	5.706056035489275473e+02	5.754030974596355463e+02	5.798119062559401300e+02	5.838619370818682910e+02	5.876018902237264001e+02	5.910310398872375117e+02	5.941507292602206007e+02	5.969517875107500231e+02	5.994386570911908620e+02	6.016359956512899316e+02	6.035663833060974639e+02	6.052530922546227430e+02	6.067069613889221955e+02	6.079426959750283004e+02	6.089917782925192569e+02	6.098721945538013642e+02	6.105915373311493113e+02	6.111619218709038250e+02
6.046542288726021752e+02	6.048284903455851236e+02	6.048152594689981925e+02	6.046027190013057862e+02	6.041878634312975009e+02	6.035756434644770252e+02	6.027766492235066380e+02	6.017968368072881731e+02	6.006366231486517790e+02	5.993000129633583128e+02	5.977788302016624584e+02	5.960611141733284057e+02	5.940570553821298745e+02	5.917988752727618476e+02	5.893086208543295470e+02	5.866060124941641334e+02	5.836024195521154070e+02	5.803125627114168310e+02	5.767679522380542494e+02	5.728867263729708839e+02	5.686210503934223652e+02	5.639099660804790801e+02	5.587634042947870512e+02	5.530888121101905881e+02	5.467978011642163665e+02	5.398128502027668674e+02	5.319505862105754659e+02	5.229920310959159906e+02	5.128753559776125712e+02	5.013945070697017172e+02	4.864283032990220477e+02	4.621488123872733240e+02	4.307170353707107324e+02	4.075003614074365714e+02	3.914394605165066423e+02	3.802887210005545171e+02	3.723954839463899589e+02	3.667250444989020366e+02	3.624677385253813782e+02	3.584379194779938871e+02	3.531725999509345684e+02	3.458299061675102166e+02	3.367174002628532890e+02	3.267793233271674467e+02	3.163353465795186139e+02	3.054477968807221373e+02	2.951041183360792388e+02	2.865608670631766586e+02	2.805952890065505017e+02	2.770920528095971349e+02	2.753093325944666958e+02	2.744553290112888817e+02	2.739782513077846602e+02	2.735992337539075834e+02	2.731399140806800574e+02	2.725239054181975007e+02	2.717448173632625981e+02	2.708313901221092692e+02	2.698739812293575824e+02	2.688269785084286241e+02	2.677491442736038607e+02	2.667127330089954853e+02	2.657589491496472647e+02	2.649157859718835084e+02	2.642074536169819226e+02	2.636210290709323090e+02	2.631490849991655523e+02	2.627597081974349749e+02	2.624322145395126427e+02	2.621818373246769625e+02	2.619522079360447151e+02	2.618313879141842335e+02	2.617784495603855248e+02	2.617818926665623849e+02	2.618319441560332734e+02	2.619126150825669583e+02	2.619633116307356318e+02	2.620199203467634561e+02	2.620719939994922925e+02	2.621817281309772625e+02	2.625052859806422703e+02	2.630539871485975709e+02	2.636770274581568856e+02	2.644275108914323482e+02	2.654973124319194540e+02	2.667979410368046729e+02	2.684952278066136842e+02	2.706758590901423531e+02	2.733657358399312898e+02	2.766451178157145137e+02	2.807255145668625573e+02	2.855731256576768828e+02	2.917298853741467610e+02	2.999555746166769268e+02	3.111465309117851348e+02	3.280148207332179027e+02	3.586229233231333637e+02	3.962779393677772646e+02	4.337769773439904384e+02	4.642319875625621535e+02	4.856352613499972790e+02	5.010118668654894236e+02	5.132242291417351225e+02	5.234938037113612381e+02	5.323042596374534696e+02	5.400164668603553082e+02	5.468718614172167918e+02	5.530191903573858099e+02	5.586235405071764717e+02	5.637352159415238475e+02	5.683918064621185522e+02	5.726901171178903951e+02	5.766355589418999443e+02	5.802494345517507099e+02	5.835835817636095726e+02	5.866365058848698482e+02	5.894083253312959414e+02	5.918887692428679657e+02	5.940814704624190199e+02	5.960136732099205119e+02	5.977101292070157115e+02	5.991938454268347414e+02	6.004700332940907401e+02	6.015492824051685830e+02	6.024599240599371797e+02	6.032172792250796647e+02	6.038316603635840920e+02	6.043145854580674268e+02
5.994596038993845468e+02	5.995937433271806185e+02	5.995558108554664614e+02	5.993371075907939485e+02	5.989351444603476011e+02	5.983550491080269467e+02	5.976067573678469671e+02	5.966949291070666277e+02	5.956191791823464428e+02	5.943851151924665146e+02	5.929868631313715923e+02	5.914166308292242320e+02	5.895721005747273011e+02	5.874949537783294318e+02	5.852097691859028146e+02	5.827364361207338561e+02	5.799943895321699756e+02	5.770081383213228037e+02	5.738128519719114138e+02	5.703227562893086997e+02	5.664791557524722521e+02	5.622226079438710258e+02	5.575480519472789638e+02	5.523452275678403112e+02	5.465014302465060609e+02	5.399001417519316419e+02	5.323263856471335203e+02	5.235250495345519539e+02	5.133406754600503064e+02	5.014266291193313236e+02	4.858177153725575295e+02	4.614889910690831698e+02	4.270350044920947425e+02	4.018981591173059087e+02	3.846750317194948821e+02	3.727711014439954056e+02	3.644225348170721190e+02	3.586266103261461922e+02	3.546432243404057658e+02	3.512814086248837384e+02	3.469141826207345503e+02	3.404004597805581511e+02	3.318820197895503270e+02	3.224323186081413155e+02	3.124679899888436125e+02	3.019853088744347360e+02	2.918483771163062102e+02	2.832036819376244807e+02	2.769136552132041516e+02	2.731726939669038074e+02	2.713298686470927805e+02	2.705416401086864653e+02	2.701961362822232786e+02	2.699547750595027651e+02	2.695706335526236899e+02	2.689606635975698055e+02	2.681462626873495765e+02	2.671780846602989072e+02	2.661583024385906810e+02	2.650556634570676806e+02	2.639542881433154093e+02	2.629185830014760086e+02	2.619855964909785939e+02	2.611820141094668770e+02	2.605242261622737487e+02	2.599919455781741249e+02	2.595760628175238480e+02	2.592472396959519756e+02	2.589844667635335327e+02	2.588105873833088140e+02	2.586595341496204128e+02	2.586196675361712778e+02	2.586643180953853971e+02	2.587749558145816309e+02	2.589323308323799893e+02	2.591195352083517491e+02	2.592680577158907340e+02	2.594250528419496504e+02	2.595777736167211742e+02	2.598001711073892466e+02	2.602930344875869650e+02	2.610551146700416894e+02	2.618629771021883244e+02	2.627484474410267694e+02	2.639352927613924749e+02	2.653562791385249966e+02	2.671641964450259366e+02	2.694408362564719255e+02	2.722185883328049840e+02	2.756163532580358151e+02	2.798381008968288484e+02	2.849488181364331467e+02	2.916514754337723048e+02	3.008634986139519469e+02	3.137056096946388948e+02	3.335622752137539919e+02	3.692478952558459468e+02	4.100847898904798967e+02	4.474502415067192373e+02	4.746297590790342724e+02	4.928807705528190581e+02	5.064002527978789772e+02	5.174786751006649865e+02	5.268478982428479185e+02	5.348329875220030090e+02	5.417746440619400801e+02	5.479018547529342413e+02	5.533628341681824168e+02	5.583335354632105236e+02	5.628585010892068112e+02	5.669774923104982918e+02	5.707947572405271330e+02	5.743161472216413586e+02	5.775603095146842634e+02	5.805709586345128628e+02	5.833347666748325082e+02	5.858425423059932200e+02	5.880810616087605922e+02	5.900541439594187523e+02	5.917865309947476362e+02	5.933027224835365132e+02	5.946322172633558694e+02	5.957780332321859760e+02	5.967435507110418484e+02	5.975517727067503984e+02	5.982167959432272255e+02	5.987529370826863442e+02	5.991720357778168591e+02
5.959721386542598793e+02	5.960738923716619411e+02	5.960109549473443167e+02	5.957770979727299618e+02	5.953695973992385007e+02	5.947933811956063437e+02	5.940579192588725164e+02	5.931663428930845612e+02	5.921166386823342691e+02	5.909157270316131871e+02	5.895597904420876603e+02	5.880458921855970402e+02	5.862484703065247231e+02	5.842212896966509561e+02	5.819955780171662809e+02	5.795958720649618954e+02	5.769563268457478671e+02	5.741268821401843070e+02	5.711441259840006524e+02	5.679034553445746951e+02	5.643508933937057463e+02	5.604289724185275645e+02	5.561491957521407130e+02	5.513915006735510360e+02	5.460229832671923305e+02	5.398902234730092005e+02	5.327311320489999389e+02	5.242226071704401420e+02	5.140892280491523252e+02	5.018122351430806702e+02	4.853090553961664000e+02	4.598837299973126846e+02	4.224291459552737820e+02	3.953852541189047543e+02	3.770321534056266159e+02	3.644818012555987252e+02	3.558697074435394825e+02	3.501739540433313778e+02	3.466351566159164577e+02	3.440147751141002459e+02	3.405953694435128796e+02	3.350519074137673670e+02	3.273270330192370920e+02	3.184760203567223016e+02	3.090568520858365673e+02	2.991117850531986733e+02	2.894226633492786505e+02	2.810287593392672534e+02	2.747454573017740245e+02	2.709330309352519635e+02	2.690628753156345283e+02	2.682890630049675451e+02	2.679821806971876867e+02	2.677764010557203278e+02	2.673779325743289519e+02	2.667037059023325583e+02	2.658014649454358960e+02	2.647541295809872963e+02	2.636803841534178900e+02	2.625654126615193036e+02	2.614962281932334349e+02	2.605195151717489352e+02	2.596600574882844512e+02	2.589421071893275439e+02	2.583811937823381868e+02	2.579518353171841909e+02	2.576415105694047156e+02	2.574234850454275261e+02	2.572747983801817782e+02	2.572198544605741972e+02	2.571912184726385249e+02	2.572686443931190752e+02	2.574354588138992312e+02	2.576704900846779651e+02	2.579509942196991688e+02	2.582560568779990149e+02	2.585126777142440346e+02	2.587753201307347126e+02	2.590265109749940962e+02	2.593540030285255966e+02	2.599908989936701005e+02	2.609091664138729243e+02	2.618091428065063155e+02	2.627219468784611536e+02	2.639214970741446677e+02	2.653658207319870712e+02	2.671669167061589292e+02	2.693879001130233632e+02	2.720607343759918422e+02	2.753514411079333968e+02	2.794463384877545877e+02	2.845214902781904129e+02	2.914347599729695730e+02	3.012670652697828473e+02	3.153952950187716624e+02	3.378728954121530705e+02	3.782471159847256672e+02	4.218426140414345582e+02	4.579542317254072259e+02	4.820151208070753341e+02	4.979770668073175557e+02	5.102083557784501409e+02	5.203853355056708097e+02	5.289416165534289576e+02	5.361753318818921343e+02	5.424527727854874684e+02	5.479915741781874203e+02	5.529337685484865688e+02	5.574706786364984055e+02	5.616239855688502303e+02	5.654219561703489489e+02	5.689704194097876098e+02	5.722599191163399155e+02	5.753101529220838302e+02	5.781683559554984413e+02	5.808060464026500540e+02	5.831995098021258173e+02	5.853271885181625294e+02	5.871949664839628440e+02	5.888321261125624915e+02	5.902578001600136304e+02	5.915066736574157176e+02	5.925841945260801822e+02	5.934906787262048056e+02	5.942443390241405723e+02	5.948566640291651311e+02	5.953447653547366372e+02	5.957218667523113709e+02
5.935561209301750978e+02	5.936318956030346499e+02	5.935451097247952248e+02	5.932919809366799200e+02	5.928685952404712225e+02	5.922792828600204302e+02	5.915335153924779661e+02	5.906327205911186411e+02	5.895721239357540071e+02	5.883601987634824582e+02	5.869958331473458202e+02	5.854829461327979061e+02	5.836519268389718036e+02	5.815763247712566226e+02	5.793010256807244787e+02	5.768579326051215048e+02	5.742027823729476950e+02	5.713910488152281459e+02	5.684313593282497550e+02	5.652122006933575449e+02	5.617003431529242334e+02	5.578486361889580394e+02	5.537155639975956092e+02	5.491887404593442170e+02	5.441377931634601737e+02	5.383992319908932132e+02	5.316885729044116715e+02	5.236332743665832368e+02	5.138388967656812838e+02	5.016277423641703308e+02	4.847130599646350788e+02	4.576952834663888439e+02	4.170387936041629473e+02	3.880524608555874693e+02	3.687882052103637989e+02	3.559838434963452301e+02	3.475512463059575339e+02	3.423270443454840688e+02	3.394315403897883243e+02	3.375572003130322400e+02	3.349989520936670147e+02	3.303966424847427561e+02	3.235189650536361796e+02	3.152917683494183052e+02	3.064231812230506193e+02	2.970716138156107036e+02	2.879544440940176173e+02	2.800180205071595765e+02	2.740013311680014567e+02	2.703085933396520204e+02	2.684676464525194888e+02	2.676768504663269255e+02	2.673122165486541348e+02	2.670115284887083362e+02	2.664875273542422747e+02	2.656785359768065291e+02	2.646571809713196899e+02	2.635332488773123600e+02	2.624300977528279759e+02	2.613385971017390261e+02	2.603358081741135379e+02	2.594536107539757950e+02	2.587052328799566681e+02	2.581077560200770904e+02	2.576771255779709122e+02	2.573849000574936099e+02	2.572084919089670620e+02	2.571197784380249232e+02	2.570980500058689131e+02	2.571715814278213657e+02	2.572782046384216983e+02	2.574782377361806880e+02	2.577627926718728872e+02	2.581066221525889546e+02	2.584871488369664121e+02	2.588840653916520864e+02	2.592244551543982425e+02	2.595573467639561613e+02	2.598640525030134540e+02	2.602428673687307992e+02	2.609403962603521450e+02	2.619080611857724534e+02	2.627943304066115502e+02	2.636687788191963477e+02	2.648260116002328459e+02	2.662162710380702038e+02	2.679233718237361472e+02	2.699943765110436971e+02	2.724623051661178579e+02	2.755315528509365777e+02	2.793593526209643869e+02	2.842120541825302098e+02	2.910270260089149019e+02	3.010087079353412491e+02	3.158102622677927229e+02	3.401996260464970874e+02	3.848945020903428258e+02	4.311616587279028749e+02	4.653262689662294633e+02	4.864906119932869615e+02	5.006592459565097784e+02	5.117834766306771144e+02	5.211108271652487929e+02	5.289570093579782224e+02	5.356214066606407869e+02	5.414847851489578261e+02	5.467228737733892103e+02	5.514443511959857460e+02	5.558532739152653903e+02	5.599208152728895129e+02	5.636469961967494555e+02	5.671428598587103806e+02	5.703770107016107431e+02	5.733656342749759460e+02	5.761749204519167051e+02	5.787844954090112424e+02	5.811564131606683077e+02	5.832473934796869344e+02	5.850674463683781141e+02	5.866691021016113154e+02	5.880635185583021212e+02	5.892789086085948611e+02	5.903253701948402750e+02	5.912062637060628276e+02	5.919362076786203488e+02	5.925215971390435925e+02	5.929818590812624279e+02	5.933323357962131013e+02
5.910284860623287386e+02	5.910847312078932418e+02	5.909779675686077098e+02	5.907077629215494881e+02	5.902684289955670920e+02	5.896639281865557223e+02	5.889048054371661465e+02	5.879911363629582866e+02	5.869150875230118345e+02	5.856888366123266678e+02	5.843168432745142127e+02	5.828156366721023005e+02	5.809507042095782481e+02	5.788307458780806201e+02	5.765252507235084067e+02	5.740770084405753551e+02	5.714327263176471661e+02	5.686103928854735159e+02	5.656034660100199289e+02	5.623040908231678259e+02	5.586863063675139074e+02	5.547019803451462394e+02	5.504750873136738392e+02	5.459101470714977040e+02	5.409027278221140023e+02	5.353162170769162458e+02	5.288898096352277207e+02	5.212609929151817596e+02	5.119759079445604470e+02	5.002443098348423973e+02	4.835355387944725294e+02	4.550865387210891413e+02	4.108975800593124177e+02	3.802662847769120162e+02	3.606773709736936553e+02	3.482191923723261198e+02	3.404334384176464710e+02	3.359489902639842285e+02	3.337383443136909591e+02	3.324434281107710376e+02	3.304636189796357257e+02	3.265517079349782534e+02	3.203746718308582331e+02	3.126497687336247395e+02	3.042097336443612221e+02	2.954107415253051840e+02	2.868862674221833231e+02	2.794538078089763076e+02	2.738251576943117129e+02	2.703950234926782059e+02	2.686631815293391128e+02	2.678676371167869092e+02	2.673946024144457283e+02	2.669069406005245355e+02	2.661768455618168900e+02	2.651889025148439032e+02	2.640432516180215430e+02	2.628645549819945018e+02	2.617597449641151570e+02	2.607113165297848809e+02	2.597831095022130512e+02	2.590017580264320713e+02	2.583705198029288113e+02	2.578929759021220889e+02	2.575773742047929318e+02	2.573977330001110317e+02	2.573238072023219729e+02	2.573294974573454965e+02	2.573985960396978498e+02	2.575592594712725827e+02	2.577574549871479803e+02	2.580336064274184764e+02	2.583837763521139550e+02	2.587764385502227924e+02	2.591857601314148383e+02	2.595964713187627240e+02	2.599434087639858717e+02	2.602675040869085024e+02	2.605479480965332186e+02	2.608947278256539448e+02	2.615502191974887864e+02	2.624608527618858034e+02	2.632675366185379175e+02	2.640834392907974006e+02	2.651861836687965024e+02	2.664976159789179064e+02	2.680910215307757198e+02	2.700193658302420090e+02	2.723253917604002936e+02	2.752292985679756612e+02	2.788589500892069282e+02	2.835152483492859119e+02	2.901281787791401712e+02	2.999717383629925962e+02	3.149221824800646914e+02	3.406379520034926145e+02	3.895043872467766732e+02	4.379583975073577449e+02	4.698024985756347860e+02	4.883613056785370645e+02	5.010178842960937118e+02	5.111721302776678613e+02	5.198181609231683069e+02	5.272125032115609429e+02	5.336150213138998879e+02	5.393875911681974458e+02	5.446200196299048457e+02	5.493605426056542456e+02	5.538365236019492386e+02	5.579560198637277608e+02	5.616906798002793266e+02	5.651780437288894063e+02	5.683760197683574233e+02	5.712990151333783615e+02	5.740292162444959558e+02	5.765773527926653514e+02	5.789082387601335995e+02	5.809478746209954352e+02	5.827109493570372933e+02	5.842824243153095267e+02	5.856596824019422911e+02	5.868550825702898237e+02	5.878831683387139719e+02	5.887522947697813152e+02	5.894726526948435321e+02	5.900438555925188666e+02	5.904881064850910661e+02	5.908225554538898905e+02
5.875524147554878027e+02	5.875917233932154886e+02	5.874652855243141403e+02	5.871770760291897204e+02	5.867189990018209755e+02	5.860953067724274206e+02	5.853191654933598329e+02	5.843900391472811862e+02	5.832979949289489241e+02	5.820637767140794949e+02	5.807035692745005235e+02	5.792561235105524702e+02	5.774036890403594953e+02	5.753140204139422167e+02	5.730655659577258803e+02	5.707001441574126375e+02	5.681159516201864790e+02	5.653179341488935279e+02	5.623153214357470233e+02	5.589854272818433856e+02	5.552917619266349902e+02	5.511635336811897332e+02	5.467838159272974963e+02	5.420511189642686531e+02	5.368768346555307289e+02	5.311613164858349592e+02	5.247081393434403935e+02	5.172508729630187645e+02	5.083865766917268729e+02	4.972771709257146995e+02	4.811094249706673054e+02	4.518227121754945870e+02	4.042813292686980731e+02	3.726949776751398531e+02	3.534550346605153663e+02	3.418028993658092531e+02	3.348448283596015926e+02	3.310282297240407843e+02	3.292617850588056854e+02	3.281976717709649165e+02	3.263773998579086424e+02	3.227499741548223824e+02	3.169709194820761695e+02	3.095524304916341407e+02	3.013722766653824010e+02	2.929703293616454403e+02	2.849274159811518530e+02	2.779419498435003106e+02	2.727305449245908449e+02	2.696159599391061192e+02	2.680245180248512611e+02	2.672045681159136734e+02	2.665867444102609625e+02	2.658927834126074572e+02	2.649655344371387855e+02	2.638283652655962896e+02	2.625921907115759382e+02	2.613821146092705021e+02	2.602851425018844793e+02	2.592736944370807350e+02	2.583975244145875649e+02	2.576785901143273918e+02	2.571124638128832203e+02	2.566897688302953497e+02	2.564092558995405398e+02	2.562539219253184797e+02	2.561976087026284858e+02	2.562180307516661060e+02	2.562998160829795324e+02	2.564657823039021309e+02	2.566720419401098070e+02	2.569433159037451446e+02	2.572752075257640172e+02	2.576341371773629589e+02	2.579954335878474012e+02	2.583471701363130251e+02	2.586353482984201264e+02	2.588978464515962514e+02	2.591078536996155890e+02	2.593821117946985169e+02	2.599551352911280446e+02	2.607661905871351564e+02	2.614855249002679329e+02	2.622582555482963471e+02	2.633154365340686809e+02	2.645693848771695684e+02	2.661020849418144394e+02	2.679775051956584662e+02	2.702445319010121239e+02	2.731288141609250033e+02	2.767653732901868580e+02	2.814412563597644521e+02	2.880268162794710634e+02	2.978000956508039963e+02	3.127081083714007264e+02	3.394507233034711930e+02	3.923634096605651393e+02	4.419730702010956520e+02	4.713765262166314187e+02	4.878060994014820153e+02	4.993161734098846409e+02	5.088121395144454482e+02	5.171385923893869858e+02	5.244449652878781762e+02	5.308767955400581968e+02	5.367618860882975014e+02	5.420943491583807372e+02	5.468751445344976219e+02	5.513975959649276319e+02	5.555154911950671703e+02	5.591838423489191428e+02	5.625917058172680072e+02	5.656993224455768541e+02	5.685181585035843455e+02	5.711247717142647389e+02	5.735483676339338217e+02	5.757710159863329409e+02	5.776984113852454357e+02	5.793608771093937548e+02	5.808838293163295248e+02	5.822418286269008831e+02	5.834229677304256256e+02	5.844400184988181763e+02	5.853060889070463872e+02	5.860273290596734341e+02	5.865942645759374727e+02	5.870322675230684126e+02	5.873590708881963565e+02
5.832152705909261385e+02	5.832366045875036207e+02	5.830880040516541385e+02	5.827786905501520778e+02	5.822978913794570417e+02	5.816511390589153052e+02	5.808560296151488274e+02	5.799125982318198567e+02	5.788110968106938117e+02	5.775884884352012705e+02	5.762783160996555125e+02	5.749370247627853132e+02	5.731405881903756381e+02	5.711190070207499048e+02	5.689424416840245158e+02	5.666272383121572602e+02	5.640698766723696735e+02	5.612951497695371472e+02	5.583248663922939841e+02	5.550115931866455412e+02	5.513097646221237937e+02	5.471136795955474099e+02	5.426705428516570464e+02	5.378394332907337230e+02	5.325089279568869642e+02	5.265716632598830529e+02	5.198695403778152695e+02	5.122794736267425151e+02	5.035611512339631872e+02	4.929024483645498549e+02	4.773477084087722915e+02	4.479865083184413947e+02	3.979032407741608495e+02	3.660725684908176163e+02	3.475184558345737287e+02	3.366061751780623581e+02	3.301098177991085549e+02	3.264633125693526381e+02	3.246439972354478414e+02	3.233655963851538218e+02	3.213115278232264700e+02	3.176319474797076055e+02	3.120281485300289432e+02	3.048296009681283749e+02	2.968520726482208829e+02	2.887415285433021950e+02	2.810980708697841237e+02	2.745389322855747878e+02	2.697348159575076352e+02	2.669237080813729222e+02	2.654413010747296084e+02	2.645456677792868163e+02	2.637496618814014937e+02	2.628519526026340145e+02	2.617572168470046563e+02	2.605119171182160471e+02	2.592190607372608611e+02	2.579882264708368211e+02	2.568894000685965011e+02	2.558908753951682797e+02	2.550317958470631936e+02	2.543257115931351677e+02	2.537642304938427174e+02	2.533329758855874161e+02	2.530285436636318082e+02	2.528410387516985622e+02	2.527500268661789846e+02	2.527347401289798086e+02	2.527807401552859972e+02	2.529040505680314368e+02	2.530698939926592743e+02	2.532910001483473081e+02	2.535664061156529101e+02	2.538636642498208857e+02	2.541594185363721863e+02	2.544393340143762430e+02	2.546593677707599852e+02	2.548568619391534469e+02	2.549987594554387442e+02	2.552060334828738632e+02	2.557021289362556047e+02	2.564081933834324900e+02	2.570426082769585037e+02	2.577757115709350728e+02	2.587831726946255344e+02	2.599853294510849082e+02	2.614851640760223290e+02	2.633561519857738631e+02	2.656523990402667437e+02	2.686044867862215142e+02	2.723744304795707194e+02	2.772775585199331090e+02	2.841602325413469998e+02	2.942426336640336331e+02	3.093556328501750841e+02	3.372441046607162320e+02	3.942239363818547417e+02	4.436468904987857513e+02	4.705203881069887188e+02	4.854008144643611331e+02	4.962750104297068674e+02	5.055582655916574026e+02	5.139048696378683871e+02	5.213123610029986139e+02	5.278109415600868033e+02	5.337554884818900973e+02	5.390869335108093310e+02	5.437933718466058508e+02	5.482737865902272461e+02	5.523206400811652657e+02	5.558710147986711263e+02	5.591764068178586058e+02	5.621986880910303626e+02	5.649417359190176740e+02	5.674659506715697717e+02	5.697954546474502422e+02	5.719079787662731178e+02	5.736943007547531579e+02	5.752123874791333265e+02	5.766452545929593043e+02	5.779585243362641904e+02	5.791172273131957127e+02	5.801201403598421393e+02	5.809825907030640337e+02	5.817073177536142339e+02	5.822736922688654886e+02	5.827101633503725679e+02	5.830333362023875452e+02
5.785092222121943450e+02	5.785114430567833779e+02	5.783421007889608063e+02	5.780166259730638103e+02	5.775218325714693037e+02	5.768669263328721399e+02	5.760760120804179678e+02	5.751470976078901458e+02	5.740674039806283417e+02	5.728876181468846198e+02	5.716553851694386594e+02	5.704423378935088067e+02	5.686901580407604797e+02	5.666706657188847203e+02	5.644841323682456959e+02	5.621341314566222991e+02	5.595425168136002867e+02	5.567463805775254286e+02	5.537761151025084700e+02	5.504603358187175672e+02	5.467546028875331103e+02	5.425181200521353730e+02	5.380942973997478020e+02	5.332927997938277258e+02	5.279670311028413607e+02	5.219617293262665498e+02	5.150801425161022280e+02	5.072541784502459450e+02	4.983674283822376765e+02	4.877493204253419208e+02	4.727313846971468365e+02	4.439849639133814208e+02	3.923403822518788502e+02	3.605058790372717112e+02	3.421836890222962779e+02	3.311696698784023738e+02	3.242869377156863493e+02	3.201725903986187518e+02	3.178983288063257078e+02	3.161900328038805128e+02	3.138084844699485529e+02	3.100564759026460706e+02	3.046889255527527780e+02	2.978658519993505251e+02	2.902654013602020768e+02	2.825685365416297827e+02	2.753989169373782033e+02	2.693307620329374004e+02	2.649672279147220024e+02	2.624503126081666551e+02	2.610448698135289760e+02	2.600582261663836334e+02	2.591031520629101124e+02	2.580404498213760007e+02	2.568165823068795817e+02	2.554962231318001500e+02	2.541726091787561472e+02	2.529388324637166647e+02	2.518491902387204959e+02	2.508717171229058067e+02	2.500362268356457776e+02	2.493474230902167506e+02	2.487943544559974498e+02	2.483632969674147830e+02	2.480518184816808116e+02	2.478486265368741783e+02	2.477358492701300747e+02	2.476958273512079245e+02	2.477163896961756677e+02	2.478082280622294604e+02	2.479450735819933982e+02	2.481271892269689090e+02	2.483586984273554208e+02	2.486071693985215916e+02	2.488483916521585684e+02	2.490655971670053077e+02	2.492280829226149876e+02	2.493714055004917896e+02	2.494559374037697239e+02	2.496096423204522807e+02	2.500416672892785073e+02	2.506504030096393763e+02	2.511914909176489346e+02	2.518565946049818649e+02	2.527756885359886496e+02	2.538741370390371799e+02	2.552725485881762779e+02	2.570563373577431321e+02	2.592916147470895112e+02	2.622229602867819835e+02	2.660400384192670344e+02	2.711261845102321786e+02	2.783849319563674953e+02	2.890603737633593937e+02	3.048498097929145842e+02	3.344786791704430016e+02	3.959585359622939222e+02	4.438669857827718488e+02	4.681774479327784775e+02	4.821350412826913612e+02	4.929314186183459015e+02	5.023397280934169657e+02	5.107359568533063339e+02	5.180939260044797265e+02	5.244585163465542337e+02	5.302897751148550469e+02	5.354965007802825312e+02	5.400546883502275932e+02	5.444761488493818433e+02	5.484620478732199444e+02	5.519190437156735243e+02	5.551643361140378374e+02	5.581551764113760328e+02	5.608854155985650323e+02	5.633988076558349576e+02	5.657160776120368837e+02	5.677967732493013955e+02	5.694901539353522821e+02	5.708715026379672963e+02	5.721948333628384944e+02	5.734351200121363945e+02	5.745429626076272598e+02	5.755034594749347434e+02	5.763373562390659117e+02	5.770469684350908892e+02	5.776000456231752196e+02	5.780270784179145949e+02	5.783418017281205721e+02
5.739381716757436607e+02	5.739219550089449058e+02	5.737379796156585599e+02	5.734089280713067183e+02	5.729166206916677311e+02	5.722723101699891686e+02	5.715061703760820819e+02	5.706119610955909138e+02	5.695668868874273585e+02	5.684241494573975615e+02	5.672412727250248281e+02	5.661319362049779329e+02	5.643684275527741647e+02	5.622836254235761544e+02	5.600290997900495995e+02	5.576112925949776127e+02	5.549548884909754634e+02	5.521082803268632233e+02	5.491124170576121060e+02	5.457703159060491771e+02	5.420453126815788210e+02	5.377610881680998318e+02	5.333870516952520120e+02	5.286866750915581861e+02	5.234966594703694227e+02	5.176253575164649874e+02	5.108122892123009251e+02	5.029117636960280606e+02	4.937202474594348587e+02	4.827367391361481168e+02	4.679623072668545092e+02	4.403065907763627820e+02	3.875666205124035173e+02	3.548911409123946896e+02	3.354796450371582068e+02	3.233227518374153533e+02	3.155819706645102087e+02	3.109752567629345776e+02	3.084276350716936577e+02	3.065295018021017768e+02	3.040691035986476436e+02	3.004842854907892047e+02	2.955891066715067836e+02	2.893980024795575332e+02	2.824102572999961467e+02	2.753131900001905024e+02	2.687632069243308024e+02	2.632982784494383850e+02	2.594442453009256724e+02	2.572403500174763167e+02	2.559207990882736681e+02	2.548713529327469303e+02	2.538027572304995374e+02	2.526225788290258834e+02	2.513125985748769153e+02	2.499582566676045019e+02	2.486466340428660828e+02	2.474555524073606421e+02	2.464209883482328109e+02	2.455108111578990133e+02	2.447453386340729082e+02	2.441218814660817316e+02	2.436274314926233444e+02	2.432490901492232638e+02	2.429832570099849249e+02	2.428142654016181154e+02	2.427263786105253871e+02	2.427041965329824507e+02	2.427367094694179173e+02	2.428304818172034061e+02	2.429676490000613001e+02	2.431367435806906201e+02	2.433453579159538833e+02	2.435605791372280464e+02	2.437584438569061263e+02	2.439229331265673864e+02	2.440367776007665555e+02	2.441308372672603753e+02	2.441607978478397172e+02	2.442640553217195531e+02	2.446365718458716856e+02	2.451511510006504864e+02	2.455949884710030915e+02	2.461709137879497007e+02	2.469652497493594581e+02	2.479032885742527981e+02	2.491178076694696983e+02	2.506968565464027563e+02	2.527115673772530613e+02	2.554095414398348112e+02	2.590120848899854877e+02	2.639707069947705804e+02	2.712850962781728867e+02	2.823569157229757138e+02	2.990390068726881623e+02	3.312580587869863393e+02	3.979159517015174288e+02	4.433181699030395748e+02	4.654417586570646108e+02	4.791821226385932277e+02	4.902094959976952850e+02	4.996804537696670536e+02	5.078773051782300172e+02	5.149291479430671643e+02	5.209803454259672435e+02	5.265985741851052353e+02	5.316366819539593962e+02	5.360383407396741404e+02	5.404235517206273016e+02	5.443782332828018298e+02	5.477719882484647087e+02	5.509932574366393965e+02	5.539907446795469923e+02	5.567448097088267787e+02	5.592851260235038353e+02	5.616372085574080302e+02	5.637451903572921310e+02	5.654001248932681847e+02	5.666892409668398614e+02	5.679439554407913420e+02	5.691342918617547184e+02	5.701914532146836336e+02	5.710979319431755812e+02	5.718876208104497891e+02	5.725660762724826327e+02	5.730887612775943580e+02	5.734921617614515981e+02	5.737895353466576580e+02
5.698583233622769058e+02	5.698255690993023563e+02	5.696294761153797026e+02	5.693004046815442507e+02	5.688111653725597989e+02	5.681692371928902503e+02	5.674085063931909190e+02	5.665238883041613462e+02	5.654837351883146539e+02	5.643467422973494649e+02	5.631851704038250546e+02	5.621679025215566980e+02	5.603637616930393506e+02	5.582008446297024875e+02	5.558724091908673017e+02	5.533831230944656454e+02	5.506615239362467946e+02	5.477678231934673931e+02	5.447521456947210936e+02	5.413903095137948185e+02	5.376561329506978382e+02	5.333352979434876033e+02	5.290362495578006019e+02	5.244729355483004838e+02	5.194802653286524219e+02	5.138551223577778728e+02	5.073027101460958193e+02	4.995920605877394109e+02	4.903121515617202704e+02	4.788912547352840647e+02	4.638352407242857680e+02	4.372675968031076081e+02	3.827589041521246145e+02	3.474944795846976149e+02	3.259672540495890871e+02	3.127159324431908090e+02	3.047690562785895736e+02	3.003941088038892531e+02	2.981018478807758356e+02	2.963453220319489674e+02	2.940312894140652134e+02	2.907592769131498471e+02	2.864248566956412105e+02	2.809691021628184444e+02	2.747294037806065035e+02	2.683486921764752537e+02	2.624976940449262202e+02	2.576946406673533829e+02	2.543918171798818548e+02	2.525075516125069726e+02	2.512559262458653393e+02	2.501373435063552222e+02	2.489726537783282652e+02	2.477160726924934693e+02	2.463815529937503754e+02	2.450636152592433064e+02	2.438371764318970349e+02	2.427602872775929654e+02	2.418473734496195391e+02	2.410641970423220073e+02	2.404223656668108902e+02	2.399132849066211293e+02	2.395216145515470885e+02	2.392349205080560068e+02	2.390490241217758012e+02	2.389462330345938881e+02	2.389107215463394027e+02	2.389281816362381505e+02	2.389884498001925692e+02	2.390959740067130497e+02	2.392411632688287568e+02	2.394037637018348619e+02	2.395929626026062920e+02	2.397761283200271407e+02	2.399319373326965490e+02	2.400472955177597214e+02	2.401159700672094175e+02	2.401613583033957582e+02	2.401380033770928435e+02	2.401920199446880417e+02	2.405031052107848950e+02	2.409273766080314658e+02	2.412803183498820090e+02	2.417647020708798493e+02	2.424327368551085442e+02	2.432036456369354198e+02	2.442074491719704952e+02	2.455245702203025644e+02	2.472188670939155486e+02	2.495205187577708443e+02	2.526609961482917015e+02	2.571328368177200332e+02	2.640173040974630112e+02	2.748921839088129673e+02	2.920937975460591929e+02	3.274052775651420575e+02	4.000642582406867973e+02	4.427090448688925903e+02	4.635685291553737102e+02	4.775013775342727058e+02	4.885380991790028702e+02	4.976843050755605304e+02	5.054341018012855784e+02	5.120528184733112766e+02	5.177303861913185301e+02	5.231111413407525106e+02	5.279710556153423795e+02	5.322132252006128965e+02	5.365684576675619155e+02	5.404970435255850134e+02	5.438309252656757735e+02	5.470359699615435147e+02	5.500501345954555745e+02	5.528353085228310420e+02	5.554141298991694384e+02	5.578186959615713931e+02	5.599706518077598503e+02	5.616020761480015153e+02	5.628195380242016199e+02	5.640408003147310865e+02	5.652182305969784011e+02	5.662578083753473948e+02	5.671392107975501631e+02	5.679082987438450800e+02	5.685706581440404079e+02	5.690669598794302146e+02	5.694467427327037967e+02	5.697273593231271889e+02
5.664128554792914656e+02	5.663645996374743845e+02	5.661524478600013026e+02	5.658144984014425063e+02	5.653145675081730133e+02	5.646567771709611634e+02	5.638796220470401295e+02	5.629811298084864575e+02	5.619233782770556900e+02	5.607776700710737714e+02	5.596352515443641096e+02	5.587143704294403506e+02	5.568700508576746415e+02	5.546311873869872215e+02	5.522336593248228382e+02	5.496819976536276044e+02	5.469072557808656256e+02	5.439803125511188000e+02	5.409573585894327152e+02	5.375798618333988088e+02	5.338385969961226465e+02	5.294838737259680101e+02	5.252693972803339193e+02	5.208517323521975868e+02	5.160664489603833545e+02	5.107072246934927193e+02	5.044692926262280253e+02	4.971249251111050853e+02	4.881335156837004661e+02	4.765986060937269713e+02	4.608946284832328502e+02	4.346107732525878191e+02	3.764886405855099838e+02	3.375015309858468981e+02	3.144300603153651537e+02	3.013986068741371582e+02	2.943487052206595536e+02	2.907525887273022818e+02	2.888679050411334401e+02	2.872819047857580017e+02	2.851261436165941632e+02	2.821565511659197227e+02	2.783563064923641832e+02	2.736340688029147259e+02	2.681822458463061025e+02	2.625592168887816342e+02	2.574261300343626999e+02	2.532816931596090058e+02	2.504877542840235378e+02	2.488687200324113178e+02	2.476551959386112003e+02	2.464711288772818989e+02	2.452433882403712460e+02	2.439740122468574555e+02	2.426927392751198624e+02	2.414827851987011798e+02	2.404003064941179559e+02	2.394846954375458097e+02	2.387307249946168213e+02	2.381022227241708720e+02	2.376039046778958834e+02	2.372233569240869429e+02	2.369440455911471588e+02	2.367537099077424045e+02	2.366485652312526611e+02	2.366109428132755284e+02	2.366244653026439551e+02	2.366761526457308662e+02	2.367574314758271612e+02	2.368710674279663806e+02	2.370139392535665763e+02	2.371604936638921117e+02	2.373225344727255219e+02	2.374695833680115129e+02	2.375827655898842750e+02	2.376518489183745828e+02	2.376804767255898696e+02	2.376852145914857033e+02	2.376195082805641050e+02	2.376320348320356857e+02	2.378869655334921447e+02	2.382343018951973477e+02	2.385159475630296697e+02	2.389290737419438244e+02	2.394918686648520634e+02	2.401244689865663986e+02	2.409462398158245833e+02	2.420196609867692246e+02	2.433909320269280272e+02	2.452540427194788037e+02	2.478160471503555868e+02	2.515655172706209441e+02	2.576137521969377531e+02	2.676571948991648924e+02	2.846031088167339931e+02	3.224953482361429451e+02	4.018296786621823458e+02	4.425518533702257855e+02	4.631555851152154446e+02	4.770698939356936989e+02	4.876304507841737177e+02	4.961342422584579026e+02	5.033436415999809697e+02	5.095372376818040721e+02	5.148610220380732017e+02	5.200307877885775270e+02	5.247296927639815749e+02	5.288202797631308840e+02	5.331625639006008441e+02	5.370815642744202023e+02	5.403592778875822660e+02	5.435472517576337168e+02	5.465748432242116905e+02	5.493882868812497691e+02	5.520070311369199771e+02	5.544705390311310111e+02	5.566741457559742230e+02	5.582871930401845475e+02	5.594362624601347989e+02	5.606317830243740445e+02	5.618092755995667176e+02	5.628513078343922871e+02	5.637306244152404133e+02	5.645013068497160020e+02	5.651670973979505561e+02	5.656528959914694497e+02	5.660212000364224423e+02	5.662941129681520351e+02
5.636796869904221694e+02	5.636204919935734097e+02	5.634009666643032688e+02	5.630636186308406650e+02	5.625649138520730048e+02	5.619053247497708981e+02	5.611206620631235182e+02	5.602132006610675035e+02	5.591409710432935753e+02	5.579843448203162097e+02	5.568488349501803896e+02	5.559919197412460790e+02	5.541114562729678710e+02	5.518071456206077983e+02	5.493436246090925579e+02	5.467246840380960293e+02	5.438825528828429015e+02	5.409001344034054455e+02	5.378433297516650100e+02	5.344137924911248092e+02	5.306210455551236009e+02	5.261789829789610167e+02	5.219808444456241432e+02	5.176320416195874259e+02	5.129729105225528656e+02	5.078004738899442145e+02	5.018190074877431925e+02	4.948909522879368978e+02	4.864162772246708073e+02	4.751715835904944925e+02	4.589294516437831248e+02	4.316196075279902971e+02	3.679680370146421069e+02	3.258142663883036221e+02	3.031065083069845514e+02	2.916388589066714871e+02	2.858145473140695003e+02	2.828477026129058913e+02	2.811814377077696463e+02	2.796708264137440665e+02	2.776467323693449316e+02	2.749783574268304847e+02	2.717032308065181496e+02	2.677013392220935657e+02	2.630440275110974540e+02	2.581949631226116253e+02	2.537937444957055959e+02	2.503087709366496938e+02	2.479973736299068037e+02	2.466245186940181497e+02	2.454886513641789634e+02	2.443196819403485733e+02	2.431175784207840422e+02	2.419203629263161019e+02	2.407622747513409536e+02	2.397093668361609957e+02	2.387988845149985480e+02	2.380555630055566780e+02	2.374608613248676932e+02	2.369787043871008905e+02	2.366082577938375948e+02	2.363354304063818461e+02	2.361443247339518337e+02	2.360230301570211680e+02	2.359669149513130151e+02	2.359613063064376774e+02	2.359914056425291164e+02	2.360467718204195648e+02	2.361208799430886245e+02	2.362147643678295310e+02	2.363300507732399183e+02	2.364405252319832016e+02	2.365592781827321005e+02	2.366588658763244553e+02	2.367218531226893390e+02	2.367414307829785969e+02	2.367268484757390468e+02	2.366877526618770844e+02	2.365830737754566258e+02	2.365566775596886941e+02	2.367529453835956019e+02	2.370205997749503126e+02	2.372365353628209164e+02	2.375816676151467846e+02	2.380478390073624837e+02	2.385643108086154029e+02	2.392354044095067991e+02	2.401047223187824784e+02	2.412022040637095870e+02	2.426755940621744685e+02	2.446853710916009277e+02	2.476660250345910868e+02	2.526958117605534540e+02	2.615142840694975348e+02	2.774613015360513373e+02	3.165844355066830076e+02	4.024951747363242021e+02	4.428090840397859438e+02	4.635147521986299921e+02	4.769230556203079345e+02	4.867055249647776805e+02	4.944871586433474704e+02	5.011910623692398303e+02	5.070650724730470529e+02	5.121447686066119331e+02	5.172443936024619688e+02	5.218874515828754284e+02	5.258884658705264883e+02	5.302828984463876623e+02	5.342562261999910334e+02	5.375199159898270409e+02	5.407284594948589529e+02	5.437965600801614983e+02	5.466566046493376234e+02	5.493250182129772838e+02	5.518478480494832183e+02	5.540994681772918966e+02	5.557069922630035990e+02	5.568106254472472756e+02	5.579925166803146794e+02	5.591711161572014817e+02	5.602134510543123724e+02	5.610867788516585506e+02	5.618467351800672986e+02	5.624997991338723295e+02	5.629652328857412158e+02	5.633140571451610867e+02	5.635734772094700702e+02
5.596705120329025931e+02	5.596057877174165469e+02	5.593921695631539706e+02	5.590700167281726181e+02	5.585970672948960782e+02	5.579810329662682307e+02	5.572741827527737541e+02	5.564643213000085780e+02	5.554964448011971854e+02	5.544535377445865834e+02	5.534479275252313073e+02	5.527425117895284075e+02	5.510025592483752916e+02	5.488285505881465269e+02	5.464703272313709022e+02	5.439339065846486392e+02	5.411614639869252414e+02	5.382396316931785805e+02	5.352338643797293116e+02	5.317517011742545492e+02	5.278052291008855263e+02	5.231373288191941811e+02	5.187777784195935737e+02	5.143303991245725229e+02	5.096356558003822670e+02	5.045050138341624120e+02	4.986570795804046270e+02	4.920915087087934126e+02	4.841676099584685744e+02	4.734162075696216334e+02	4.569613569861007250e+02	4.275576273508875147e+02	3.577118777274421859e+02	3.140107929442788190e+02	2.934054718132613289e+02	2.836231445821582042e+02	2.786163981227548447e+02	2.759746597664458818e+02	2.744210216842019463e+02	2.729807771207814540e+02	2.711181768447603986e+02	2.687610262526679890e+02	2.659549365969896826e+02	2.625724941643852048e+02	2.586149562480050008e+02	2.544465166950031971e+02	2.506627480716074103e+02	2.477021208499274394e+02	2.457602535438614666e+02	2.445742525579522635e+02	2.435295857858441479e+02	2.424304558916989549e+02	2.413144949224067091e+02	2.402355721580881323e+02	2.392253325465687226e+02	2.383337009468139627e+02	2.375820676076315294e+02	2.369827113717145153e+02	2.365105392527940751e+02	2.361321450772621233e+02	2.358429936940718790e+02	2.356289909152039286e+02	2.354769187043502541e+02	2.353779703350616614e+02	2.353282330736780352e+02	2.353157063856329785e+02	2.353294356367397882e+02	2.353619691084403485e+02	2.354082182943835733e+02	2.354682048212166592e+02	2.355465853531988500e+02	2.356186599049151766e+02	2.356960314803675942e+02	2.357538380255915627e+02	2.357766651010608427e+02	2.357597763606881074e+02	2.357135602738699163e+02	2.356445889963993636e+02	2.355211485147702035e+02	2.354771205240960512e+02	2.356324861047841353e+02	2.358431068744623076e+02	2.360212927775062042e+02	2.363178725891887666e+02	2.367143954770301093e+02	2.371569400105604473e+02	2.377335699398310567e+02	2.384684151259013447e+02	2.393856511279821007e+02	2.405994601890216131e+02	2.422251874120831872e+02	2.446157112429232257e+02	2.487775787768400164e+02	2.563712839322478203e+02	2.709205839264261613e+02	3.101671070935749412e+02	4.014904731076198345e+02	4.427724090554362419e+02	4.633314776085446738e+02	4.759570094104077498e+02	4.849443815832394762e+02	4.920920585404295480e+02	4.984382237359899364e+02	5.041678753158555537e+02	5.091757230288292249e+02	5.144379244232216024e+02	5.192341341129197190e+02	5.232982966900327710e+02	5.278825913600683180e+02	5.320044464610050454e+02	5.352098060348449735e+02	5.383347200527168752e+02	5.413075560872350707e+02	5.440625631223283563e+02	5.466098504425065130e+02	5.489900970133236342e+02	5.510813278331954734e+02	5.525384478307767040e+02	5.534767694640594300e+02	5.545212432853322753e+02	5.555745924864327208e+02	5.565074005423562085e+02	5.572859500916144952e+02	5.579745374496903878e+02	5.585820778374668407e+02	5.590174472472169782e+02	5.593366669025778037e+02	5.595755778200705208e+02
5.520511301366148018e+02	5.519953710123490964e+02	5.518185174644485187e+02	5.515797071334702650e+02	5.512126597484681270e+02	5.507482315410363753e+02	5.502920811807932751e+02	5.497995199119675362e+02	5.491841657799145651e+02	5.485680376054313001e+02	5.481090863200001877e+02	5.481958755825319258e+02	5.469844262214567152e+02	5.452721347655833597e+02	5.432639505685870063e+02	5.409158087720657022e+02	5.380839433269381971e+02	5.350534498822067917e+02	5.320366166614069243e+02	5.286829576648638067e+02	5.249244678305462912e+02	5.200500037137169329e+02	5.154798732659551206e+02	5.108753554581917342e+02	5.060109420527037969e+02	5.007631843293924021e+02	4.948673437073379091e+02	4.884708882032921338e+02	4.809975255839819965e+02	4.707485690349807328e+02	4.543313420697471088e+02	4.225209833183918136e+02	3.472463730696611037e+02	3.036080856014870051e+02	2.854297897398801638e+02	2.769518666175202952e+02	2.725186037001511750e+02	2.701674686820750821e+02	2.687913458707159862e+02	2.674969567166838260e+02	2.658380837482751531e+02	2.637770694144156778e+02	2.613528539030423872e+02	2.584344080054987671e+02	2.549705597533674677e+02	2.512465293160127828e+02	2.478241389280512692e+02	2.451177488393703072e+02	2.433104318700011390e+02	2.421685108863194387e+02	2.411443449225629365e+02	2.400725802784110101e+02	2.389964304832036532e+02	2.379719589132152464e+02	2.370332679654244714e+02	2.362234521609631770e+02	2.355554994879506125e+02	2.350343259804741933e+02	2.346306954270922063e+02	2.343116853915539650e+02	2.340687066074209213e+02	2.338887725797039820e+02	2.337626606605020356e+02	2.336857944864098613e+02	2.336559661374808456e+02	2.336604037613697074e+02	2.336892118222804413e+02	2.337358131862776816e+02	2.337958300792523119e+02	2.338672805030507789e+02	2.339578208094927163e+02	2.340380618589105666e+02	2.341196786459929058e+02	2.341775600172349527e+02	2.341989261581337018e+02	2.341805681740642058e+02	2.341351176591395244e+02	2.340719144763011741e+02	2.339656570673964211e+02	2.339426420310885533e+02	2.341131010243350374e+02	2.343288851743812984e+02	2.345248553852501914e+02	2.348290917066276791e+02	2.352114460277729791e+02	2.356311280424486938e+02	2.361736782124000342e+02	2.368492550546358189e+02	2.376779711620563376e+02	2.387635510106695733e+02	2.401857217860761580e+02	2.422072055823266794e+02	2.457481972684813343e+02	2.522905295098988745e+02	2.653728750818782487e+02	3.041718322210234646e+02	3.990688323336197527e+02	4.418733447758174862e+02	4.619296703279212011e+02	4.737600257714564123e+02	4.821146023456963121e+02	4.888389129987012893e+02	4.951123498896329238e+02	5.009368883897604974e+02	5.060509805252086153e+02	5.116149477605149514e+02	5.166005541947292841e+02	5.207479744748168287e+02	5.253653774130877991e+02	5.292558082450891561e+02	5.323114566042826254e+02	5.354836138222533464e+02	5.385379200799105774e+02	5.412092568498758283e+02	5.434532223625251390e+02	5.453821709795566903e+02	5.469397396702179321e+02	5.477801691719166683e+02	5.480200844481668128e+02	5.485390982119336059e+02	5.491806005306636962e+02	5.497732128015674107e+02	5.502613919271414034e+02	5.507340329717657141e+02	5.512072031025509204e+02	5.515339662333346951e+02	5.517653191106746817e+02	5.519671666514923345e+02
5.450963256294792245e+02	5.450434251657709410e+02	5.448921914619609197e+02	5.447018838940846308e+02	5.444017956604334358e+02	5.440280797109803643e+02	5.436994131566229953e+02	5.433544555850294273e+02	5.428938762026120912e+02	5.424328464584511948e+02	5.421130315943983078e+02	5.422730080817065073e+02	5.411207179458906467e+02	5.394878041488766485e+02	5.375679120752276958e+02	5.353278585703078534e+02	5.326800964949832178e+02	5.298982824859122047e+02	5.273799652637462714e+02	5.248011622906915363e+02	5.220907355521426325e+02	5.167958065736626168e+02	5.119694981075002715e+02	5.073879256609425852e+02	5.027032798864936467e+02	4.973759348308321933e+02	4.912159737120318823e+02	4.846736235649399305e+02	4.773992114490206404e+02	4.675437382921052745e+02	4.513288704053135802e+02	4.176601626104658180e+02	3.384371326264716799e+02	2.962984315405793154e+02	2.806961868319916675e+02	2.735719743105637463e+02	2.697281161653039590e+02	2.676720687815075621e+02	2.664595294789943409e+02	2.652989089920820334e+02	2.638346456208624886e+02	2.620466554093297873e+02	2.599665948438589567e+02	2.574795563390915731e+02	2.544890201056258547e+02	2.512152244498217044e+02	2.481980243485296569e+02	2.458513415730232623e+02	2.443246964662338314e+02	2.433528323643745352e+02	2.424213683882240673e+02	2.414181740347237337e+02	2.404085525613703567e+02	2.394592093295609061e+02	2.386135211589875667e+02	2.379088594235596190e+02	2.373469320428399101e+02	2.369240686999408183e+02	2.366052770557074041e+02	2.363595219080276308e+02	2.361764888243276630e+02	2.360448076585689137e+02	2.359570184681732599e+02	2.359092974419582447e+02	2.358990814954509574e+02	2.359145966734134845e+02	2.359472378286012031e+02	2.359918091749926816e+02	2.360445383538706210e+02	2.361011194603019590e+02	2.361710529085796679e+02	2.362241527010093023e+02	2.362715012609705525e+02	2.362901687064894531e+02	2.362715671319687090e+02	2.362145330420739811e+02	2.361327339930862763e+02	2.360392110201664195e+02	2.359166246709173151e+02	2.358752665379440714e+02	2.360201485704911306e+02	2.362109292379722376e+02	2.363922458431217137e+02	2.366574402533414627e+02	2.369767836349637946e+02	2.373232503480068374e+02	2.377724515291063767e+02	2.383293779264186014e+02	2.390099460174538706e+02	2.399019125862300825e+02	2.410616139510135838e+02	2.426750316135690468e+02	2.455334042883611403e+02	2.508912408458249672e+02	2.622648478673539216e+02	2.998954902141072125e+02	3.964964391688461660e+02	4.402954172344137191e+02	4.595987787300826994e+02	4.707835413451803106e+02	4.788078902870993261e+02	4.854796079202724854e+02	4.920393698499772199e+02	4.981339954196472490e+02	5.032364206403635194e+02	5.087278043429777767e+02	5.138436922211551519e+02	5.181474407280521746e+02	5.223633905750020858e+02	5.252837938081660241e+02	5.275231266058854089e+02	5.303524320484383452e+02	5.331945597118998421e+02	5.357070508803292341e+02	5.378450744545989437e+02	5.396829815813653113e+02	5.411577833368899064e+02	5.419396172058659431e+02	5.420695803770120165e+02	5.424397378382839179e+02	5.429201327131676180e+02	5.433578494212758869e+02	5.437030977233544036e+02	5.440541844912527267e+02	5.444350769996106010e+02	5.446922757924694452e+02	5.448652491046224213e+02	5.450292073506670931e+02
5.421632537132243215e+02	5.421340898126097727e+02	5.419717288314169537e+02	5.416144062217587134e+02	5.411535226674913019e+02	5.405635943833525516e+02	5.397761745596997116e+02	5.387922485847270764e+02	5.376986708867383413e+02	5.363848131235299661e+02	5.347010616809853900e+02	5.323955671445000917e+02	5.310324379459229931e+02	5.295578128743131856e+02	5.278021034913438143e+02	5.257932889001724561e+02	5.236010426582117816e+02	5.213395218767648203e+02	5.195779510092421560e+02	5.186215596742765683e+02	5.179450510018458544e+02	5.135258205691488911e+02	5.088691149588278222e+02	5.044823725276288542e+02	4.999111372670937499e+02	4.947021301752016598e+02	4.885857836924279809e+02	4.815218602457455859e+02	4.739032491781192107e+02	4.640874253982266282e+02	4.480913748016042746e+02	4.137826772728523110e+02	3.317449646942150139e+02	2.924014610009444368e+02	2.793253252721240187e+02	2.734459771561367916e+02	2.701600419956606629e+02	2.683353068216930524e+02	2.672015985405810170e+02	2.661249189068773831e+02	2.648292878129731207e+02	2.632845786998892095e+02	2.615199205342100868e+02	2.594681645768297358e+02	2.570183665113132747e+02	2.543188446473039335e+02	2.518220577563425593e+02	2.499110575497983575e+02	2.486800273573616096e+02	2.478373141724426887e+02	2.469770426352600055e+02	2.460606547833095306e+02	2.451596252132582663e+02	2.443338800936960524e+02	2.436196360832586265e+02	2.430392472568889559e+02	2.425817033020721567e+02	2.422360892460996524e+02	2.419681274036103673e+02	2.417545370503183335e+02	2.415870454028403742e+02	2.414573246995550448e+02	2.413591940185742999e+02	2.412892421490209358e+02	2.412465110565622410e+02	2.412224397962218632e+02	2.412109493170032124e+02	2.412079322574494427e+02	2.412096114095308508e+02	2.412099189467756446e+02	2.412186080924167584e+02	2.412116844472888033e+02	2.411987174520656367e+02	2.411607870438289183e+02	2.410935989874655831e+02	2.409987602842949741e+02	2.408880839822068083e+02	2.407774633715653749e+02	2.406571075999621030e+02	2.406040521457832142e+02	2.407075266368901794e+02	2.408524388277480739e+02	2.409855620971553378e+02	2.411681679056369489e+02	2.413883410788078834e+02	2.416313584571848594e+02	2.419498675637301517e+02	2.423455981898840150e+02	2.428317834503526171e+02	2.434745900059455721e+02	2.443211150734404669e+02	2.455206581249249780e+02	2.477318894431775789e+02	2.519593551572168053e+02	2.615916184220834566e+02	2.975026385518102643e+02	3.947353592449161965e+02	4.381876402830636152e+02	4.566987169874332722e+02	4.676727712953942273e+02	4.759368159324152430e+02	4.831069638240460336e+02	4.900223569102159900e+02	4.959388850729949354e+02	5.009022865081493592e+02	5.056426678038728824e+02	5.102106419525392766e+02	5.146267592387844161e+02	5.174591774372447617e+02	5.182509069242921669e+02	5.194764542655101422e+02	5.216869582083111254e+02	5.240251249034956800e+02	5.261742957024287080e+02	5.281230137977834147e+02	5.298109862107389745e+02	5.312350479180072398e+02	5.327728361717462349e+02	5.348041496593207285e+02	5.363889872124906333e+02	5.376399616431937147e+02	5.386928256063275740e+02	5.396129181337602176e+02	5.403923200750100477e+02	5.409750549570411522e+02	5.414814241934941492e+02	5.418928124626914951e+02	5.420918469578971326e+02
5.532594785517148921e+02	5.532208845010400182e+02	5.530218917934179217e+02	5.524489468832368857e+02	5.517588399180640408e+02	5.508730417947538172e+02	5.495341800829562544e+02	5.477755574783657266e+02	5.458244004589485030e+02	5.433313764011921876e+02	5.398271420212993235e+02	5.340804745896653003e+02	5.316501067834315108e+02	5.297651687378051975e+02	5.279117626159387555e+02	5.260730122883016975e+02	5.241763658053388326e+02	5.217957199738705185e+02	5.183775813118451197e+02	5.147315541847131044e+02	5.093901902957614993e+02	5.072830835520236406e+02	5.041262376870668049e+02	5.010849607700332058e+02	4.972791331467479949e+02	4.927221841492956855e+02	4.876309371684635607e+02	4.804387907533331372e+02	4.718137752798032238e+02	4.611953541412393633e+02	4.450017983035261295e+02	4.116750743696226778e+02	3.274003939761155380e+02	2.916427356518462375e+02	2.808147510551826826e+02	2.760702008683957160e+02	2.732414937259218277e+02	2.714863812225950142e+02	2.703084112633041514e+02	2.692396745815573809e+02	2.680341928588428573e+02	2.666367240302788559e+02	2.650720111969035884e+02	2.633177633208078987e+02	2.612993471442538862e+02	2.591284975663343175e+02	2.571479840627481508e+02	2.556388821591552301e+02	2.546322976919634016e+02	2.538890954130250748e+02	2.531558187652685774e+02	2.524119189464970532e+02	2.516908617557327830e+02	2.510292549397217385e+02	2.504506323726877781e+02	2.499681494907407568e+02	2.495701353210579896e+02	2.492474266037237385e+02	2.489748849708867624e+02	2.487394626433274993e+02	2.485371926722440037e+02	2.483626360932358352e+02	2.482115310120226184e+02	2.480817909667633216e+02	2.479738477196748931e+02	2.478820888275385528e+02	2.478025790594323041e+02	2.477312892687927217e+02	2.476643655124144061e+02	2.475961915942341136e+02	2.475339348155942787e+02	2.474627004605137870e+02	2.473901032323790901e+02	2.473025569337729621e+02	2.471988133829838716e+02	2.470835970390999989e+02	2.469653019014079405e+02	2.468543791437845130e+02	2.467459808034684556e+02	2.466855644450062357e+02	2.467306319176509533e+02	2.468064723644437208e+02	2.468701803574741120e+02	2.469613028416596592e+02	2.470816997425282011e+02	2.472216169474108938e+02	2.474126168043605389e+02	2.476560688638239469e+02	2.479606337758340828e+02	2.483777806677263982e+02	2.489431696598828978e+02	2.498063626232516867e+02	2.515154028815310880e+02	2.548397009981548536e+02	2.628692068037632907e+02	2.968227340441815159e+02	3.948159251566275998e+02	4.360348563466547489e+02	4.541739505712942560e+02	4.658908566664242699e+02	4.750844578068405326e+02	4.829794485591564808e+02	4.891504731410239515e+02	4.938855686995859742e+02	4.983402548800997920e+02	5.006818720897522326e+02	5.031112260761785251e+02	5.071095791828379333e+02	5.108352645261388716e+02	5.152985980260209544e+02	5.195284265757516096e+02	5.222413614377842350e+02	5.243381994954222591e+02	5.262222489487562598e+02	5.280833784010627596e+02	5.300086615978619875e+02	5.320710486305647464e+02	5.354818209315203603e+02	5.401326954703108640e+02	5.434155871845655383e+02	5.457425462892744008e+02	5.476485502360171722e+02	5.493237018696295308e+02	5.506150224092850749e+02	5.514636527767538610e+02	5.523135307427609177e+02	5.529586843175363811e+02	5.531856822715411681e+02
5.612265050575781515e+02	5.611213827986116485e+02	5.608605457867715813e+02	5.604646811511823898e+02	5.599109933036701250e+02	5.592003078502204971e+02	5.583506053403264104e+02	5.573171201545544591e+02	5.560546845848821249e+02	5.545822759775600161e+02	5.529033187406957950e+02	5.509903257462033253e+02	5.484297309780431533e+02	5.456800576998261931e+02	5.429979586760555321e+02	5.403375128622451484e+02	5.375180751426843244e+02	5.339892619189307652e+02	5.288380013830026201e+02	5.207692517824712013e+02	5.094292907446410936e+02	5.052657912860830720e+02	5.017154315343066173e+02	4.986695919789939353e+02	4.957647093909298519e+02	4.921163317715861467e+02	4.880544584586282326e+02	4.822136278545024197e+02	4.727924108849711047e+02	4.606659400963057465e+02	4.424877865440166715e+02	4.100427712407974923e+02	3.234366915282874970e+02	2.892120693565921101e+02	2.790339345974732623e+02	2.743130967244845806e+02	2.713228452899229524e+02	2.693613144036283984e+02	2.680272866402434602e+02	2.669016526551491779e+02	2.657034908212093569e+02	2.643345194491822099e+02	2.628012755553802435e+02	2.611140795081470287e+02	2.592862640739169251e+02	2.574300162709436108e+02	2.557702172475194402e+02	2.544666534171719263e+02	2.535499556598503546e+02	2.529057572458986272e+02	2.523692435409440691e+02	2.518666920788322727e+02	2.513774011028707207e+02	2.509062240167958180e+02	2.504582646841193423e+02	2.500431872750379512e+02	2.496622847414958812e+02	2.493180330720667826e+02	2.490029181650023133e+02	2.487107822160488126e+02	2.484433087523779591e+02	2.481975077225297923e+02	2.479710203991878643e+02	2.477626443627231083e+02	2.475731759266898848e+02	2.473998820737251378e+02	2.472411129934240819e+02	2.470937753238920891e+02	2.469548373327359627e+02	2.468238357079083016e+02	2.467007638826381708e+02	2.465800951054647783e+02	2.464648447795267998e+02	2.463484266192212431e+02	2.462290040815252610e+02	2.461079611989871978e+02	2.459873311737533186e+02	2.458726792898120266e+02	2.457624758307743775e+02	2.456852783414077805e+02	2.456681222583774229e+02	2.456783414357393553e+02	2.456890743372115935e+02	2.457303344235982081e+02	2.458105128320970039e+02	2.459218427456121390e+02	2.460869370700916932e+02	2.463149122362173671e+02	2.466217930607575965e+02	2.470641619886282001e+02	2.476990938843280219e+02	2.486652203259206999e+02	2.503915419835277874e+02	2.535071377278619593e+02	2.610294104211346848e+02	2.955006426662579315e+02	3.956659482073536083e+02	4.345188199333005628e+02	4.542425904777891787e+02	4.674530018453961020e+02	4.774012732698960235e+02	4.851207237642345262e+02	4.895266554148914793e+02	4.931144067980947625e+02	4.964834588244808629e+02	5.005083386668162575e+02	5.043055487279272029e+02	5.068438509756922485e+02	5.140387614937420722e+02	5.244720869483234083e+02	5.309924449392946144e+02	5.350328322292217536e+02	5.381138804698935019e+02	5.408652059312038318e+02	5.435411953295308649e+02	5.463391214675217498e+02	5.490751361300829103e+02	5.515368633338277959e+02	5.534654689265535126e+02	5.551303509214030782e+02	5.565516877863962009e+02	5.577358987054565205e+02	5.586964352069351207e+02	5.594827431374619664e+02	5.601269477951730096e+02	5.606123470104846547e+02	5.609475751164318353e+02	5.611643421734497679e+02
5.612251760686378930e+02	5.610434681973243869e+02	5.606649389245665134e+02	5.604743422348738022e+02	5.600665653298368625e+02	5.595319120883898449e+02	5.592575119034967202e+02	5.591477842734585693e+02	5.588613148018298489e+02	5.589526734246145452e+02	5.601344634702224994e+02	5.646476280088081694e+02	5.629008885980081232e+02	5.594649264179452075e+02	5.555993269129467080e+02	5.512791777621898746e+02	5.463699871083763355e+02	5.414214562733512821e+02	5.373292943648555138e+02	5.323618975757035514e+02	5.279381364944840698e+02	5.189272911829152690e+02	5.123885002452705066e+02	5.066589607658282830e+02	5.018893930239323140e+02	4.973636430094563821e+02	4.924062403748293946e+02	4.867207740442202066e+02	4.780969777219826256e+02	4.662336345511808986e+02	4.467308141057393414e+02	4.108381733284980442e+02	3.176859207092970792e+02	2.778818379408558030e+02	2.655616121667439984e+02	2.601436185454458609e+02	2.569077953140539421e+02	2.548493411145161076e+02	2.534964633730835999e+02	2.524026310594079519e+02	2.512524878683973384e+02	2.499278837252213066e+02	2.484255670292790228e+02	2.467700060841730476e+02	2.450271631140654449e+02	2.433043361017889197e+02	2.417438121912308304e+02	2.404403538317190510e+02	2.394608563609214116e+02	2.387944367840331665e+02	2.383114167759775341e+02	2.379024759354714433e+02	2.375159699024984548e+02	2.371303805200830368e+02	2.367340228509584108e+02	2.363344247688320365e+02	2.359426102746057836e+02	2.355695676235185942e+02	2.352198165377094483e+02	2.348887093206712393e+02	2.345804096044234370e+02	2.342937258517874852e+02	2.340279208406973055e+02	2.337825480294891918e+02	2.335593068967659747e+02	2.333558996132481980e+02	2.331714863848613390e+02	2.330037886104299787e+02	2.328503187003609582e+02	2.327137924897895687e+02	2.325900674420228711e+02	2.324761104736799098e+02	2.323726204953257479e+02	2.322753778164034770e+02	2.321805904123935989e+02	2.320857850256540189e+02	2.319891001149559884e+02	2.318974951540297980e+02	2.318103973542230278e+02	2.317509636934348691e+02	2.317401191083476704e+02	2.317527323637727363e+02	2.317664377315234674e+02	2.318203516724585711e+02	2.319256007502362138e+02	2.320700601326137757e+02	2.322792659698247348e+02	2.325719284381664238e+02	2.329712398658803636e+02	2.335426228582486203e+02	2.343765952754605166e+02	2.357301529408181295e+02	2.381640172010637002e+02	2.426049133247143743e+02	2.529957911335617382e+02	2.936394931513749498e+02	3.993842686956776333e+02	4.402294546502025696e+02	4.610492888608206954e+02	4.737507444172989608e+02	4.828190663821010276e+02	4.896907265290794840e+02	4.946296642207042851e+02	4.992754293369489460e+02	5.035385417833080055e+02	5.111548609857326824e+02	5.186066509334369812e+02	5.232675067140974079e+02	5.302658213543319334e+02	5.356118598756096389e+02	5.388525852815553208e+02	5.436911441481956899e+02	5.487476489421117094e+02	5.533875216146450384e+02	5.575223096281382595e+02	5.613064598892742652e+02	5.642269168624920894e+02	5.639747689338271357e+02	5.613492636688890798e+02	5.603597755228023516e+02	5.603636421896842421e+02	5.604634487995069776e+02	5.604069294494610176e+02	5.605658512567842990e+02	5.609784477807672829e+02	5.609325636625828793e+02	5.609226078197244760e+02	5.611741602405268168e+02
